# key	word id	spelling	source
bAn	0	ban	pronunciation
bAn	1612	ban	pronunciation
bAn	1612	bann	spelling
bAn	2918	ban	pronunciation
bAn	2918	bann	spelling
kA	1	ka	pronunciation
kA	1	kar	spelling
kA	40	ka	spelling
kA	189	ka	spelling
kA	675	ka	pronunciation
kA	1121	kha	spelling
kA	1501	ka	pronunciation
kA	2007	kah	pronunciation
kA	2007	kas	spelling
kA	2266	kar	spelling
kA	2987	kha	pronunciation
nEN	2	neng	pronunciation
nEN	2	ning	spelling
nEN	13	neng	pronunciation
nEN	13	nueng	spelling
nEN	13	noeng	ungegn
nEN	561	neng	pronunciation
dEl	3	dael	pronunciation
dEl	3	del	ungegn
knON	4	knong	pronunciation
knON	1048	knong	pronunciation
mJn	5	mean	pronunciation
nOv	6	nov	pronunciation
nOv	65	nov	pronunciation
nOv	65	nuv	spelling
nO	6	nou	ungegn
nO	31	nuh	pronunciation
nO	31	nuoh	spelling
nO	347	nor	pronunciation
nO	347	no	spelling
nO	1240	nor	pronunciation
nO	1821	noh	pronunciation
nO	1821	naoh	spelling
nO	2423	nu	pronunciation
nO	2810	nou	pronunciation
nO	2810	no	ungegn
nO	31	nus	curated
rObO	7	roboh	pronunciation
rObO	486	robuoh	pronunciation
rObO	486	robuos	spelling
rObO	1742	robor	pronunciation
rObA	7	robas	spelling
rObA	1742	robar	spelling
nJk	8	neak	pronunciation
nJk	72	neak	pronunciation
nJk	2398	neak	pronunciation
nAk	8	nak	spelling
nE	9	nih	pronunciation
nE	9	neh	spelling
nE	996	ni	pronunciation
nE	9	nis	curated
cJ	10	chea	pronunciation
cJ	2149	cheah	pronunciation
cJ	2935	chieh	pronunciation
cJ	2935	chies	spelling
tA	11	tha	pronunciation
tA	356	ta	spelling
tA	1119	ta	pronunciation
tA	2371	tha	spelling
lOk	12	louk	pronunciation
lOk	216	luok	pronunciation
lOk	216	lok	spelling
dOy	14	daoy	pronunciation
pE	15	pi	pronunciation
pE	150	pi	pronunciation
pE	150	pir	spelling
pE	1932	phi	pronunciation
pE	2992	phe	pronunciation
tOv	16	tov	pronunciation
tO	16	tou	ungegn
tO	356	tor	pronunciation
tO	1066	touh	pronunciation
tO	1066	tous	spelling
tO	1115	tuoh	pronunciation
tO	1137	tor	pronunciation
tO	1137	to	spelling
tO	1231	to	spelling
tO	1350	thor	pronunciation
tO	1350	tho	spelling
tO	1721	tou	pronunciation
tO	1735	tuo	pronunciation
tO	2022	tu	pronunciation
tO	2236	tu	pronunciation
tO	2236	tur	spelling
tO	2342	tou	pronunciation
tO	2342	to	ungegn
tO	2362	toh	pronunciation
tO	2362	taoh	spelling
tO	2371	thor	pronunciation
tO	2538	tao	pronunciation
hEy	17	haeuy	pronunciation
hEy	17	hery	curated
mEn	18	men	pronunciation
mEn	18	min	spelling
mEn	515	meun	pronunciation
mEn	515	moen	ungegn
mEn	665	maen	pronunciation
mEn	665	men	ungegn
mEn	1650	min	pronunciation
mEn	2584	maen	pronunciation
mEn	2584	men	ungegn
mEn	18	min	curated
nEy	19	ney	pronunciation
nEy	543	ney	pronunciation
cnAm	20	chnam	pronunciation
cnAm	20	chhnam	spelling
Ac	21	ach	pronunciation
mOy	22	muoy	pronunciation
dEmbEy	23	daeumbey	pronunciation
dEmbEy	23	daeumbei	spelling
tvE	24	tveu	pronunciation
tvE	24	thveu	spelling
tvE	1805	tve	pronunciation
tNAy	25	tngay	pronunciation
tNAy	25	thngai	spelling
mOk	26	mok	pronunciation
mOk	105	muk	pronunciation
mOk	105	mukh	spelling
mOk	2722	muok	pronunciation
tE	27	ti	pronunciation
tE	54	te	pronunciation
tE	76	tae	pronunciation
tE	76	te	ungegn
tE	159	taeu	pronunciation
tE	897	teh	pronunciation
tE	1427	teh	pronunciation
tE	1427	tis	spelling
tE	1568	thi	pronunciation
tE	1654	te	pronunciation
tE	2780	teh	pronunciation
tE	2780	tes	spelling
tE	2937	thae	pronunciation
tE	2937	the	ungegn
tE	54	te	curated
lE	28	leu	pronunciation
lE	436	leuh	pronunciation
lE	436	leus	spelling
lE	772	li	pronunciation
lE	1472	leu	pronunciation
lE	1472	lueu	spelling
lE	1472	loe	ungegn
lE	2345	leu	pronunciation
lE	2345	lueu	spelling
lE	2345	loe	ungegn
lE	2563	le	pronunciation
dOl	29	dol	pronunciation
dOl	1761	duol	pronunciation
dAl	29	dal	spelling
yEN	30	yeung	pronunciation
nQ	31	noah	ungegn
prOtE	32	proteh	pronunciation
prAtE	32	prates	spelling
kE	33	keu	pronunciation
kE	33	kueu	spelling
kE	33	koe	ungegn
kE	42	khae	pronunciation
kE	42	khe	ungegn
kE	50	ke	pronunciation
kE	1389	kae	pronunciation
kE	1389	ke	ungegn
kE	1596	ki	pronunciation
kE	2502	keh	pronunciation
kE	2502	kes	spelling
kE	2863	khe	pronunciation
Oy	34	aoy	pronunciation
Oy	147	aoy	pronunciation
Oy	34	oy	curated
Oy	34	aoy	curated
O	34	ao	spelling
O	223	oh	pronunciation
O	686	or	pronunciation
O	1223	ou	pronunciation
O	1223	o	ungegn
O	1267	ao	pronunciation
O	1267	o	spelling
O	2055	ao	pronunciation
O	2231	ouh	pronunciation
O	2231	ous	spelling
O	2231	os	ungegn
O	2462	ou	pronunciation
O	2462	our	spelling
O	2462	or	ungegn
O	2760	u	pronunciation
O	2890	au	spelling
sOmrAp	35	somrap	pronunciation
sOmrAp	1109	somrap	pronunciation
sAmrQb	35	samroab	spelling
sAmrQb	1109	samroab	spelling
tAm	36	tam	pronunciation
kAmpOcJ	37	kampuchea	pronunciation
vJ	38	vea	pronunciation
trEvbAn	39	trevban	pronunciation
trOvbAn	39	trouvban	spelling
trOvbAn	39	trovban	ungegn
kO	40	kor	pronunciation
kO	186	kuo	pronunciation
kO	186	kuor	spelling
kO	189	kor	pronunciation
kO	211	kou	pronunciation
kO	211	ko	ungegn
kO	360	khoh	pronunciation
kO	360	khos	spelling
kO	575	kor	pronunciation
kO	575	ko	spelling
kO	775	ku	pronunciation
kO	937	koh	pronunciation
kO	937	kaoh	spelling
kO	1121	khor	pronunciation
kO	1615	kou	pronunciation
kO	1840	khao	pronunciation
kO	2187	ku	pronunciation
kO	2187	kur	spelling
kO	2266	kor	pronunciation
kO	2857	kor	spelling
pEl	41	pel	pronunciation
pEl	2883	paeul	pronunciation
pEl	2883	phaeul	spelling
trEv	43	trev	pronunciation
trOv	43	trouv	spelling
trOv	43	trov	ungegn
kAN	44	khang	pronunciation
kAN	842	kang	spelling
kAN	1446	kang	spelling
rE	45	reu	pronunciation
rE	45	rueu	spelling
rE	45	roe	ungegn
rE	1452	rae	pronunciation
rE	1452	re	ungegn
rE	1478	ri	pronunciation
rE	2006	reuh	pronunciation
rE	2006	reus	spelling
rE	2777	re	pronunciation
rE	2792	re	pronunciation
rE	2792	rue	spelling
rE	2792	roe	ungegn
rE	2950	reu	pronunciation
kYOm	46	knhom	pronunciation
kYOm	46	khnhom	spelling
tJt	47	tiet	pronunciation
tJt	1129	theat	pronunciation
klOn	48	kluon	pronunciation
klOn	48	khluon	spelling
kEt	49	khaet	pronunciation
kEt	49	khett	spelling
kEt	60	ket	pronunciation
kEt	60	kit	spelling
kEt	114	kaeut	pronunciation
kEt	1040	khet	pronunciation
lEN	51	laeung	pronunciation
lEN	106	leng	pronunciation
lEN	1030	laeng	pronunciation
lEN	1030	leng	ungegn
lEN	2100	leung	pronunciation
lEN	2100	loeang	spelling
lEN	2208	leng	pronunciation
lEN	2765	leng	pronunciation
cJmOy	52	cheamuoy	pronunciation
tOtOl	53	totuol	pronunciation
knJ	55	knea	pronunciation
prJ	56	preah	pronunciation
dO	57	dor	pronunciation
dO	201	dor	pronunciation
dO	1561	doh	pronunciation
dO	1561	daoh	spelling
dO	1808	douh	pronunciation
dO	1808	dous	spelling
dO	1808	dos	ungegn
dO	2085	doh	pronunciation
dO	2706	doh	pronunciation
dO	2706	dos	spelling
dO	2905	dou	pronunciation
dO	2905	dour	spelling
dO	2905	dor	ungegn
dA	57	da	spelling
dA	201	da	spelling
dA	1705	da	pronunciation
krOm	58	krom	pronunciation
krOm	130	kraom	pronunciation
dElmJn	59	daelmean	pronunciation
dElmJn	59	delmean	ungegn
pJp	61	pheap	pronunciation
pOkE	62	puoke	pronunciation
pOkE	62	puokke	spelling
pOkE	1682	pukae	pronunciation
pOkE	1682	puke	ungegn
yAN	63	yang	pronunciation
mOnO	64	monus	pronunciation
mOnOs	64	monuss	spelling
tJN	66	teang	pronunciation
cOmnOn	67	chomnuon	pronunciation
cOmnOn	1270	chumnun	pronunciation
cOmnOn	1270	chumnon	spelling
cAmnOn	67	chamnuon	spelling
lO	68	lor	pronunciation
lO	418	lor	pronunciation
lO	418	lo	spelling
lO	1222	luh	pronunciation
lO	1946	lu	pronunciation
lO	2283	lou	pronunciation
lO	2283	lo	ungegn
lO	2831	lor	pronunciation
lA	68	la	spelling
lA	1948	la	pronunciation
lA	2831	la	spelling
tmEy	69	tmey	pronunciation
tmEy	69	thmei	spelling
yOk	70	yok	pronunciation
cJt	71	cheat	pronunciation
cJtE	71	cheate	spelling
cJtE	1260	cheati	pronunciation
kQt	73	koat	pronunciation
kQt	542	khoat	pronunciation
mOn	74	mun	pronunciation
pdOl	75	pdol	pronunciation
pdOl	2677	pduol	pronunciation
pdOl	2677	phduol	spelling
pdAl	75	phdal	spelling
kEcJ	77	keuchea	pronunciation
kEcJ	77	kueuchea	spelling
kEcJ	77	koechea	ungegn
pOntE	78	pontae	pronunciation
pOndE	78	pondae	spelling
pOndE	78	ponde	ungegn
tlAy	79	tlay	pronunciation
tlAy	79	thlai	spelling
kAlpE	80	kalpi	pronunciation
dAk	81	dak	pronunciation
dAk	626	dak	spelling
cEY	82	chenh	pronunciation
mnJk	83	mneak	pronunciation
vEy	84	vey	pronunciation
vEy	84	vei	spelling
vEy	696	vey	pronunciation
Et	85	et	pronunciation
Et	2611	et	pronunciation
cmO	86	chmuoh	pronunciation
cmO	86	chhmuoh	spelling
cmQ	86	chhmoah	ungegn
krOmhOn	87	kromhun	pronunciation
kOmpON	88	kompung	pronunciation
kOmpON	2667	kompong	pronunciation
kAmpON	88	kampung	spelling
kAmpON	2667	kampong	spelling
cOy	89	chuoy	pronunciation
crEn	90	chraeun	pronunciation
pQrAmJn	91	poaramean	pronunciation
pQtmJn	91	poartmean	spelling
dE	92	dae	pronunciation
dE	92	daer	spelling
dE	92	der	ungegn
dE	395	daeu	pronunciation
dE	395	daeur	spelling
dE	1348	di	pronunciation
dE	2060	de	pronunciation
cJcrEn	93	cheachraeun	pronunciation
pONdE	94	phongdae	pronunciation
pANdE	94	phangdaer	spelling
pANdE	94	phangder	ungegn
bE	95	baeu	pronunciation
bE	2062	bi	pronunciation
bE	2442	be	pronunciation
bE	2698	bae	pronunciation
bE	2698	baer	spelling
bE	2698	ber	ungegn
nEyJy	96	niyeay	pronunciation
kANJ	97	kangea	pronunciation
kANJ	97	karngear	spelling
cOn	98	chun	pronunciation
cOn	98	chon	spelling
cOn	174	chun	pronunciation
cOn	2653	chuon	pronunciation
cJN	99	cheang	pronunciation
cOmpO	100	chompuoh	pronunciation
cAmpO	100	champuoh	spelling
cAmpQ	100	champoah	ungegn
cO	101	choh	pronunciation
cO	640	chor	pronunciation
cO	847	chor	pronunciation
cO	847	cho	spelling
cO	871	chhor	pronunciation
cO	1092	chou	pronunciation
cO	1092	chour	spelling
cO	1092	chor	ungegn
cO	1321	chuo	pronunciation
cO	1321	chuor	spelling
cO	1744	chao	pronunciation
cO	1744	chaor	spelling
cO	1900	chau	spelling
cO	2686	chou	pronunciation
cO	2686	cho	ungegn
pOlrQt	102	pulroat	pronunciation
pOlrOdt	102	polrodth	spelling
bOntO	103	bontor	pronunciation
bAnt	103	bant	spelling
prAk	104	prak	pronunciation
plEv	107	plev	pronunciation
plOv	107	phlouv	spelling
plOv	107	phlov	ungegn
nOvpEl	108	novpel	pronunciation
nOpEl	108	noupel	ungegn
tJNO	109	teangoh	pronunciation
tJNA	109	teangas	spelling
psEN	110	pseng	pronunciation
psEN	110	phseng	spelling
bOmpOt	111	bomphot	pronunciation
bAmpOt	111	bamphot	spelling
bONhAY	112	bonghanh	pronunciation
bANhAY	112	banghanh	spelling
cOl	113	choul	pronunciation
cOl	113	chol	ungegn
cOl	612	chaol	pronunciation
cOl	1015	chuol	pronunciation
cOl	2697	chul	pronunciation
cOl	2697	chol	spelling
tvEkA	115	tveuka	pronunciation
tvEkA	115	thveukar	spelling
krOsON	116	krosuong	pronunciation
krAsON	116	krasuong	spelling
pAYhA	117	panhha	pronunciation
bAYhA	117	banhha	spelling
sOm	118	soum	pronunciation
sOm	118	som	ungegn
sOm	547	som	pronunciation
sOm	578	som	pronunciation
sOm	1677	som	pronunciation
tEk	119	tek	pronunciation
tEk	119	tuek	spelling
tEk	119	toek	ungegn
cOlrOm	120	choulruom	pronunciation
cOlrOm	120	cholruom	ungegn
bOntEm	121	bonthaem	pronunciation
bAntEm	121	banthaem	spelling
bAntEm	121	banthem	ungegn
rEN	122	reung	pronunciation
rEN	122	roeang	spelling
rEN	1221	reng	pronunciation
rEN	1221	rueng	spelling
rEN	1221	roeng	ungegn
OmpE	123	ompi	pronunciation
OmpE	519	ompeu	pronunciation
AmpE	123	ampi	spelling
AmpE	519	ampeu	spelling
cOmNE	124	chumngeu	pronunciation
cOmNE	124	chumngueu	spelling
cOmNE	124	chumngoe	ungegn
cOmNE	1371	chumngeu	pronunciation
cOmNE	1371	chomngueu	spelling
cOmNE	1371	chomngoe	ungegn
cEn	125	chen	pronunciation
nJN	126	neang	pronunciation
prE	127	praeu	pronunciation
prE	848	prae	pronunciation
prE	848	pre	ungegn
cON	128	chong	pronunciation
cON	587	chong	pronunciation
cON	1602	chong	pronunciation
cON	128	chong	curated
cAN	128	chang	spelling
cAN	1602	chang	spelling
dOmbOn	129	dombon	pronunciation
tAmbAn	129	tamban	spelling
prEprA	131	praeuprah	pronunciation
prEprA	131	praeupras	spelling
kOn	132	koun	pronunciation
kOn	132	kon	ungegn
kOn	1209	kun	pronunciation
kOn	2020	kun	pronunciation
kOn	2088	kun	pronunciation
kOn	2088	kon	spelling
kOn	2873	kon	pronunciation
kOn	2913	khon	pronunciation
nOvlE	133	novleu	pronunciation
nOlE	133	nouleu	ungegn
krOy	134	kraoy	pronunciation
AmErEk	135	amerik	pronunciation
krOp	136	krup	pronunciation
krOb	136	krob	spelling
prOcJ	137	prochea	pronunciation
prAcJ	137	prachea	spelling
tOm	138	thum	pronunciation
tOm	1694	thorm	spelling
tOm	2115	tum	pronunciation
bAYcJk	139	banhcheak	pronunciation
lEk	140	leuk	pronunciation
lEk	198	lek	pronunciation
lEk	198	lekh	spelling
kmJn	141	kmean	pronunciation
cbAp	142	chbap	pronunciation
cbAb	142	chbab	spelling
klAN	143	klang	pronunciation
klAN	143	khlang	spelling
kmE	144	kmae	pronunciation
kmE	144	khmaer	spelling
kmE	144	khmer	ungegn
vEY	145	venh	pronunciation
vEY	145	vinh	spelling
kAmvEtE	146	kamvithi	pronunciation
kAmOvEtE	146	kammovithi	spelling
rO	148	ror	pronunciation
rO	148	ro	spelling
rO	1122	ruoh	pronunciation
rO	1122	ros	spelling
rO	1858	rou	pronunciation
rO	1858	ro	ungegn
rO	2739	ru	pronunciation
kAn	149	kan	pronunciation
kAn	365	khan	pronunciation
kAn	1481	khan	pronunciation
pnEk	151	pnaek	pronunciation
pnEk	151	phnaek	spelling
pnEk	151	phnek	ungegn
pnEk	655	pnaek	pronunciation
pnEk	655	phnaek	spelling
pnEk	655	phnek	ungegn
kEY	152	kheunh	pronunciation
sO	153	sor	pronunciation
sO	549	suo	pronunciation
sO	549	suor	spelling
sO	987	soh	pronunciation
sO	987	saoh	spelling
sO	1506	sau	spelling
sO	1506	saur	ungegn
sO	1998	su	pronunciation
sO	2136	sao	pronunciation
sO	2275	sou	pronunciation
sO	2275	so	ungegn
sO	2381	sor	pronunciation
sO	2542	sau	spelling
sA	153	sa	spelling
sA	558	sa	pronunciation
sA	558	sar	spelling
sA	980	sa	pronunciation
sA	1570	sah	spelling
sA	2381	sar	spelling
sA	2837	sah	pronunciation
srOk	154	srok	pronunciation
srOk	2671	srok	pronunciation
dOcJ	155	douchea	pronunciation
dOcJ	155	douchchea	spelling
dOcJ	155	dochchea	ungegn
dENtA	156	dengtha	pronunciation
dENtA	156	doengtha	spelling
kApJ	157	kapea	pronunciation
kApJ	157	karpear	spelling
kOnlEN	158	konlaeng	pronunciation
kAnlEN	158	kanlaeng	spelling
kAnlEN	158	kanleng	ungegn
lEy	160	laeuy	pronunciation
lEy	2733	ley	pronunciation
lEy	2733	lei	spelling
nOhtE	161	nuohte	pronunciation
nQhtE	161	noahte	ungegn
rOp	162	rup	pronunciation
rOb	162	rub	spelling
nA	163	na	pronunciation
nA	230	nah	pronunciation
nA	230	nas	spelling
nA	1240	na	spelling
mOycOmnOn	164	muoychomnuon	pronunciation
mOycAmnOn	164	muoychamnuon	spelling
dEN	165	deng	pronunciation
dEN	165	doeng	spelling
bEk	166	baeuk	pronunciation
bEk	1300	baek	pronunciation
bEk	1300	bek	ungegn
kAntE	167	kantae	pronunciation
kAntE	167	kante	ungegn
cEvEt	168	chivet	pronunciation
cEvEt	168	chivit	spelling
bONkEt	169	bongkaeut	pronunciation
bANkEt	169	bangkaeut	spelling
cJmOynEN	170	cheamuoyneng	pronunciation
cJmOynEN	170	cheamuoynueng	spelling
cJmOynEN	170	cheamuoynoeng	ungegn
ptJ	171	pteah	pronunciation
ptJ	171	phteah	spelling
rOyJpEl	172	royeapel	pronunciation
rOyJkpEl	172	royeakpel	spelling
rOtyOn	173	rutyun	pronunciation
rOtyOnt	173	rothyont	spelling
dOcnE	175	douchneh	pronunciation
dOcnE	175	dochneh	ungegn
dOcnE	1134	douchneh	pronunciation
dOcnE	1134	dochneh	ungegn
kEm	176	gem	pronunciation
kEm	1388	kem	pronunciation
kEm	1388	koem	spelling
kEm	1740	kim	pronunciation
kEm	2199	kem	pronunciation
kEm	2199	kuem	spelling
kEm	2199	koem	ungegn
kEm	2392	khem	pronunciation
kEm	2755	kaem	pronunciation
kEm	2755	kem	ungegn
hkEm	176	hkem	spelling
sAckdEy	177	sachkdey	pronunciation
sEckdEy	177	sechkdei	spelling
sOmdAc	178	somdach	pronunciation
sAmdEc	178	samdech	spelling
pEpOp	179	piphup	pronunciation
pEpOp	179	piphop	spelling
bOntQpE	180	bontoapi	pronunciation
bAntQbpE	180	bantoabpi	spelling
kObAn	181	korban	pronunciation
kAbAn	181	kaban	spelling
prOkOt	182	prokuot	pronunciation
prAkOt	182	prakuot	spelling
prAkOt	1005	prakot	pronunciation
rJpcOm	183	riepchom	pronunciation
rJbcAm	183	riebcham	spelling
pOm	184	phum	pronunciation
pOm	693	pum	pronunciation
pOmE	184	phumi	spelling
mEl	185	meul	pronunciation
sOmkAn	187	somkhan	pronunciation
sAmkAn	187	samkhan	spelling
kQmtrO	188	koamtror	pronunciation
kQmtrO	188	koamtro	spelling
dOmlAy	190	domlay	pronunciation
dOmlAy	2481	domlay	pronunciation
tAmlEy	190	tamley	spelling
tAmlEy	2481	tamley	spelling
krON	191	krong	pronunciation
krON	1085	kroung	pronunciation
krON	2692	krong	pronunciation
tvEOAOy	192	tveuaoy	pronunciation
tvEOAO	192	thveuao	spelling
prO	193	pruoh	pronunciation
prO	257	proh	pronunciation
prO	257	pros	spelling
prQ	193	proah	ungegn
dOc	194	douch	pronunciation
dOc	194	doch	ungegn
prOsEnbE	195	prosenbaeu	pronunciation
prAsEnbE	195	prasenbaeu	spelling
mON	196	maong	pronunciation
mON	2982	mong	pronunciation
mOntrEy	197	muntrey	pronunciation
mOntrEy	197	montrei	spelling
tEkrON	199	tikrong	pronunciation
prOpQn	200	propoan	pronunciation
prApQnt	200	prapoanth	spelling
vE	202	vi	pronunciation
vE	2600	ve	pronunciation
kpO	203	kpuoh	pronunciation
kpO	203	khpos	spelling
dOmnE	204	domnaeu	pronunciation
dAmnE	204	damnaeur	spelling
pnQl	205	pnoal	pronunciation
pnQl	205	phnoal	spelling
kOm	206	khum	pronunciation
kOm	283	kom	pronunciation
kOm	2076	khom	pronunciation
kOm	2241	kom	pronunciation
kOm	2536	kom	pronunciation
kOm	283	kom	curated
pnOmpEY	207	pnumpenh	pronunciation
pnOmpEY	207	phnumpenh	spelling
prOpEt	208	prophet	pronunciation
prApEt	208	praphet	spelling
prOtJn	209	prothean	pronunciation
prOtJn	2797	protean	pronunciation
prAtJn	209	prathean	spelling
prAtJn	2797	pratean	spelling
rOk	210	rok	pronunciation
rOk	2050	rouk	pronunciation
kArAnEy	212	karaney	pronunciation
kAnEy	212	karnei	spelling
tEp	213	teup	pronunciation
tEp	2528	tep	pronunciation
tEb	213	teub	spelling
sONkOm	214	songkum	pronunciation
sANkOm	214	sangkom	spelling
krEN	215	kreung	pronunciation
krEN	215	kroeang	spelling
krEN	2997	kraeng	pronunciation
krEN	2997	kreng	ungegn
tAmrOyJ	217	tamroryea	pronunciation
tAmOyJk	217	tamoryeak	spelling
tAmOyJ	217	tamoryea	ungegn
dOlA	218	dola	pronunciation
dOlJ	218	dollear	spelling
OntArAcJt	219	ontaracheat	pronunciation
AntAcJtE	219	antarcheate	spelling
mcA	220	mchah	pronunciation
mcA	220	mchas	spelling
dEknQm	221	deknoam	pronunciation
dEknQm	221	doeknoam	spelling
cApdEm	222	chapdaeum	pronunciation
cAbpdEm	222	chabphdaeum	spelling
A	223	as	spelling
A	429	a	pronunciation
A	686	a	spelling
A	2321	a	pronunciation
A	2321	ar	spelling
kAsEnO	224	kasinou	pronunciation
kAsEnO	224	kasino	ungegn
rQtApEbAl	225	roatthaphibal	pronunciation
rOdtApEbAl	225	rodthaphibal	spelling
rONkrO	226	rongkruoh	pronunciation
rONkrQ	226	rongkroah	ungegn
AyO	227	ayu	pronunciation
lJn	228	lean	pronunciation
cOmnJY	229	chumneanh	pronunciation
sOkApJp	231	sokhapheap	pronunciation
sOkpJp	231	sokhpheap	spelling
nQm	232	noam	pronunciation
sEn	233	saen	pronunciation
sEn	233	sen	ungegn
sEn	1061	sen	pronunciation
sEn	2880	sen	pronunciation
sEn	2880	sin	spelling
kEc	234	kech	pronunciation
kEc	234	kechch	spelling
kEc	1509	kech	pronunciation
prOcJcOn	235	procheachun	pronunciation
prAcJcOn	235	pracheachon	spelling
kAnA	236	khana	pronunciation
kAnAk	236	khanak	spelling
hOn	237	hun	pronunciation
cOp	238	chuop	pronunciation
cOp	913	chhup	pronunciation
cOp	1282	chop	pronunciation
cOb	238	chuob	spelling
cOb	913	chhob	spelling
cEN	239	cheung	pronunciation
cEN	1420	cheng	pronunciation
cEN	1420	chhoeng	spelling
cEN	1919	chaeng	pronunciation
cEN	1919	cheng	ungegn
cEN	2042	cheng	pronunciation
cEN	2042	choeng	spelling
strEy	240	strey	pronunciation
strEy	240	strei	spelling
rOhnOv	241	ruohnov	pronunciation
rOsnOv	241	rosnov	spelling
rOsnO	241	rosnou	ungegn
krOpkrON	242	krupkrong	pronunciation
krObkrON	242	krobkrong	spelling
tEY	243	tenh	pronunciation
tEY	243	tinh	spelling
pEt	244	pet	pronunciation
pEt	244	pit	spelling
pEt	562	phet	pronunciation
pEt	1114	paet	pronunciation
prOkA	245	prokah	pronunciation
prOkA	2193	proka	pronunciation
prAkA	245	prakas	spelling
prAkA	2193	prakar	spelling
kJnApA	246	keanapa	pronunciation
kOnbAks	246	konbaks	spelling
prAp	247	prap	pronunciation
prAb	247	prab	spelling
prAb	1441	praab	spelling
dEy	248	dey	pronunciation
dEy	248	dei	spelling
nOyObAy	249	noryoubay	pronunciation
nOyObAy	249	noyoubay	spelling
EktOtdOm	250	aektutdom	pronunciation
EkOtdAm	250	aekotdam	spelling
EkOtdAm	250	ekotdam	ungegn
klA	251	klah	pronunciation
klA	251	khlah	spelling
klA	2702	kla	pronunciation
klA	2702	khla	spelling
dOysA	252	daoysa	pronunciation
dOysA	252	daoysar	spelling
ONkA	253	ongka	pronunciation
ANkOkA	253	angkokar	spelling
dOmbON	254	domboung	pronunciation
dAmbON	254	damboung	spelling
dAmbON	254	dambong	ungegn
tnAk	255	tnak	pronunciation
tnAk	255	thnak	spelling
prOcAN	256	prochhang	pronunciation
prAcAN	256	prachhang	spelling
OnlAY	258	onlanh	pronunciation
AnlAY	258	anlanh	spelling
dOmnEkA	259	domnaeuka	pronunciation
dAmnEkA	259	damnaeurkar	spelling
prOpOp	260	prophup	pronunciation
prApOp	260	praphop	spelling
vEsAy	261	visay	pronunciation
vEsAy	261	visai	spelling
cEt	262	chet	pronunciation
cEt	262	chett	spelling
cEt	337	chet	pronunciation
cEt	337	chit	spelling
bOrO	263	boroh	pronunciation
bOrO	263	boros	spelling
srEy	264	srey	pronunciation
srEy	264	srei	spelling
dArA	265	dara	pronunciation
tArJ	265	tarea	spelling
kAt	266	kat	pronunciation
kAt	1572	kat	pronunciation
kAt	2597	khat	pronunciation
sOmrAc	267	somrach	pronunciation
sOmrAc	2409	somrach	pronunciation
sAmrEc	267	samrech	spelling
sAmrEc	2409	samrech	spelling
sAmAtAkEc	268	samatthakech	pronunciation
sAmtAkEc	268	samtthakechch	spelling
bO	269	bor	pronunciation
bO	1251	boh	pronunciation
bO	1251	baoh	spelling
bO	2185	bou	pronunciation
bO	2185	bo	ungegn
bO	2991	buoh	pronunciation
bO	2991	buos	spelling
bA	269	ba	spelling
bA	489	ba	pronunciation
cnJ	270	chneah	pronunciation
cnJ	270	chhneah	spelling
rON	271	rong	pronunciation
rON	1997	roung	pronunciation
tQn	272	toan	pronunciation
nOkObAl	273	nokorbal	pronunciation
nOkrObAl	273	nokrobal	spelling
slAp	274	slap	pronunciation
slAp	2386	slap	pronunciation
slAb	274	slab	spelling
slAb	2386	slab	spelling
sAkAmApJp	275	sakamapheap	pronunciation
sAkAmOpJp	275	sakammopheap	spelling
tAy	276	thay	pronunciation
tAy	276	thai	spelling
tAy	2772	thay	spelling
bAltQt	277	baltoat	pronunciation
cQp	278	choap	pronunciation
cQb	278	choab	spelling
kOmlAN	279	komlang	pronunciation
kOmlAN	2496	komlang	pronunciation
kAmlJN	279	kamleang	spelling
kAmlJN	2496	kamleang	spelling
kEhAtOmpQ	280	kehatumpoa	pronunciation
kEhtOmpQ	280	kehtumpoar	spelling
dEm	281	daeum	pronunciation
lOy	282	luy	pronunciation
rOc	284	ruoch	pronunciation
rOc	2513	rouch	pronunciation
kOmnOt	285	komnot	pronunciation
kAmnAt	285	kamnat	spelling
kAmnAt	2294	kamnat	spelling
mOkpE	286	mokpi	pronunciation
bOndAY	287	bondanh	pronunciation
bAndAY	287	bandanh	spelling
pEsE	288	piseh	pronunciation
pEsE	288	pises	spelling
sEtAkEc	289	setthakech	pronunciation
sEdtAkEc	289	sedthakechch	spelling
nOvtE	290	novtae	pronunciation
nOtE	290	noute	ungegn
pOlEtApOl	291	pholetaphol	pronunciation
pAlEtpAl	291	phalitphal	spelling
pJkpQn	292	peakpoan	pronunciation
pJkpQnt	292	peakpoanth	spelling
pAcObOn	293	pachobon	pronunciation
bAcObAn	293	bachchobbann	spelling
prEk	294	prek	pronunciation
prEk	294	pruek	spelling
prEk	294	proek	ungegn
sEksA	295	seksa	pronunciation
cOmnOc	296	chomnoch	pronunciation
cAmnOc	296	chamnoch	spelling
krOsA	297	kruosa	pronunciation
krOsA	297	kruosar	spelling
mEnmJn	298	menmean	pronunciation
mEnmJn	298	minmean	spelling
OkA	299	aokah	pronunciation
OkA	299	aokas	spelling
kEylAkO	300	keylakor	pronunciation
kEylAkA	300	keilakar	spelling
rOvJN	301	roveang	pronunciation
pEtcJ	302	petchea	pronunciation
pEtcJ	302	pitchea	spelling
kOmrON	303	kumroung	pronunciation
kOmrON	303	komroung	spelling
kOmrON	2941	kumroung	pronunciation
tJktON	304	teaktong	pronunciation
rOm	305	ruom	pronunciation
rOm	1950	roum	pronunciation
rOm	2406	rum	pronunciation
rOm	2938	rum	pronunciation
tJNnE	306	teangnih	pronunciation
tJNnE	306	teangneh	spelling
rQtmOntrEy	307	roatmuntrey	pronunciation
rOdtAmntrEy	307	rodthamntrei	spelling
rJctJnEpnOmpEY	308	reachtheanipnumpenh	pronunciation
rJctJnEpnOmpEY	308	reachtheaniphnumpenh	spelling
tlEN	309	tlaeng	pronunciation
tlEN	309	thlaeng	spelling
tlEN	309	thleng	ungegn
klAycJ	310	klaychea	pronunciation
tOmnJktOmnON	311	tumneaktumnong	pronunciation
pOk	312	puok	pronunciation
pOk	2311	puk	pronunciation
mEnmEn	313	menmaen	pronunciation
mEnmEn	313	minmaen	spelling
mEnmEn	313	minmen	ungegn
mAsEn	314	masin	pronunciation
kEylA	315	keyla	pronunciation
kEylA	315	keila	spelling
pOlEt	316	pholet	pronunciation
pAlEt	316	phalit	spelling
kmEN	317	kmeng	pronunciation
pEtE	318	pithi	pronunciation
rONvQn	319	rungvoan	pronunciation
rONvQn	319	rongvoan	spelling
AcYAtO	320	achnhathor	pronunciation
AcYJtO	320	achnheathor	spelling
cJpEsE	321	cheapiseh	pronunciation
cJpEsE	321	cheapises	spelling
pOnO	322	ponoh	pronunciation
pOnO	322	ponnaoh	spelling
dOysAtE	323	daoysatae	pronunciation
dOysAtE	323	daoysartae	spelling
dOysAtE	323	daoysarte	ungegn
rQt	324	roat	pronunciation
rQt	2730	roat	pronunciation
rOdt	324	rodth	spelling
AnOvQt	325	anuvoat	pronunciation
AnOvQt	1781	anuvoat	pronunciation
AnOvOt	325	anuvott	spelling
sONkAt	326	songkat	pronunciation
sANkAt	326	sangkat	spelling
sANkAt	2746	sangkat	spelling
bOhcnOt	327	bohchnaot	pronunciation
bOhcnOt	327	baohchhnaot	spelling
pEnEt	328	pinet	pronunciation
pEnEty	328	pinity	spelling
pON	329	phong	pronunciation
pON	2923	pong	pronunciation
pAN	329	phang	spelling
krAv	330	krav	pronunciation
krO	330	krau	spelling
krO	928	kru	pronunciation
krO	1207	kror	pronunciation
krO	1418	kruoh	pronunciation
lAtJpOl	331	lattheaphol	pronunciation
lOtOpAl	331	lotthophal	spelling
sONsAy	332	songsay	pronunciation
sANsAy	332	sangsai	spelling
sANsAy	332	sangsay	ungegn
bONkO	333	bongkor	pronunciation
bANk	333	bangk	spelling
pJk	334	peak	pronunciation
pJk	602	pheak	pronunciation
pJk	670	peak	pronunciation
pJk	2976	pheak	pronunciation
pJky	334	peaky	spelling
mOlAtAn	335	mulatthan	pronunciation
mOldtAn	335	muldthan	spelling
nJ	336	nea	pronunciation
sApdA	338	sapda	pronunciation
sAbdA	338	sabda	spelling
sAbdA	338	sabdah	ungegn
cONkrOy	339	chongkraoy	pronunciation
tlQp	340	tloap	pronunciation
tlQb	340	thloab	spelling
AhA	341	aha	pronunciation
AhA	341	ahar	spelling
ksE	342	ksae	pronunciation
ksE	342	khsae	spelling
ksE	342	khse	ungegn
OpAkO	343	upakor	pronunciation
ObAkrO	343	obakro	spelling
ObAkrOn	343	obakron	ungegn
rOpJp	344	ruppheap	pronunciation
rObpJp	344	rubpheap	spelling
ArOm	345	arom	pronunciation
ArOmO	345	arommo	spelling
ArOmOn	345	arommon	ungegn
clON	346	chlong	pronunciation
clAN	346	chhlang	spelling
krQp	348	kroap	pronunciation
krQb	348	kroab	spelling
kAYA	349	kanha	pronunciation
kAYJ	349	kanhnhea	spelling
cOncJt	350	chuncheat	pronunciation
cOncJtE	350	choncheate	spelling
tOc	351	touch	pronunciation
tOc	351	toch	ungegn
tOc	2822	tuch	pronunciation
klOnEN	352	kluonaeng	pronunciation
klOnEN	352	khluonaeng	spelling
klOnEN	352	khluoneng	ungegn
sAt	353	sat	pronunciation
sAt	566	sat	pronunciation
sAtv	353	satv	spelling
rOhOtdOl	354	rohoutdol	pronunciation
rOhOtdAl	354	rohoutdal	spelling
rOhOtdAl	354	rohotdal	ungegn
lENvEY	355	laeungvenh	pronunciation
lENvEY	355	laeungvinh	spelling
sAmAcEk	357	samachek	pronunciation
sAmJcEk	357	sameachik	spelling
pQ	358	poa	pronunciation
pQ	1829	poah	ungegn
pOn	358	porn	spelling
pOn	991	poun	pronunciation
pOn	991	pon	ungegn
pOn	1199	pun	pronunciation
pOn	2110	phaon	pronunciation
rObJp	359	robiep	pronunciation
rObJb	359	robieb	spelling
lEklEN	361	leuklaeung	pronunciation
lEklEN	1579	leuklaeng	pronunciation
lEklEN	1579	leukleng	ungegn
kOmrEt	362	komret	pronunciation
kOmrEt	2308	komret	pronunciation
kAmrEt	362	kamrit	spelling
kAmrEt	2308	kamrit	spelling
bAYcOp	363	banhchop	pronunciation
bAYcOp	1237	banhchhup	pronunciation
bAYcAb	363	banhchab	spelling
tOk	364	tuk	pronunciation
tOk	1191	tuk	pronunciation
tOk	1191	tukkh	spelling
tOk	1231	tok	pronunciation
tOk	1484	tuk	pronunciation
tOk	2043	thaok	pronunciation
kAnd	365	khand	spelling
rOpnE	366	rupnih	pronunciation
rObnE	366	rubneh	spelling
mO	367	mor	pronunciation
mO	367	mo	spelling
mO	2087	mau	spelling
mO	2526	mou	pronunciation
mO	2526	mo	ungegn
svENrOk	368	svaengrok	pronunciation
svENrOk	368	svengrok	ungegn
tEpsA	369	tipsa	pronunciation
tEpsA	369	tiphsar	spelling
pyJbAl	370	pyeabal	pronunciation
sOvAtEpJp	371	sovatthepheap	pronunciation
sOvtEpJp	371	sovtthepheap	spelling
dEcO	372	dechou	pronunciation
tEcO	372	techou	spelling
skQl	373	skoal	pronunciation
vEdEO	374	videou	pronunciation
vEdEO	374	video	ungegn
bOndAl	375	bondal	pronunciation
bAndAl	375	bandal	spelling
nJyOkrQtmOntrEy	376	neayuokroatmuntrey	pronunciation
nJykAdtAmntrEy	376	neaykardthamntrei	spelling
pElvElJ	377	pelvelea	pronunciation
cAp	378	chap	pronunciation
cAp	899	chhap	pronunciation
cAb	378	chab	spelling
cAb	899	chhab	spelling
cAb	1282	chab	spelling
sAhArQt	379	saharoat	pronunciation
sAhrOdt	379	sahrodth	spelling
prOcAm	380	procham	pronunciation
prAcAm	380	pracham	spelling
mOtO	381	moutou	pronunciation
mOtO	381	moto	ungegn
ptQl	382	ptoal	pronunciation
ptQl	382	phtoal	spelling
dOhsrAy	383	dohsray	pronunciation
dOhsrAy	383	daohsray	spelling
cOmnEk	384	chomnaek	pronunciation
cAmnEk	384	chamnaek	spelling
cAmnEk	384	chamnek	ungegn
tEtAN	385	titang	pronunciation
psOpsAy	386	psopsay	pronunciation
psApvOpsAy	386	phsapvophsay	spelling
kOrE	387	koure	pronunciation
kOrE	387	kore	ungegn
prOhEl	388	prohael	pronunciation
prAhEl	388	prahael	spelling
prAhEl	388	prahel	ungegn
An	389	an	pronunciation
lOksrEy	390	louksrey	pronunciation
lOksrEy	390	louksrei	spelling
rJksA	391	reaksa	pronunciation
rOksA	391	roksa	spelling
prOsE	392	prosaeu	pronunciation
prAsE	392	prasaeur	spelling
stEtnOv	393	sthetnov	pronunciation
stEtnO	393	sthetnou	ungegn
nAmOy	394	namuoy	pronunciation
crEhrE	396	chreuhreuh	pronunciation
crEsrE	396	chreusreus	spelling
sOmdEN	397	somdaeng	pronunciation
sOmdEN	2664	somdaeng	pronunciation
sAmdEN	397	samdaeng	spelling
sAmdEN	397	samdeng	ungegn
sAmdEN	2664	samdaeng	spelling
sAmdEN	2664	samdeng	ungegn
kOndAl	398	kondal	pronunciation
kAndAl	398	kandal	spelling
vJtnAm	399	vietnam	pronunciation
rQtAbAl	400	roatthabal	pronunciation
rOdtAbAl	400	rodthabal	spelling
cOmnAy	401	chomnay	pronunciation
cAmnAy	401	chamnay	spelling
bONpOn	402	bongpoun	pronunciation
bONpOn	2689	bongpun	pronunciation
bANpOn	402	bangpoun	spelling
bANpOn	402	bangpon	ungegn
kdEy	403	kdey	pronunciation
kdEy	403	kdei	spelling
ApEvQt	404	aphivoat	pronunciation
ApEvQt	463	aphivoat	pronunciation
ApEvOdt	404	aphivodth	spelling
bEpnE	405	baepnih	pronunciation
bEbnE	405	baebneh	spelling
bEbnE	405	bebneh	ungegn
rOkEY	406	rokkheunh	pronunciation
plAhpdO	407	plahpdou	pronunciation
plAspdO	407	phlaspdour	spelling
plAspdO	407	phlaspdor	ungegn
dAy	408	day	pronunciation
dAy	408	dai	spelling
bONkEn	409	bongkaeun	pronunciation
bANkEn	409	bangkaeun	spelling
nJnJ	410	neanea	pronunciation
nJtE	411	neati	pronunciation
bOYcOl	412	bonhchoul	pronunciation
bAYcOl	412	banhchoul	spelling
bAYcOl	412	banhchol	ungegn
sAlA	413	sala	pronunciation
sAlJ	413	salea	spelling
AtAbOt	414	atthabot	pronunciation
AtAbAt	414	atthabat	spelling
mOhA	415	moha	pronunciation
cAmbAc	416	chambach	pronunciation
cOmrOY	417	chumrunh	pronunciation
cOmrOY	1959	chumrunh	pronunciation
cOmrOY	1959	chomrunh	spelling
prOmAn	419	proman	pronunciation
prAmJn	419	pramean	spelling
prOmtJN	420	promteang	pronunciation
cOkcEy	421	choukchey	pronunciation
cOkcQy	421	choukchoay	ungegn
kOdOcJ	422	kordouchea	pronunciation
kAdOcJ	422	kadouchchea	spelling
kAdOcJ	422	kadochchea	ungegn
tOrJsAp	423	tureasap	pronunciation
tOrJsAp	1402	tureasap	pronunciation
tOsApt	423	tursapt	spelling
tOsApt	1402	tursapt	spelling
krQntE	424	kroantae	pronunciation
krQntE	424	kroante	ungegn
nEnQm	425	naenoam	pronunciation
nEnQm	425	nenoam	ungegn
lJkAnA	426	leakkhana	pronunciation
lOkAnAk	426	lokkhanak	spelling
lOkAnA	426	lokkhana	ungegn
vEtE	427	vithi	pronunciation
AcEvJkAm	428	achiveakam	pronunciation
AcEvkAm	428	achivkamm	spelling
yOp	430	yup	pronunciation
yOb	430	yob	spelling
tENtE	431	taengtae	pronunciation
tENtE	431	tengte	ungegn
tlJk	432	tleak	pronunciation
tlJk	432	thleak	spelling
bAY	433	banh	pronunciation
lbEN	434	lbaeng	pronunciation
lbEN	434	lbeng	ungegn
cAk	435	chak	pronunciation
cAk	1536	chhak	pronunciation
cAk	1941	chhak	spelling
NJysrOl	437	ngeaysruol	pronunciation
sJmrJp	438	siemreap	pronunciation
sJmrJb	438	siemreab	spelling
tJNnO	439	teangnuh	pronunciation
tJNnO	439	teangnuoh	spelling
tJNnQ	439	teangnoah	ungegn
AnOYAt	440	anunhat	pronunciation
AnOYJt	440	anunhnheat	spelling
rJn	441	rien	pronunciation
sAhAkOm	442	sahakum	pronunciation
sAhkOmO	442	sahkomo	spelling
sAhkOmOn	442	sahkomon	ungegn
kEn	443	kaeun	pronunciation
kEn	2224	ken	pronunciation
pJnEcJkAm	444	peanecheakam	pronunciation
pJnEcOkAm	444	peanechchokamm	spelling
bOntQp	445	bontoap	pronunciation
bAntQb	445	bantoab	spelling
AtEtEcOn	446	atethechun	pronunciation
AtEtEcOn	446	atethechon	spelling
sArApQtAmJn	447	sarapoatamean	pronunciation
sApQtmJn	447	sarpoartmean	spelling
cOmvEY	448	chumvenh	pronunciation
cOmvEY	448	chumvinh	spelling
cOmrE	449	chumreuh	pronunciation
cOmrE	449	chomreus	spelling
AdEt	450	adet	pronunciation
AtEyt	450	ateit	spelling
vAksAN	451	vaksang	pronunciation
bAYcOn	452	banhchun	pronunciation
trEvkA	453	trevka	pronunciation
trOvkA	453	trouvkar	spelling
trOvkA	453	trovkar	ungegn
cJdEm	454	cheadaeum	pronunciation
pOnmAn	455	ponman	pronunciation
pOnmJn	455	ponmean	spelling
rQl	456	roal	pronunciation
bOntOy	457	bonthoy	pronunciation
bAntAy	457	banthay	spelling
yONtAm	458	youngtam	pronunciation
bEt	459	bet	pronunciation
slOt	460	slot	pronunciation
slOt	2068	slot	pronunciation
slAt	460	slat	spelling
tEsAcO	461	tesachor	pronunciation
tEsAcO	977	tesachor	pronunciation
tEsAcrO	461	tesachro	spelling
tEsAcrOn	461	tesachron	ungegn
kOmpOl	462	kompul	pronunciation
kAmpOl	462	kampul	spelling
ApEvdtO	463	aphivdtho	spelling
ApEvdtOn	463	aphivdthon	ungegn
ON	464	ong	pronunciation
ANk	464	angk	spelling
dON	465	dong	pronunciation
dON	2249	duong	pronunciation
dON	2875	doung	pronunciation
dON	2875	dong	ungegn
dAN	465	dang	spelling
bOt	466	bot	pronunciation
bOt	2158	bot	pronunciation
bOt	2452	bot	pronunciation
bAt	466	bat	spelling
bAt	601	bat	pronunciation
bAt	1845	bat	pronunciation
bAt	1889	bat	pronunciation
bAt	2158	bat	spelling
bAt	1889	bat	curated
tNAynE	467	tngaynih	pronunciation
tNAynE	467	thngaineh	spelling
rOhOt	468	rohout	pronunciation
rOhOt	468	rohot	ungegn
kEtEt	469	kaeuthaet	pronunciation
kEtEtO	469	kaeutheto	spelling
bOn	470	bon	pronunciation
bOn	1216	buon	pronunciation
bOn	1750	bun	pronunciation
bOY	470	bony	spelling
tEmdON	471	taemdong	pronunciation
tEmdAN	471	taemdang	spelling
tEmdAN	471	temdang	ungegn
plJm	472	pleam	pronunciation
plJm	472	phleam	spelling
cOpOn	473	chopon	pronunciation
srAvcrJv	474	sravchreav	pronunciation
trEvtE	475	trevtae	pronunciation
trOvtE	475	trouvtae	spelling
trOvtE	475	trovte	ungegn
trON	476	trung	pronunciation
trON	476	trong	spelling
trON	907	trong	pronunciation
trON	2109	trung	pronunciation
tbON	477	tboung	pronunciation
tbON	477	tbong	ungegn
sAmAtApJp	478	samatthapheap	pronunciation
sAmtApJp	478	samtthapheap	spelling
cOmnOm	479	chomnaom	pronunciation
cAmnOm	479	chamnaom	spelling
OprOm	480	oprum	pronunciation
AbrOm	480	abrum	spelling
srOp	481	srop	pronunciation
srOp	2222	sroup	pronunciation
srAb	481	srab	spelling
srAb	1671	srab	spelling
kOdOy	482	kordaoy	pronunciation
kAdOy	482	kadaoy	spelling
rJcrQtApEbAl	483	reachroatthaphibal	pronunciation
rJcrOdtApEbAl	483	reachrodthaphibal	spelling
yOvJcOn	484	yuveachun	pronunciation
yOvcOn	484	yuvchon	spelling
vEnEyOk	485	viniyouk	pronunciation
sEt	487	set	pronunciation
sEt	2293	set	pronunciation
sEt	2293	setth	spelling
sEtE	487	setthi	spelling
pEY	488	penh	pronunciation
Ot	490	ot	pronunciation
Ot	490	ot	curated
At	490	at	spelling
cJm	491	chheam	pronunciation
nOvtAm	492	novtam	pronunciation
nOtAm	492	noutam	ungegn
tOlAkA	493	tolaka	pronunciation
tOlJkA	493	toleakar	spelling
rEkrJy	494	rikreay	pronunciation
trEmtrEv	495	tremtrev	pronunciation
trEmtrOv	495	troemtrouv	spelling
trEmtrOv	495	troemtrov	ungegn
pJkE	496	pheaki	pronunciation
prOkOpdOy	497	prokopdaoy	pronunciation
prAkbAdOy	497	prakbadaoy	spelling
cOltOv	498	choultov	pronunciation
cOltO	498	choltou	ungegn
stAnpJp	499	sthanpheap	pronunciation
pJkcrEn	500	pheakchraeun	pronunciation
yANnA	501	yangna	pronunciation
prOyOt	502	proyut	pronunciation
prAyOt	502	prayutth	spelling
tnAm	503	tnam	pronunciation
tnAm	503	thnam	spelling
stEt	504	sthet	pronunciation
kbAl	505	kbal	pronunciation
sArOp	506	sarop	pronunciation
sArOb	506	sarub	spelling
krOhtnAk	507	kruohtnak	pronunciation
krOhtnAk	507	kruohthnak	spelling
krQhtnAk	507	kroahthnak	ungegn
AhAN	508	ahang	pronunciation
tAvEkA	509	thavika	pronunciation
dOmnAN	510	domnang	pronunciation
tAmnAN	510	tamnang	spelling
prOtJnJtEpAdEy	511	protheaneathepadey	pronunciation
prAtJnJtEbtEy	511	pratheaneathibtei	spelling
tQmJcJ	512	thoameachea	pronunciation
tOmOcJtE	512	thommocheate	spelling
rOhsE	513	ruhsi	pronunciation
rOsE	513	russi	spelling
kOmnEt	514	kumnet	pronunciation
kOmnEt	514	kumnit	spelling
kOmnEt	1016	komnaeut	pronunciation
NO	516	ngor	pronunciation
NO	516	ngo	spelling
nJpEl	517	neapel	pronunciation
bOmpEY	518	bompenh	pronunciation
bAmpEY	518	bampenh	spelling
kOnlONmOk	520	konlongmok	pronunciation
kAnlONmOk	520	kanlongmok	spelling
hAv	521	hav	pronunciation
hO	521	hau	spelling
hO	1269	hou	pronunciation
hO	1269	hour	spelling
hO	1269	hor	ungegn
hO	1581	hor	pronunciation
hO	1774	huoh	pronunciation
hO	1774	huos	spelling
hO	2223	hoh	pronunciation
hO	2223	haoh	spelling
hO	2508	hou	pronunciation
hO	2508	ho	ungegn
hO	2930	hao	pronunciation
sOntEsOk	522	sontesok	pronunciation
sAntEsOk	522	santesokh	spelling
kOmsAn	523	komsan	pronunciation
kOmsAn	1715	komsan	pronunciation
kAmsAnt	523	kamsant	spelling
kAmsAnt	1715	kamsant	spelling
lOknJk	524	loukneak	pronunciation
lOknAk	524	louknak	spelling
kOmA	525	koma	pronunciation
kOmJ	525	komear	spelling
dOcknJ	526	douchknea	pronunciation
dOcknJ	526	dochknea	ungegn
pAcEkvEtyJ	527	pachekvityea	pronunciation
bAcEkvEtyJ	527	bachchekvityea	spelling
sbEk	528	sbaek	pronunciation
sbEk	528	sbek	ungegn
prOsA	529	prosah	pronunciation
prAsAsA	529	prasasa	spelling
prAsAsAn	529	prasasan	ungegn
dOtEy	530	dortey	pronunciation
dAtEy	530	datey	spelling
pYJv	531	pnhiev	pronunciation
pYJv	531	phnhiev	spelling
bEy	532	bey	pronunciation
bEy	532	bei	spelling
mJkArA	533	meakara	pronunciation
mOkrJ	533	mokrea	spelling
bArAN	534	barang	pronunciation
bArJN	534	bareang	spelling
cJmOyknJ	535	cheamuoyknea	pronunciation
sAtJrAnA	536	sathearana	pronunciation
sAtJnAk	536	sathearnak	spelling
sAtJnA	536	sathearna	ungegn
cbA	537	chbah	pronunciation
cbA	537	chbas	spelling
tJnJ	538	theanea	pronunciation
tOhbEycJ	539	tuohbeychea	pronunciation
tOhbEycJ	539	tuohbeichea	spelling
tQhbEycJ	539	toahbeichea	ungegn
yOl	540	yul	pronunciation
yOl	540	yol	spelling
cOlcEt	541	choulchet	pronunciation
cOlcEt	541	choulchett	spelling
cOlcEt	541	cholchett	ungegn
nQy	543	noay	ungegn
bOrOtE	544	borroteh	pronunciation
bAtE	544	bartes	spelling
rOmJn	545	ruomean	pronunciation
rOmJn	545	ruommean	spelling
bEp	546	baep	pronunciation
bEb	546	baeb	spelling
bEb	546	beb	ungegn
cOmnOy	548	chumnuoy	pronunciation
ONklE	550	ongkleh	pronunciation
ANklE	550	angkles	spelling
kEckA	551	kechka	pronunciation
kEcAkA	551	kechchakar	spelling
kOnApJp	552	kunapheap	pronunciation
kOnpJp	552	kunpheap	spelling
kOtE	553	kuotae	pronunciation
kOtE	553	kuortae	spelling
kOtE	553	kuorte	ungegn
vElJ	554	velea	pronunciation
tOkdAk	555	tukdak	pronunciation
cApE	556	chapi	pronunciation
cAbpE	556	chabpi	spelling
tJnJkJ	557	theaneakea	pronunciation
tOnJkJ	557	thoneakear	spelling
sANsON	559	sangsong	pronunciation
sANsAN	559	sangsang	spelling
cA	560	chah	pronunciation
cA	560	chas	spelling
cA	640	cha	spelling
cA	2998	chha	pronunciation
cA	3004	chah	pronunciation
cA	3004	chas	spelling
cA	3004	jas	curated
cA	3004	chas	curated
hnEN	561	hnoeng	spelling
AYcEY	563	anhcheunh	pronunciation
kOldAv	564	kouldav	pronunciation
kOldO	564	kouldau	spelling
sEvAkAm	565	sevakam	pronunciation
sEvJkAm	565	seveakamm	spelling
E	567	ae	pronunciation
E	567	e	ungegn
E	1077	e	pronunciation
E	1687	i	pronunciation
E	1806	eh	pronunciation
E	1806	es	spelling
EkAsA	568	aekasa	pronunciation
EksA	568	aeksar	spelling
EksA	568	eksar	ungegn
tOmhOm	569	tumhum	pronunciation
tOmhAm	569	tumham	spelling
sAhAkA	570	sahaka	pronunciation
sAhkA	570	sahkar	spelling
sAmOt	571	samot	pronunciation
sAmOtr	571	samutr	spelling
yO	572	yor	pronunciation
yO	572	yo	spelling
yO	646	yu	pronunciation
yO	646	yur	spelling
yO	1578	yu	pronunciation
yO	2178	you	pronunciation
cE	573	chih	pronunciation
cE	638	chheu	pronunciation
cE	643	cheh	pronunciation
cE	738	cheu	pronunciation
cE	738	choea	spelling
cE	953	chheu	pronunciation
cE	953	chhueu	spelling
cE	953	chhoe	ungegn
cE	1439	chi	pronunciation
cE	2057	chheh	pronunciation
cE	2687	che	pronunciation
cE	2687	cher	spelling
kEcprOcOm	574	kechprochum	pronunciation
kEcAbrOcOm	574	kechchabrochum	spelling
klEp	576	klep	pronunciation
klEp	818	klep	pronunciation
klEb	576	kloeb	spelling
klEb	818	kleb	spelling
nJksrEy	577	neaksrey	pronunciation
nAksrEy	577	naksrei	spelling
sAm	578	sam	spelling
sAm	1677	sam	spelling
pyJyJm	579	pyeayeam	pronunciation
trEmtE	580	tremtae	pronunciation
trEmtE	580	troemtae	spelling
trEmtE	580	troemte	ungegn
OmnAc	581	omnach	pronunciation
AmnAc	581	amnach	spelling
tOtJN	582	tuteang	pronunciation
trOlOp	583	trolop	pronunciation
trOlOp	1476	trorlop	pronunciation
trAlAb	583	tralab	spelling
dEk	584	dek	pronunciation
dEk	584	doek	spelling
dEk	1196	daek	pronunciation
dEk	1196	dek	ungegn
dEk	1391	dek	pronunciation
sOmlAp	585	somlap	pronunciation
sAmlQb	585	samloab	spelling
mOntEpEt	586	muntipet	pronunciation
mOntEpEty	586	montirpety	spelling
tOhsAnA	588	tuohsana	pronunciation
tOhsAnA	1403	tuohsana	pronunciation
tOsAnJ	588	tossanea	spelling
tOsAnJ	1403	tossanea	ungegn
bOndA	589	bonda	pronunciation
bAndA	589	banda	spelling
mOntE	590	munti	pronunciation
mOntE	590	montir	spelling
yOkcEt	591	yokchet	pronunciation
yOkcEt	591	yokchett	spelling
pcQp	592	pchoap	pronunciation
pcQb	592	phchoab	spelling
vJk	593	veak	pronunciation
vOk	593	vokk	spelling
tAmJpOl	594	thameapul	pronunciation
tAmpOl	594	thampol	spelling
bAtbON	595	batbong	pronunciation
bAtbAN	595	batbang	spelling
pEnkA	596	phaenka	pronunciation
pEnkA	596	phaenkar	spelling
pEnkA	596	phenkar	ungegn
cApArOm	597	chaparom	pronunciation
cAbArOmO	597	chabarommo	spelling
cAbArOmOn	597	chabarommon	ungegn
prOsEtJpJp	598	prosettheapheap	pronunciation
prAsEtOpJp	598	prasetthopheap	spelling
pO	599	por	pronunciation
pO	599	po	spelling
pO	919	poh	pronunciation
pO	919	po	spelling
pO	1829	puoh	pronunciation
pO	1958	phor	pronunciation
pO	1958	pho	spelling
pO	2013	pou	ungegn
pO	2379	por	pronunciation
pO	2405	pu	pronunciation
pO	2776	phoh	pronunciation
pO	2776	phos	spelling
pO	2877	puoh	pronunciation
pO	2877	pos	spelling
sEvA	600	seva	pronunciation
sEvJ	600	sevea	spelling
cJn	603	chhean	pronunciation
tOvcJ	604	tovchea	pronunciation
tOcJ	604	touchea	ungegn
ErOp	605	europ	pronunciation
ErOb	605	eurob	spelling
ErOb	605	oerob	ungegn
dAykO	606	dayku	pronunciation
dAykO	606	daiku	spelling
krOypE	607	kraoypi	pronunciation
dOmrEvkA	608	domrevka	pronunciation
tAmrOvkA	608	tamruvkar	spelling
tOlA	609	tola	pronunciation
tOlJ	609	tolea	spelling
pEpJksA	610	pipheaksa	pronunciation
kOsAN	611	korsang	pronunciation
kAsAN	611	kasang	spelling
plEvkA	613	plevka	pronunciation
plOvkA	613	phlouvkar	spelling
plOvkA	613	phlovkar	ungegn
pONrEN	614	pungreng	pronunciation
pONrEN	614	pongrueng	spelling
pONrEN	614	pongroeng	ungegn
tANpE	615	tangpi	pronunciation
fEsbOk	616	fesbuk	pronunciation
hvEsbOk	616	hvesbuk	spelling
tQmJdA	617	thoameada	pronunciation
tOmOtA	617	thommota	spelling
vEtJnJkA	618	vitheaneaka	pronunciation
vEtJnkA	618	vitheankar	spelling
sE	619	si	pronunciation
sE	736	seh	pronunciation
sE	1669	se	pronunciation
sE	2758	seh	pronunciation
kOmpONtE	620	kompungtae	pronunciation
kAmpONtE	620	kampungtae	spelling
kAmpONtE	620	kampungte	ungegn
pJsA	621	pheasa	pronunciation
trEy	622	trey	pronunciation
trEy	622	trei	spelling
prEtEkA	623	preteka	pronunciation
prEtdEkArO	623	pruetdekaro	spelling
prEtdEkArOn	623	proetdekaron	ungegn
srOlAY	624	srolanh	pronunciation
srOlAY	903	srolanh	pronunciation
srAlAY	624	sralanh	spelling
yOtJ	625	youthea	pronunciation
dOk	626	dok	pronunciation
pAhpQl	627	pahpoal	pronunciation
rJykA	628	reayka	pronunciation
rJykArO	628	reaykaro	spelling
rJykArOn	628	reaykaron	ungegn
kOrOp	629	kourup	pronunciation
kOrOp	629	kourop	spelling
EylEv	630	eylev	pronunciation
ElOv	630	elouv	spelling
ElOv	630	elov	ungegn
OhcA	631	ohcha	pronunciation
AscAy	631	aschary	spelling
tEc	632	tech	pronunciation
vApAtQ	633	vapathoa	pronunciation
vObAtOm	633	vobbathorm	spelling
mE	634	me	pronunciation
mE	1649	mi	pronunciation
mE	2092	mae	pronunciation
mE	2092	me	ungegn
EntEnEt	635	intheunet	pronunciation
EntEnEt	635	inthueunet	spelling
EntEnEt	635	inthoenet	ungegn
bOkJlEk	636	bokealek	pronunciation
bOkOlEk	636	bokkolik	spelling
stAbAn	637	sthaban	pronunciation
kAmJkO	639	kameakor	pronunciation
kAmOkA	639	kammokar	spelling
bONhO	641	bonghoh	pronunciation
bONhO	2281	bonghou	pronunciation
bANhO	641	banghaoh	spelling
bANhO	2281	banghour	spelling
bANhO	2281	banghor	ungegn
bOntOp	642	bontup	pronunciation
bAntOb	642	bantob	spelling
pOkQt	644	puokoat	pronunciation
pOkQt	644	puokkoat	spelling
cJksdEN	645	cheaksdaeng	pronunciation
cJksdEN	645	cheaksdeng	ungegn
sAc	647	sach	pronunciation
bOmrE	648	bomraeu	pronunciation
bOmrE	2656	bomraeu	pronunciation
bAmrE	648	bamreu	spelling
bAmrE	2656	bamreu	spelling
mdAy	649	mday	pronunciation
tOt	650	thot	pronunciation
tOt	2866	tut	pronunciation
tAt	650	that	spelling
prOtEbAtkA	651	protebatka	pronunciation
prAtEbAtdEkA	651	pratebatdekar	spelling
prAtEbAtdEkA	2974	pratebatdekar	spelling
lbEy	652	lbey	pronunciation
lbEy	652	lbei	spelling
cOc	653	choch	pronunciation
mOlJhEt	654	muleahaet	pronunciation
mOlhEtO	654	mulheto	spelling
sOsE	656	sorse	pronunciation
sOsE	1367	sosaeu	pronunciation
sAsE	656	sarser	spelling
sAsE	1367	sarsaeur	spelling
pAcEkAtE	657	pachaekateh	pronunciation
bAcEktE	657	bachchektes	spelling
vEcEkA	658	vechchheka	pronunciation
vEcEkA	658	vichchheka	spelling
kOnlON	659	konlong	pronunciation
kOnlON	2646	kunlong	pronunciation
kOnlON	2646	konlong	spelling
kAnlON	659	kanlong	spelling
knONsrOk	660	knongsrok	pronunciation
vJy	661	veay	pronunciation
cArAcO	662	charachor	pronunciation
cArJcrO	662	chareachro	spelling
cArJcrOn	662	chareachron	ungegn
rObAykA	663	robayka	pronunciation
rObAykArO	663	robaykaro	spelling
rObAykArOn	663	robaykaron	ungegn
dOdEl	664	dodael	pronunciation
dAdEl	664	dadael	spelling
dAdEl	664	dadel	ungegn
pArEhtAn	666	parehthan	pronunciation
bArEstAn	666	baristhan	spelling
sOmlEN	667	somleng	pronunciation
sOmlEN	1551	somleng	pronunciation
sOmlEN	1978	somleng	pronunciation
sOmlEN	2414	somleng	pronunciation
sAmlEN	667	samleng	spelling
sAmlEN	1551	samleng	spelling
sAmlEN	1978	samlueng	spelling
sAmlEN	1978	samloeng	ungegn
sAmlEN	2414	samleng	spelling
rOt	668	rut	pronunciation
rOt	668	rot	spelling
lEn	669	leun	pronunciation
lEn	669	loean	spelling
lOmbAk	671	lumbak	pronunciation
pJkrOy	672	pheakroy	pronunciation
dOmnEN	673	domneng	pronunciation
dOmnEN	934	domnaeng	pronunciation
dAmnEN	673	damnoeng	spelling
rOn	674	run	pronunciation
rOnt	674	ronth	spelling
mEt	676	met	pronunciation
mEt	676	mitt	spelling
mEt	688	maet	pronunciation
mEtOnA	677	mithona	pronunciation
mEtOnJ	677	mithonea	spelling
sdAp	678	sdap	pronunciation
sdAb	678	sdab	spelling
cOm	679	chom	pronunciation
cOm	1370	chum	pronunciation
cOm	2632	chum	pronunciation
cAm	679	cham	spelling
cAm	838	cham	pronunciation
nJy	680	neay	pronunciation
bOkOl	681	bokul	pronunciation
bOkOl	681	bokkol	spelling
bOntEc	682	bontech	pronunciation
bAntEc	682	bantech	spelling
mAk	683	mak	pronunciation
mAk	1454	mak	pronunciation
kOl	684	koul	pronunciation
kOl	2728	kul	pronunciation
kOl	2728	kol	spelling
kOl	2857	kol	pronunciation
sArAtJt	685	saratheat	pronunciation
sAtJtO	685	sartheato	spelling
tEnJnEy	687	teneaney	pronunciation
tEnOnEy	687	tinnoney	spelling
tEnOnQy	687	tinnonoay	ungegn
mEtr	688	maetr	spelling
mEtr	688	metr	ungegn
cOmrJN	689	chomrieng	pronunciation
cAmrJN	689	chamrieng	spelling
clEytOp	690	chlaeuytop	pronunciation
clEytAb	690	chhlaeuytab	spelling
rQp	691	roap	pronunciation
rQb	691	roab	spelling
kAsEkAm	692	kasekam	pronunciation
kAsEkAm	692	kasekamm	spelling
bON	694	bong	pronunciation
bON	699	bong	pronunciation
bON	699	bong	curated
bAN	694	bang	spelling
bAN	699	bang	spelling
pOl	695	phol	pronunciation
pOl	826	poul	pronunciation
pOl	1534	pul	pronunciation
pOl	2010	pul	pronunciation
pOl	2010	pol	spelling
pOl	2492	pul	pronunciation
pAl	695	phal	spelling
vQy	696	voay	ungegn
hErAYvQtO	697	heranhvoattho	pronunciation
hErOYOvtO	697	heronhnhovttho	spelling
tOhcJ	698	tuohchea	pronunciation
tQhcJ	698	toahchea	ungegn
trOtpEnE	700	truotpine	pronunciation
trOtpEnEty	700	truotpinity	spelling
bOtpEsOt	701	botpisaot	pronunciation
bAtpEsOtO	701	batpisaotho	spelling
bAtpEsOtOn	701	batpisaothon	ungegn
tJmtJ	702	teamtea	pronunciation
tJmtJ	702	teamtear	spelling
sEyhA	703	seyha	pronunciation
sEyhA	703	seiha	spelling
mdON	704	mdong	pronunciation
mdAN	704	mdang	spelling
pQn	705	poan	pronunciation
prJhsEyhAnO	706	preahseyhanu	pronunciation
prJhsEyhnO	706	preahseihnu	spelling
kArEyAlAy	707	kareyalay	pronunciation
kArEyJlEy	707	kariyealey	spelling
kArEyJlQy	707	kariyealoay	ungegn
kAkAtdA	708	kakatda	pronunciation
kAkAdA	708	kakkada	spelling
sOk	709	sok	pronunciation
sOk	709	sokh	spelling
sOk	760	sok	pronunciation
sOk	1173	sok	pronunciation
tOmnEp	710	tumneup	pronunciation
tOmnEb	710	tumneub	spelling
vO	711	vor	pronunciation
vO	711	vo	spelling
vO	1804	vor	pronunciation
sONkrJm	712	songkream	pronunciation
sANkrJm	712	sangkream	spelling
prOcOm	713	prochhom	pronunciation
prOcOm	956	prochum	pronunciation
prAcOm	713	prachhom	spelling
prAcOm	956	prachum	spelling
yOYO	714	yunhoh	pronunciation
yOntAhO	714	yontahaoh	spelling
sAbAy	715	sabay	pronunciation
sAbAy	715	sabbay	spelling
nJm	716	neam	pronunciation
OsApJ	717	usaphea	pronunciation
OspJ	717	osphea	spelling
ptQlklOn	718	ptoalkluon	pronunciation
ptQlklOn	718	phtoalkhluon	spelling
prOmdEn	719	prumdaen	pronunciation
prOmdEn	719	prumden	ungegn
rObOp	720	robop	pronunciation
rObAb	720	robab	spelling
nOvlEy	721	novlaeuy	pronunciation
nOlEy	721	noulaeuy	ungegn
mElkEY	722	meulkheunh	pronunciation
tnO	723	tnu	pronunciation
tnO	723	thnu	spelling
kONtQp	724	kongtoap	pronunciation
kANtQp	724	kangtoap	spelling
tvEcJ	725	tveuchea	pronunciation
tvEcJ	725	thveuchea	spelling
EN	726	aeng	pronunciation
EN	726	eng	ungegn
rONcAk	727	roungchak	pronunciation
rONcAkr	727	roungchakr	spelling
bAl	728	bal	pronunciation
vJyprOhA	729	veayproha	pronunciation
vJyprAhA	729	veayprahar	spelling
rJNkAy	730	reangkay	pronunciation
psAy	731	psay	pronunciation
psAy	731	phsay	spelling
prOmOl	732	promoul	pronunciation
prAmOl	732	pramul	spelling
krAvpE	733	kravpi	pronunciation
krOpE	733	kraupi	spelling
mEnJ	734	minea	pronunciation
trEm	735	trem	pronunciation
trEm	735	troem	spelling
sEs	736	sess	spelling
NJy	737	ngeay	pronunciation
sOYA	739	sonha	pronunciation
sOYA	1303	sonya	pronunciation
sAYJ	739	sanhnhea	spelling
sAYJ	1303	sanyea	spelling
bEkbO	740	baeukbor	pronunciation
bEkbA	740	baeukbar	spelling
sdEypE	741	sdeypi	pronunciation
sdEypE	741	sdeipi	spelling
AsJn	742	asean	pronunciation
tEkcEt	743	tekchet	pronunciation
tEkcEt	743	tuekchett	spelling
tEkcEt	743	toekchett	ungegn
lEc	744	lech	pronunciation
lEc	744	lich	spelling
lEc	1131	lech	pronunciation
krOmprEksA	745	krompreksa	pronunciation
krOmprEksA	745	kromproeksa	spelling
hAN	746	hang	pronunciation
pEYnEyOm	747	penhniyum	pronunciation
pEYnEyOm	747	penhniyom	spelling
Ey	748	ey	pronunciation
Ey	748	ei	spelling
Ey	2466	aeuy	pronunciation
Ey	748	ey	curated
tNOntNO	749	tnguntngor	pronunciation
tNOntNO	749	thngonthngor	spelling
kJnAnE	750	keanani	pronunciation
kOnE	750	konni	spelling
prOmprJN	751	promprieng	pronunciation
tOmnEY	752	tumnenh	pronunciation
tOmnEY	752	tumninh	spelling
tOvEY	753	tovvenh	pronunciation
tOvEY	753	tovvinh	spelling
tOvEY	753	touvinh	ungegn
tOmpQ	754	tumpoa	pronunciation
tOmpQ	754	tumpoar	spelling
dEkcOYcOn	755	dekchunhchun	pronunciation
dEkcOYcOn	755	doekchonhchun	spelling
sOmrAcEt	756	somrachet	pronunciation
sAmrEcEt	756	samrechchett	spelling
tJktJY	757	teakteanh	pronunciation
rOdEv	758	rodev	pronunciation
rOdOv	758	rodouv	spelling
rOdOv	758	rodov	ungegn
bAYcJ	759	banhchea	pronunciation
sAk	760	sak	spelling
sAk	1340	sak	pronunciation
sAk	2849	sak	pronunciation
sAk	2850	sak	pronunciation
rOmtJN	761	ruomteang	pronunciation
sAklbON	762	saklbong	pronunciation
sAklbAN	762	saklbang	spelling
cJNkE	763	cheangke	pronunciation
sOkApEbAl	764	sokhaphibal	pronunciation
sONkrO	765	songkruoh	pronunciation
sANkrO	765	sangkruoh	spelling
sANkrQ	765	sangkroah	ungegn
kdAv	766	kdav	pronunciation
kdO	766	kdau	spelling
sOmrOl	767	somruol	pronunciation
sAmrOl	767	samruol	spelling
pEtprAkOt	768	petprakot	pronunciation
pEtprAkAd	768	pitprakad	spelling
mQt	769	moat	pronunciation
nOnA	770	nona	pronunciation
nOnA	770	norna	spelling
nJrE	771	neari	pronunciation
rJl	773	riel	pronunciation
mErOk	774	merouk	pronunciation
bAYcEY	776	banhchenh	pronunciation
prOprEt	777	propret	pronunciation
prAprEt	777	prapruett	spelling
prAprEt	777	praproett	ungegn
kOlbOmnON	778	koulbomnong	pronunciation
kOlbAmnAN	778	koulbamnang	spelling
pnOm	779	pnum	pronunciation
pnOm	779	phnum	spelling
vQt	780	voat	pronunciation
vOt	780	vott	spelling
sElApA	781	selapa	pronunciation
sElbAk	781	selbak	spelling
sElbA	781	selba	ungegn
pAk	782	pak	pronunciation
pAk	1408	pak	pronunciation
pAk	1408	phak	spelling
bAks	782	baks	spelling
bOndOhbOndAl	783	bondohbondal	pronunciation
bAndOhbAndAl	783	bandohbandal	spelling
OhsAhAkAm	784	uhsahakam	pronunciation
OsAhkAm	784	ossahkamm	spelling
cEkrOmlEk	785	chaekrumlaek	pronunciation
cEkrOmlEk	785	chekrumlek	ungegn
AnAkOt	786	anakut	pronunciation
AnJkOt	786	aneakot	spelling
mEsA	787	mesa	pronunciation
tOpskAt	788	tupskat	pronunciation
tObskAt	788	tobskat	spelling
yOtJsA	789	yuttheasah	pronunciation
yOtOsAstr	789	yutthosastr	spelling
sAhAprOtEbAtkA	790	sahaprotebatka	pronunciation
sAhprAtEbAtdEkA	790	sahpratebatdekar	spelling
klEy	791	kley	pronunciation
klEy	791	khlei	spelling
pEbAk	792	pibak	pronunciation
bOmnON	793	bomnong	pronunciation
bAmnAN	793	bamnang	spelling
kAnOvQt	794	kaanuvoat	pronunciation
kArOnOvOt	794	karonuvott	spelling
kOmpJ	795	kumphea	pronunciation
kOmpJ	795	komphea	ungegn
kOmpJk	795	kompheak	spelling
ptEy	796	ptey	pronunciation
ptEy	796	phtey	spelling
kmAv	797	kmav	pronunciation
kmO	797	khmau	spelling
tEkdEy	798	tekdey	pronunciation
tEkdEy	798	tuekdei	spelling
tEkdEy	798	toekdei	ungegn
tEN	799	taeng	pronunciation
tEN	799	teng	ungegn
tEN	2146	teng	pronunciation
tEN	2146	toeng	spelling
OtdOmsEnEy	800	utdomseney	pronunciation
OtdAmsEnE	800	otdamseni	spelling
OtdAmsEnEy	800	otdamseniy	ungegn
tOntJn	801	thunthean	pronunciation
tOntJn	801	thonthean	spelling
rAcAnA	802	rachana	pronunciation
rOcnJ	802	rochnea	spelling
bOYcE	803	bonhchi	pronunciation
bAYcE	803	banhchi	spelling
trJm	804	triem	pronunciation
AvOt	805	avut	pronunciation
AvOt	805	avuth	spelling
plEN	806	pleung	pronunciation
plEN	806	phleung	spelling
clONkAt	807	chlongkat	pronunciation
clANkAt	807	chhlangkat	spelling
pYJkpEl	808	pnheakpaeul	pronunciation
pYJkpEl	808	phnheakphaeul	spelling
cEYcEm	809	chenhchem	pronunciation
cEYcEm	809	chenhchoem	spelling
cEYcEm	2330	chenhchaeum	pronunciation
pEnE	810	pinih	pronunciation
pEnE	810	pineh	spelling
sOntEpJp	811	sontepheap	pronunciation
sAntEpJp	811	santepheap	spelling
kEYtA	812	kheunhtha	pronunciation
mJ	813	meah	pronunciation
mJ	813	meas	spelling
mJ	1640	mea	pronunciation
dOylEk	814	daoylaek	pronunciation
dOylEk	814	daoylek	ungegn
bOk	815	bok	pronunciation
bOk	1785	baok	pronunciation
bOk	1994	bok	pronunciation
bOk	2243	bouk	pronunciation
bOk	2243	bok	ungegn
psA	816	psa	pronunciation
psA	816	phsar	spelling
psA	2560	psa	pronunciation
psA	2560	phsa	spelling
tEnE	817	tinih	pronunciation
tEnE	817	tineh	spelling
lOc	819	luoch	pronunciation
vEpJk	820	vipheak	pronunciation
lAn	821	lan	pronunciation
kArAt	822	karat	pronunciation
tOnJtE	823	tuoneati	pronunciation
AtEt	824	atet	pronunciation
AtEty	824	atity	spelling
bAtdOmbON	825	batdombong	pronunciation
bAtdAmbAN	825	batdambang	spelling
krOhOm	827	krohom	pronunciation
krAhAm	827	kraham	spelling
tJp	828	teap	pronunciation
tJp	1862	thiep	pronunciation
tJb	828	teab	spelling
tJb	1862	thieb	spelling
tEmOy	829	taemuoy	pronunciation
tEmOy	829	temuoy	ungegn
tEmOy	1345	timuoy	pronunciation
rOsJl	830	rosiel	pronunciation
sAmAkOm	831	samakum	pronunciation
sAmJkOm	831	sameakom	spelling
AsE	832	asi	pronunciation
yANnAkOdOy	833	yangnakordaoy	pronunciation
yANnAkAdOy	833	yangnakadaoy	spelling
krOpEt	834	krupet	pronunciation
krOpEty	834	krupety	spelling
prOpOn	835	propun	pronunciation
prApOnt	835	praponth	spelling
krOmkrOsA	836	kromkruosa	pronunciation
krOmkrOsA	836	kromkruosar	spelling
smE	837	smaeu	pronunciation
prAsAt	839	prasat	pronunciation
prAsAt	2582	prasat	spelling
EkAcOn	840	aekachun	pronunciation
EkcOn	840	aekchon	spelling
EkcOn	840	ekchon	ungegn
krOpkrQn	841	krupkroan	pronunciation
krObkrQn	841	krobkroan	spelling
kON	842	kong	pronunciation
kON	1325	kung	pronunciation
kON	1325	kong	spelling
kON	1446	kong	pronunciation
kON	2479	khuong	pronunciation
rOmpEN	843	rumpeng	pronunciation
rOmpEN	843	rumpueng	spelling
rOmpEN	843	rumpoeng	ungegn
vEtEkA	844	vetika	pronunciation
OmpJvJnJv	845	ompeaveaneav	pronunciation
AmpJvnJv	845	ampeavneav	spelling
sJvpOv	846	sievphov	pronunciation
sJvpO	846	sievphou	ungegn
prOkOl	849	prokul	pronunciation
prAkOl	849	prakol	spelling
pOlpAhpQl	850	pholpahpoal	pronunciation
pAlpAhpQl	850	phalpahpoal	spelling
rONcAm	851	rungcham	pronunciation
rONcAm	851	rongcham	spelling
tmO	852	tmor	pronunciation
tmA	852	thma	spelling
kAl	853	kal	pronunciation
tJNsrON	854	teangsrong	pronunciation
cAptANpE	855	chaptangpi	pronunciation
cAbtANpE	855	chabtangpi	spelling
mEdEknQm	856	medeknoam	pronunciation
mEdEknQm	856	medoeknoam	spelling
EtEpOl	857	etthipul	pronunciation
EtEpOl	857	etthipol	spelling
ApEbAl	858	aphibal	pronunciation
tEmtJt	859	thaemtiet	pronunciation
tEmtJt	859	themtiet	ungegn
pEk	860	pek	pronunciation
pEk	1138	paek	pronunciation
pEk	1138	phaek	spelling
pEk	1138	phek	ungegn
pEk	1364	phek	pronunciation
pEk	1364	phoek	spelling
pEk	2413	phek	pronunciation
nEmOy	861	nimuoy	pronunciation
mOkNJ	862	mukngea	pronunciation
mOkNJ	862	mukhngear	spelling
rEkcOmrEn	863	rikchomraeun	pronunciation
rEkcAmrEn	863	rikchamreun	spelling
snE	864	snaeu	pronunciation
snE	1835	snae	pronunciation
snE	1835	sne	spelling
snE	1835	sneh	ungegn
kJnAkAmAtEkA	865	keanakamathika	pronunciation
kOnAkAmJtEkA	865	konakkammeathikar	spelling
kOnAkAmJtEkA	865	konakammeathikar	ungegn
sOmnAN	866	somnang	pronunciation
sAmnAN	866	samnang	spelling
sAmnAN	906	samnang	spelling
sAmnAN	1848	samnang	spelling
snAknOv	867	snaknov	pronunciation
snAknO	867	snaknou	ungegn
cOmnE	868	chumneu	pronunciation
cOmnE	868	chumnoea	spelling
ptOk	869	ptuk	pronunciation
ptOk	869	phtuk	spelling
bONkrAp	870	bongkrap	pronunciation
bANkrAb	870	bangkrab	spelling
kyOl	872	kyol	pronunciation
kyAl	872	khyal	spelling
tJNmOl	873	teangmul	pronunciation
cOtprOkAn	874	chaotprokan	pronunciation
cOtprAkAn	874	chaotprakan	spelling
cNAy	875	chngay	pronunciation
cNAy	875	chhngay	spelling
rJNrQl	876	riengroal	pronunciation
sEv	877	sev	pronunciation
sOv	877	souv	spelling
sOv	877	sov	ungegn
OykrEn	878	uykraen	pronunciation
OykrEn	878	uykren	ungegn
pkOtpkON	879	pkutpkung	pronunciation
pkOtpkON	879	phkotphkong	spelling
pdO	880	pdou	pronunciation
pdO	880	pdour	spelling
pdO	880	pdor	ungegn
mAcJmOndOl	881	machchheamundul	pronunciation
mOcOmndOl	881	mochchhomndol	spelling
prOyOc	882	proyaoch	pronunciation
prAyOcO	882	prayoucho	spelling
prAyOcOn	882	prayouchon	ungegn
tOtOv	883	tutov	pronunciation
tOtOv	1553	tortov	pronunciation
tOtO	883	tutou	ungegn
rEk	884	rik	pronunciation
dAc	885	dach	pronunciation
rOmknJ	886	ruomknea	pronunciation
dOmnAkAl	887	domnakal	pronunciation
dAmnAkAl	887	damnakkal	spelling
prEy	888	prey	pronunciation
cOmnO	889	chumnuoh	pronunciation
cOmnO	889	chumnuos	spelling
cOmnO	2296	chomnoh	pronunciation
pdEy	890	pdey	pronunciation
pdEy	890	pdei	spelling
pdEy	890	pdey	curated
bOndEt	891	bondet	pronunciation
bAndEt	891	bandit	spelling
tAmdAn	892	tamdan	pronunciation
sEtmnO	893	setmnuh	pronunciation
sEtEmnOs	893	setthimnuss	spelling
OmlONpEl	894	omlongpel	pronunciation
AmlONpEl	894	amlongpel	spelling
sONkEm	895	songkhem	pronunciation
sANkEm	895	sangkhuem	spelling
sANkEm	895	sangkhoem	ungegn
bONvEl	896	bongvel	pronunciation
bANvEl	896	bangvil	spelling
tEst	897	test	spelling
sOtE	898	sotae	pronunciation
sOtOtE	898	sotthotae	spelling
sOtOtE	898	sotthote	ungegn
AkrOk	900	akrok	pronunciation
tErJksA	901	thaereaksa	pronunciation
tEksA	901	thaerksa	spelling
tEksA	901	therksa	ungegn
sAmAy	902	samay	pronunciation
sAmEy	902	samey	spelling
sAmQy	902	samoay	ungegn
srAlQY	903	sraloanh	spelling
nJyOk	904	neayuok	pronunciation
nJyOk	904	neayok	spelling
rENmQm	905	rengmoam	pronunciation
rENmQm	905	ruengmoam	spelling
rENmQm	905	roengmoam	ungegn
sOmnON	906	somnong	pronunciation
sOmnON	1848	somnong	pronunciation
trAN	907	trang	spelling
mJntE	908	meantae	pronunciation
mJntE	908	meante	ungegn
mdONtJt	909	mdongtiet	pronunciation
mdANtJt	909	mdangtiet	spelling
EndJ	910	endea	pronunciation
tOtOlskQl	911	totuolskoal	pronunciation
prOcAmtNAy	912	prochamtngay	pronunciation
prAcAmtNAy	912	prachamthngai	spelling
pONrEk	914	pungrik	pronunciation
pONrEk	914	pongrik	spelling
lNJc	915	lngeach	pronunciation
sAhApQn	916	sahapoan	pronunciation
sAhpQnt	916	sahpoanth	spelling
cEk	917	chaek	pronunciation
cEk	917	chek	ungegn
cEk	2270	chik	pronunciation
cEk	2288	chek	pronunciation
tOmrON	918	tumrung	pronunciation
tOmrON	918	tomrong	spelling
pOsdE	919	posde	ungegn
cOmnQn	920	chumnoan	pronunciation
tJNlAy	921	teanglay	pronunciation
tOmNOn	922	tumngun	pronunciation
tOmNOn	922	tomngon	spelling
tOmNOn	2811	tumngun	pronunciation
tOmNOn	2811	tumngon	spelling
tOtOlkOhtrOv	923	totuolkhohtrouv	pronunciation
tOtOlkOstrOv	923	totuolkhostrouv	spelling
tOtOlkOstrOv	923	totuolkhostrov	ungegn
hEtkA	924	haetka	pronunciation
hEtOkArO	924	hetokaro	spelling
hEtOkArOn	924	hetokaron	ungegn
nQmpJk	925	noampeak	pronunciation
nQmpJky	925	noampeaky	spelling
vQtO	926	voattho	pronunciation
vOtO	926	vottho	spelling
mOhAcOn	927	morhachun	pronunciation
mOhAcOn	927	mohachon	spelling
snEhA	929	sneha	pronunciation
YAm	930	nham	pronunciation
YAm	930	nham	curated
ptO	931	ptuh	pronunciation
ptO	931	phtuh	spelling
sOmnAk	932	somnak	pronunciation
sOmnAk	2980	somnak	pronunciation
sAmnAk	932	samnak	spelling
sAmnAk	2980	samnak	spelling
tJYyOk	933	teanhyok	pronunciation
tAmnEN	934	tamnaeng	spelling
tAmnEN	934	tamneng	ungegn
pEntO	935	pentu	pronunciation
pEntO	935	pintu	spelling
kAbOrAtE	936	kaborrateh	pronunciation
kAbAtE	936	karbartes	spelling
prOpEynEy	938	propeyney	pronunciation
prApEynEy	938	prapeynei	spelling
mOkrObO	939	mukrobor	pronunciation
mOkAbA	939	mukharbar	spelling
tNOn	940	tngun	pronunciation
tNOn	940	thngon	spelling
rJldAl	941	realdal	pronunciation
tOnlE	942	tunle	pronunciation
tOnlE	942	tonle	spelling
lbEn	943	lbeun	pronunciation
lbEn	943	lboean	spelling
vQtAmJn	944	voatamean	pronunciation
vOtdAmJn	944	votdamean	spelling
srOhsAt	945	srohsat	pronunciation
srAsAt	945	srassat	spelling
hEtpOl	946	haetphol	pronunciation
hEtOpAl	946	hetophal	spelling
cApklOn	947	chapkluon	pronunciation
cAbklOn	947	chabkhluon	spelling
tEmtJN	948	thaemteang	pronunciation
tEmtJN	948	themteang	ungegn
ONkJpJp	949	ongkeapheap	pronunciation
ANkOpJp	949	angkopheap	spelling
msElmEY	950	mselmenh	pronunciation
msElmEY	950	msilminh	spelling
bONrJn	951	bongrien	pronunciation
bANrJn	951	bangrien	spelling
tEpOnO	952	taeponoh	pronunciation
tEpOnO	952	taeponnaoh	spelling
tEpOnO	952	teponnaoh	ungegn
sOptNAy	954	soptngay	pronunciation
sApvOtNEy	954	sapvothngey	spelling
pdOt	955	pdaot	pronunciation
pdOt	955	phdaot	spelling
cAkcEY	957	chakchenh	pronunciation
bOtlmE	958	botlmeuh	pronunciation
bAtlmE	958	batlmeus	spelling
srAptE	959	sraptae	pronunciation
srAbtE	959	srabtae	spelling
srAbtE	959	srabte	ungegn
Av	960	av	pronunciation
Av	2890	av	pronunciation
krENYJn	961	kreungnhien	pronunciation
krENYJn	961	kroeangnhien	spelling
tJtpON	962	tietphong	pronunciation
tJtpAN	962	tietphang	spelling
snEsOm	963	snaeusom	pronunciation
bOrAn	964	boran	pronunciation
bOrJn	964	borean	spelling
plE	965	plae	pronunciation
plE	965	phlae	spelling
plE	965	phle	ungegn
plE	2004	pleu	pronunciation
plE	2004	phlueu	spelling
plE	2004	phloe	ungegn
cbAhlQ	966	chbahloah	pronunciation
cbAslQ	966	chbasloas	spelling
bOntObOntQp	967	bontorbontoap	pronunciation
bAntAbntQb	967	bantabntoab	spelling
sObEn	968	soben	pronunciation
prEN	969	preng	pronunciation
prEN	2729	preng	pronunciation
prEN	2729	proeng	spelling
rOlEt	970	roulaet	pronunciation
rOlEt	970	rolet	ungegn
EvpOk	971	evpuk	pronunciation
OpOk	971	aupuk	spelling
dEn	972	daen	pronunciation
dEn	972	den	ungegn
dEn	2968	den	pronunciation
bONkEtlEN	973	bongkaeutlaeung	pronunciation
bANkEtlEN	973	bangkaeutlaeung	spelling
kJnAkAmJkA	974	keanakameaka	pronunciation
kOnAkAmOkA	974	konakkammokar	spelling
kOnAkAmOkA	974	konakammokar	ungegn
lEkEt	975	likhet	pronunciation
kONkOmlAN	976	kongkomlang	pronunciation
kANkAmlJN	976	kangkamleang	spelling
tEscA	977	teschar	spelling
nQmknJ	978	noamknea	pronunciation
rJcJnAcAk	979	reacheanachak	pronunciation
rJcJnAcAkr	979	reacheanachakr	spelling
cOYdO	981	chuonhdou	pronunciation
cOYdO	981	chuonhdour	spelling
cOYdO	981	chuonhdor	ungegn
pOlEtAkAm	982	phorletakam	pronunciation
pAlEtkAm	982	phalitkamm	spelling
prOvQtEsA	983	provoatesah	pronunciation
prAvOtdEsAstr	983	pravotdesastr	spelling
cJNmOn	984	cheangmun	pronunciation
lAtJpJp	985	lattheapheap	pronunciation
lOtOpJp	985	lotthopheap	spelling
kOAOy	986	kuoaoy	pronunciation
kOrO	986	kuorao	spelling
tOrJtO	988	tureatuoh	pronunciation
tOtOsA	988	turtossa	spelling
tOtOsAn	988	turtossan	ungegn
bOmplAY	989	bomplanh	pronunciation
bAmplAY	989	bamphlanh	spelling
pOlE	990	poulih	pronunciation
pOlE	990	poulis	spelling
pOlE	990	polis	ungegn
pOlE	1939	poulih	pronunciation
pOlE	1939	poulis	spelling
pOlE	1939	polis	ungegn
cOt	992	chhut	pronunciation
cOt	1246	chaot	pronunciation
cOt	2169	chut	pronunciation
cOt	2322	chot	pronunciation
prOkOtprOcEN	993	prokuotprochaeng	pronunciation
prAkOtprAcEN	993	prakuotprachaeng	spelling
prAkOtprAcEN	993	prakuotpracheng	ungegn
rOdEvkAl	994	rodevkal	pronunciation
rOdOvkAl	994	rodouvkal	spelling
rOdOvkAl	994	rodovkal	ungegn
lOmdAp	995	lumdap	pronunciation
lOmdAb	995	lumdab	spelling
pEprO	997	pipruoh	pronunciation
pEprQ	997	piproah	ungegn
bEhdON	998	behdoung	pronunciation
bEhdON	998	behdong	ungegn
rEhkOn	999	rihkun	pronunciation
rEhkOn	999	rihkon	spelling
dOmnOhsrAy	1000	domnohsray	pronunciation
dAmnOhsrAy	1000	damnaohsray	spelling
sONkrOhcJt	1001	songkruohcheat	pronunciation
sANkrOhcJtE	1001	sangkruohcheate	spelling
sANkrQhcJtE	1001	sangkroahcheate	ungegn
kAsEkO	1002	kasekor	pronunciation
kAsEkA	1002	kasekar	spelling
yOtEtQ	1003	yutethoa	pronunciation
yOtdEtOm	1003	yutdethorm	spelling
vErO	1004	viruh	pronunciation
vErO	1004	virus	spelling
prAkAd	1005	prakad	spelling
vJydOmlAy	1006	veaydomlay	pronunciation
vJytAmlEy	1006	veaytamley	spelling
sOmbEytE	1007	soumbeytae	pronunciation
sOmbEytE	1007	soumbeitae	spelling
sOmbEytE	1007	sombeite	ungegn
bOndOy	1008	bondaoy	pronunciation
bAndOy	1008	bandaoy	spelling
sOmpJrJ	1009	somphearea	pronunciation
sAmpJrJk	1009	sampheareak	spelling
sAmpJrJ	1009	samphearea	ungegn
cOnlO	1010	chonloh	pronunciation
cAnlO	1010	chanluoh	spelling
cAnlQ	1010	chanloah	ungegn
rOmpEp	1011	rumpheup	pronunciation
rOmpEb	1011	rumpheub	spelling
kEtkOm	1012	khetkhom	pronunciation
kEtkAm	1012	khetkham	spelling
hJn	1013	hean	pronunciation
AkJ	1014	akea	pronunciation
AkJ	1014	akear	spelling
AkJ	1082	akea	pronunciation
AkJ	2306	akea	pronunciation
AkJ	2306	akear	spelling
kAmnEt	1016	kamnaeut	spelling
krOymOk	1017	kraoymok	pronunciation
tEnO	1018	tinuh	pronunciation
tEnO	1018	tinuoh	spelling
tEnQ	1018	tinoah	ungegn
sOkA	1019	sokkha	pronunciation
sOkA	1019	sokha	spelling
AtAprOyOc	1020	atthaproyaoch	pronunciation
AtAbrOyOcO	1020	atthabroyoucho	spelling
AtAbrOyOcOn	1020	atthabroyouchon	ungegn
kAtA	1021	kata	pronunciation
kAtA	1992	kata	pronunciation
kAtdA	1021	katda	spelling
cAY	1022	chanh	pronunciation
pJnrONvQn	1023	peanrungvoan	pronunciation
pJnrONvQn	1023	peanrongvoan	spelling
sAkAm	1024	sakam	pronunciation
sAkAm	1024	sakamm	spelling
lOkcOmtJv	1025	loukchumteav	pronunciation
yOtJnJkA	1026	yuttheaneaka	pronunciation
yOtOnJkA	1026	yutthoneakar	spelling
cEvJpJp	1027	chiveapheap	pronunciation
cEvpJp	1027	chivpheap	spelling
mEltOv	1028	meultov	pronunciation
mEltO	1028	meultou	ungegn
pEYlEY	1029	penhlenh	pronunciation
bOndEN	1031	bondeng	pronunciation
bAndEN	1031	bandoeng	spelling
cOlAnA	1032	cholana	pronunciation
cAlnJ	1032	chalnea	spelling
hAvtA	1033	havtha	pronunciation
hOtA	1033	hautha	spelling
nEyOm	1034	niyum	pronunciation
nEyOm	1034	niyom	spelling
prOtEbAt	1035	protebat	pronunciation
prAtEbAtdE	1035	pratebatde	spelling
bOntOtJt	1036	bontortiet	pronunciation
bAntAtJt	1036	bantatiet	spelling
tOtOltJn	1037	totuoltean	pronunciation
tJhJn	1038	teahean	pronunciation
tJhAn	1038	teahan	spelling
tOvtJt	1039	tovtiet	pronunciation
tOtJt	1039	toutiet	ungegn
dAm	1041	dam	pronunciation
dAm	2450	dam	spelling
nEtEvEtE	1042	nitevithi	pronunciation
kAsEt	1043	kasaet	pronunciation
kAsEt	1043	kaset	ungegn
cnOt	1044	chnaot	pronunciation
cnOt	1044	chhnaot	spelling
sOnlEk	1045	sonlek	pronunciation
sAnlEk	1045	sanluek	spelling
sAnlEk	1045	sanloek	ungegn
kOtsOmkQl	1046	kotsomkoal	pronunciation
kAtsAmkQl	1046	katsamkoal	spelling
kOlkA	1047	koulka	pronunciation
kOlkArO	1047	koulkaro	spelling
kOlkArOn	1047	koulkaron	ungegn
knAN	1048	khnang	spelling
spJn	1049	spean	pronunciation
cQnkpO	1050	choankpuoh	pronunciation
cQnkpO	1050	choankhpos	spelling
rOksE	1051	roksi	pronunciation
klAc	1052	klach	pronunciation
klAc	1052	khlach	spelling
kEN	1053	keng	pronunciation
kEN	1778	kheng	pronunciation
kEN	1979	kheng	pronunciation
kEN	1979	khoeng	spelling
kEN	2258	kaeng	pronunciation
kEN	2258	keng	ungegn
bOntJymJncEy	1054	bonteaymeanchey	pronunciation
bAntJymJncEy	1054	banteaymeanchey	spelling
bAntJymJncQy	1054	banteaymeanchoay	ungegn
tOkcEt	1055	tukchet	pronunciation
tOkcEt	1055	tukchett	spelling
kOhknJ	1056	khohknea	pronunciation
kOsknJ	1056	khosknea	spelling
klANnA	1057	klangnah	pronunciation
klANnA	1057	khlangnas	spelling
nOvE	1058	novae	pronunciation
nOE	1058	noue	ungegn
lEkOmpO	1059	leukompuoh	pronunciation
lEkAmpO	1059	leukkampos	spelling
hEt	1060	haet	pronunciation
hEtO	1060	heto	spelling
ApEbAlkEt	1062	aphibalkhaet	pronunciation
ApEbAlkEt	1062	aphibalkhett	spelling
nJknJN	1063	neakneang	pronunciation
nAknJN	1063	nakneang	spelling
vEtEsA	1064	vithisah	pronunciation
vEtEsAstr	1064	vithisastr	spelling
OmnOy	1065	omnaoy	pronunciation
AmnOy	1065	amnaoy	spelling
cAt	1067	chat	pronunciation
cAt	2322	chat	spelling
kAm	1068	kam	pronunciation
kAm	1068	kamm	spelling
kAm	2076	kham	spelling
kAm	2241	kam	spelling
kAm	2862	kham	pronunciation
hENsA	1069	hengsa	pronunciation
hENsJ	1069	hengsea	spelling
AcEp	1070	achip	pronunciation
dOmrEv	1071	domrev	pronunciation
tAmrOv	1071	tamruv	spelling
prEycE	1072	preychheu	pronunciation
rOcEy	1073	ruochhaeuy	pronunciation
pAdEsEt	1074	padesaet	pronunciation
bAdEsEt	1074	badeseth	spelling
lJkAn	1075	leakkhan	pronunciation
lOkAkAnd	1075	lokkhakhand	spelling
vEtyO	1076	vityu	pronunciation
cOmnEY	1078	chomnenh	pronunciation
cAmnEY	1078	chamnenh	spelling
tOhsAnAkEc	1079	tuohsanakech	pronunciation
tOsAnkEc	1079	tossankechch	spelling
cEcJk	1080	cheucheak	pronunciation
cEcJk	1080	choeacheak	spelling
prOm	1081	prom	pronunciation
prOm	2826	prum	pronunciation
Ak	1082	akk	spelling
pJpyOn	1083	pheapyun	pronunciation
pJpyOnt	1083	pheapyont	spelling
mEndEl	1084	mendael	pronunciation
mEndEl	1084	mindael	spelling
mEndEl	1084	mindel	ungegn
prOcJtEpAtAy	1086	procheathepatay	pronunciation
prAcJtEbtEy	1086	pracheathibteyy	spelling
pYE	1087	pnhaeu	pronunciation
pYE	1087	phnhaeu	spelling
pEYcEt	1088	penhchet	pronunciation
pEYcEt	1088	penhchett	spelling
cOmlO	1089	chumluoh	pronunciation
cOmlO	1089	chomluoh	spelling
cOmlQ	1089	chomloah	ungegn
sON	1090	song	pronunciation
sON	1601	song	pronunciation
sON	1902	song	pronunciation
sANk	1090	sangkh	spelling
tEhdAv	1091	tehdav	pronunciation
tEsdO	1091	tisdau	spelling
mJtyOm	1093	meatyum	pronunciation
mOtyOm	1093	mothyom	spelling
nEsEt	1094	niset	pronunciation
nEsEt	1094	nisset	spelling
kOckAt	1095	khouchkhat	pronunciation
kOckAt	1095	khochkhat	ungegn
cOmhJn	1096	chumhean	pronunciation
cOmhAn	1096	chumhan	spelling
rEAE	1097	riae	pronunciation
rJ	1097	rie	ungegn
rJ	2015	rea	pronunciation
rJ	2836	reah	pronunciation
hAnEpEy	1098	haniphey	pronunciation
hAnEpQy	1098	haniphoay	ungegn
cEYpsAy	1099	chenhpsay	pronunciation
cEYpsAy	1099	chenhphsay	spelling
vEcJcEvJ	1100	vecheachivea	pronunciation
vEcJcEvJ	1100	vichcheachivea	ungegn
vEcJcEvJk	1100	vichcheachiveak	spelling
vEl	1101	vel	pronunciation
vEl	1101	vil	spelling
rOmlOp	1102	rumloup	pronunciation
rOmlOp	1102	rumlouph	spelling
EnAtJn	1103	enatean	pronunciation
EntJn	1103	entean	spelling
tOvA	1104	torva	pronunciation
tAvA	1104	tava	spelling
kEv	1105	kaev	pronunciation
kEv	1105	kev	ungegn
cOmnEhdEN	1106	chomnehdeng	pronunciation
cAmnEhdEN	1106	chamnehdoeng	spelling
sApJ	1107	saphea	pronunciation
kOmnEn	1108	komnaeun	pronunciation
kAmnEn	1108	kamnaeun	spelling
mOhArEk	1110	moharik	pronunciation
sOsAy	1111	sosay	pronunciation
sAsAy	1111	sarsai	spelling
sAkA	1112	sakha	pronunciation
tvJ	1113	tvea	pronunciation
tvJ	1113	tvear	spelling
pEty	1114	pety	spelling
tQ	1115	toah	ungegn
tQ	1694	thoa	pronunciation
tQ	2954	toah	pronunciation
tQ	2954	toas	spelling
ptE	1116	pte	pronunciation
ptE	1116	phter	spelling
sErEy	1117	serey	pronunciation
sErE	1117	seri	spelling
sErE	1410	seri	pronunciation
sErE	1754	siri	pronunciation
sErE	2747	seri	pronunciation
sOp	1118	sop	pronunciation
sOp	1917	sop	pronunciation
sAp	1118	sap	spelling
cEcAp	1120	chheuchap	pronunciation
cEcAb	1120	chhueuchab	spelling
cEcAb	1120	chhoechab	ungegn
OkYA	1123	oknha	pronunciation
rOy	1124	roy	pronunciation
nQmcEY	1125	noamchenh	pronunciation
sOl	1126	sol	pronunciation
sAl	1126	sal	spelling
sAl	2615	sal	pronunciation
sOmnO	1127	somnuo	pronunciation
sAmnO	1127	samnuor	spelling
pOnlE	1128	punleu	pronunciation
pOnlE	1128	ponlueu	spelling
pOnlE	1128	ponloe	ungegn
tJtO	1129	theato	spelling
sAhsnA	1130	sahsna	pronunciation
sAsnJ	1130	sasnea	spelling
vEcJbOndEt	1132	vecheabondet	pronunciation
vEcObndEt	1132	vechchobndit	spelling
rOptOt	1133	rupthot	pronunciation
rObtAt	1133	rubthat	spelling
vEtyJsA	1135	vityeasah	pronunciation
vEtyJsAstr	1135	vityeasastr	spelling
kvA	1136	kvah	pronunciation
kvA	1136	khvah	spelling
kOmpyOtE	1139	kompyuteu	pronunciation
kOmpyOtQ	1139	kompyutoar	spelling
prOdAl	1140	prodal	pronunciation
prAdAl	1140	pradal	spelling
sAhApJp	1141	sahapheap	pronunciation
sAhpJp	1141	sahpheap	spelling
pJkOndAl	1142	peakondal	pronunciation
pJkAndAl	1142	peakkandal	spelling
srA	1143	sra	pronunciation
srA	1562	sras	spelling
kOmprENprEN	1144	khomprengpraeng	pronunciation
kAmprENprEN	1144	khamproengpraeng	spelling
kAmprENprEN	1144	khamproengpreng	ungegn
krOpyAN	1145	krupyang	pronunciation
krObyAN	1145	krobyang	spelling
mOhAptEy	1146	mohaptey	pronunciation
mOhAptEy	1146	mohaphtey	spelling
EkArJc	1147	aekareach	pronunciation
EkrJcy	1147	aekreachy	spelling
EkrJcy	1147	ekreachy	ungegn
tEkprAk	1148	tekprak	pronunciation
tEkprAk	1148	tuekprak	spelling
tEkprAk	1148	toekprak	ungegn
nEsAt	1149	nesat	pronunciation
cOhpsAy	1150	chohpsay	pronunciation
cOhpsAy	1150	chohphsay	spelling
vEN	1151	vaeng	pronunciation
vEN	1151	veng	ungegn
yOldEN	1152	yuldeng	pronunciation
yOldEN	1152	yoldoeng	spelling
mEnkO	1153	menkuo	pronunciation
mEnkO	1153	minkuor	spelling
pOntJnJkJ	1154	puntheaneakea	pronunciation
pOntOnJkJ	1154	ponthoneakear	spelling
rJprQp	1155	rieproap	pronunciation
rJbrQb	1155	riebroab	spelling
AkEsAnE	1156	akisani	pronunciation
AkEsnE	1156	akkisni	spelling
tEtQm	1157	thaetoam	pronunciation
tEtQm	1157	thetoam	ungegn
bOmpJk	1158	bompeak	pronunciation
bAmpJk	1158	bampeak	spelling
sAhAprOcJcJt	1159	sahaprocheacheat	pronunciation
sAhprAcJcJtE	1159	sahpracheacheate	spelling
mJtE	1160	meate	pronunciation
mOtE	1160	mote	spelling
cJklJk	1161	cheakleak	pronunciation
pOt	1162	phot	pronunciation
pOt	1232	put	pronunciation
pOt	1232	puth	spelling
lOmEt	1163	lumet	pronunciation
lOmEt	1163	lomet	spelling
AkA	1164	akah	pronunciation
AkA	1164	akas	spelling
kOnsrEy	1165	kounsrey	pronunciation
kOnsrEy	1165	kounsrei	spelling
kOnsrEy	1165	konsrei	ungegn
pEcArAnA	1166	picharana	pronunciation
pEcAnA	1166	picharna	spelling
kJv	1167	khiev	pronunciation
tEpnJkNJ	1168	tipneakngea	pronunciation
tEpnJkNJ	1168	tiphneakngear	spelling
sEpONkEt	1169	seupongket	pronunciation
sEbANkEt	1169	seubangket	spelling
cOhcOl	1170	chuohchul	pronunciation
cOscOl	1170	chuoschul	spelling
tOntEm	1171	tuntem	pronunciation
tOntEm	1171	tontuem	spelling
tOntEm	1171	tontoem	ungegn
AsrAy	1172	asray	pronunciation
AsrAy	1172	asrai	spelling
sOkr	1173	sokr	spelling
sdEypEkA	1174	sdeypika	pronunciation
sdEypEkA	1174	sdeipikar	spelling
svENyOl	1175	svaengyul	pronunciation
svENyOl	1175	svaengyol	spelling
svENyOl	1175	svengyol	ungegn
kOmrO	1176	kumru	pronunciation
kOmrO	1674	komror	pronunciation
trAm	1177	tram	pronunciation
tAN	1178	tang	pronunciation
tAN	1921	tang	spelling
tAN	2271	thang	spelling
sOmpJt	1179	sompeat	pronunciation
sAmpJt	1179	sampeath	spelling
cOmnOl	1180	chomnoul	pronunciation
cAmnOl	1180	chamnoul	spelling
cAmnOl	1180	chamnol	ungegn
bEsEn	1181	baeusen	pronunciation
prONprOyAt	1182	prongproyat	pronunciation
prONprAyQtn	1182	prongprayoatn	spelling
trQpsOmbAt	1183	troapsombat	pronunciation
trOpyOsmbAtdE	1183	tropyosmbatde	spelling
cOndOmnEN	1184	chundomneng	pronunciation
cOndAmnEN	1184	chundamnoeng	spelling
EvpOkmdAy	1185	evpukmday	pronunciation
OpOkmdAy	1185	aupukmday	spelling
bOntQn	1186	bontoan	pronunciation
bAntQn	1186	bantoan	spelling
prOkOp	1187	prokop	pronunciation
prAkAb	1187	prakab	spelling
ONkOy	1188	ongkuy	pronunciation
ANkOy	1188	angkuy	spelling
OpAtOm	1189	upatthom	pronunciation
ObtAmp	1189	obtthamph	spelling
rJpkA	1190	riepka	pronunciation
rJbkA	1190	riebkar	spelling
vEbAt	1192	vibat	pronunciation
vEbAtdE	1192	vibatde	spelling
cOmrO	1193	chomroh	pronunciation
cOmrO	2341	chumruh	pronunciation
cOmrO	2341	chomruh	spelling
cAmrO	1193	chamruh	spelling
kAYcOp	1194	kanhchop	pronunciation
kAYcAb	1194	kanhchab	spelling
kElOmEt	1195	kiloumaet	pronunciation
kElOmEtr	1195	kiloumaetr	spelling
kElOmEtr	1195	kilometr	ungegn
nQmyOk	1197	noamyok	pronunciation
cpOhtOv	1198	chpuohtov	pronunciation
cpOhtOv	1198	chhpuohtov	spelling
cpQhtO	1198	chhpoahtou	ungegn
pOnt	1199	ponth	spelling
prJhvEhJ	1200	preahvihea	pronunciation
prJhvEhA	1200	preahvihar	spelling
sOntAkJ	1201	sonthakea	pronunciation
sAntAkJ	1201	santhakear	spelling
AsJknE	1202	asiakne	pronunciation
AsJknEy	1202	asiakney	ungegn
cAtOktA	1203	chatuktha	pronunciation
cAtOktA	1203	chattuktha	spelling
dOmlEN	1204	domlaeung	pronunciation
dOmlEN	2947	domlaeung	pronunciation
dAmlEN	1204	damlaeung	spelling
prOybArOm	1205	pruoybarom	pronunciation
prOybArOmp	1205	pruoybaromph	spelling
AnOprOtJn	1206	anuprothean	pronunciation
AnObrOtJn	1206	anubrothean	spelling
krA	1207	kra	spelling
krA	2804	krah	pronunciation
krA	2804	kras	spelling
kOnlE	1208	kunleh	pronunciation
kOnlE	1208	konlueh	spelling
kOnlE	1208	konloeh	ungegn
cOcA	1210	chorcha	pronunciation
cAcA	1210	charcha	spelling
sArAsOmkAn	1211	sarasomkhan	pronunciation
sArJksAmkAn	1211	sareaksamkhan	spelling
sArJsAmkAn	1211	sareasamkhan	ungegn
mEtpJk	1212	metpheak	pronunciation
mEtdApkdE	1212	mitdaphkde	spelling
sAmAY	1213	samanh	pronunciation
sAmOY	1213	samonhnh	spelling
EkrON	1214	ekrong	pronunciation
cJnEc	1215	cheanech	pronunciation
cJnEc	1215	cheanichch	spelling
cQn	1217	choan	pronunciation
vEcJmJn	1218	vecheamean	pronunciation
vEcOmJn	1218	vichchomean	spelling
ptOy	1219	ptuy	pronunciation
ptOy	1219	phtuy	spelling
prEprOl	1220	praepruol	pronunciation
prEprOl	1220	prepruol	ungegn
sOmnOmrEN	1224	somnomreung	pronunciation
sAmnOmrEN	1224	samnomroeang	spelling
sdAc	1225	sdach	pronunciation
sdEc	1225	sdech	spelling
mOndOl	1226	mundul	pronunciation
mOndOl	1226	mondol	spelling
hEtvEy	1227	haetvey	pronunciation
hEtOvEy	1227	hetovei	spelling
tEptE	1228	teuptae	pronunciation
tEbtE	1228	teubtae	spelling
tEbtE	1228	teubte	ungegn
kOp	1229	khuop	pronunciation
kOp	2449	kop	pronunciation
kOb	1229	khuob	spelling
cOmnOp	1230	chumnuop	pronunciation
cOmnOb	1230	chumnuob	spelling
prOhA	1233	proha	pronunciation
prAhA	1233	prahar	spelling
OtJhO	1234	uteahor	pronunciation
OtJhrO	1234	oteahro	spelling
OtJhrOn	1234	oteahron	ungegn
sOmrAk	1235	somrak	pronunciation
sAmrJk	1235	samreak	spelling
snAm	1236	snam	pronunciation
bAYcOb	1237	banhchhob	spelling
rQtsApJ	1238	roatsaphea	pronunciation
rOdtAspJ	1238	rodthasphea	spelling
krEykrO	1239	kreykror	pronunciation
krEykr	1239	kreikr	spelling
ONkJ	1241	ongkea	pronunciation
ANkJ	1241	angkear	spelling
kOmhO	1242	komhoh	pronunciation
kAmhO	1242	kamhos	spelling
cEkcAy	1243	chaekchay	pronunciation
cEkcAy	1243	chekchay	ungegn
kAy	1244	kay	pronunciation
cAtkA	1245	chatka	pronunciation
cAtkA	1245	chatkar	spelling
bOntOk	1247	bontuk	pronunciation
bAntOk	1247	bantuk	spelling
sAkOlvEtyJlAy	1248	sakolvityealay	pronunciation
sAkAlvEtyJlEy	1248	sakalvityealey	spelling
sAkAlvEtyJlQy	1248	sakalvityealoay	ungegn
crOk	1249	chrok	pronunciation
crOk	1552	chruk	pronunciation
crAk	1249	chrak	spelling
mEncON	1250	menchong	pronunciation
mEncAN	1250	minchang	spelling
mAtyObAy	1252	matyoubay	pronunciation
mOtyObAy	1252	mothyoubay	spelling
rJksAtOk	1253	reaksatuk	pronunciation
rOksAtOk	1253	roksatuk	spelling
OYcEN	1254	onhcheng	pronunciation
AYcEN	1254	anhchoeng	spelling
cOcEk	1255	chochaek	pronunciation
cOcEk	1255	chochek	ungegn
bOnlE	1256	bonlae	pronunciation
bAnlE	1256	banlae	spelling
bAnlE	1256	banle	ungegn
srEv	1257	srev	pronunciation
srOv	1257	srouv	spelling
srOv	1257	srov	ungegn
kOmpONcAm	1258	kompungcham	pronunciation
kAmpONcAm	1258	kampongcham	spelling
kOk	1259	kok	pronunciation
kOk	1406	kouk	pronunciation
kOk	2118	kuk	pronunciation
kAk	1259	kak	spelling
kAk	2164	kak	pronunciation
bOksrAy	1261	boksray	pronunciation
bAksrAy	1261	baksray	spelling
sAlAdOmbON	1262	saladomboung	pronunciation
sAlJdAmbON	1262	saleadamboung	spelling
sAlJdAmbON	1262	saleadambong	ungegn
vEykmEN	1263	veykmeng	pronunciation
vQykmEN	1263	voaykmeng	ungegn
nJvJ	1264	neavea	pronunciation
plEk	1265	plaek	pronunciation
plEk	1265	plek	ungegn
dEcEtOl	1266	dichithol	pronunciation
dEcEtAl	1266	dichithal	spelling
ONkO	1268	ongkor	pronunciation
ONkO	1346	ongkor	pronunciation
ANkO	1268	angkor	spelling
cOmnOY	1271	chumnuonh	pronunciation
rJN	1272	reang	pronunciation
rJN	1369	rieng	pronunciation
sOmrOpsOmrOl	1273	somropsomruol	pronunciation
sAmrObsAmrOl	1273	samrobsamruol	spelling
AtrA	1274	atra	pronunciation
AtrJ	1274	atrea	spelling
prOdAp	1275	prodap	pronunciation
prAdAb	1275	pradab	spelling
dOt	1276	daot	pronunciation
dOt	1416	dot	pronunciation
nJyOkAtAn	1277	neayuokathan	pronunciation
nJykAdtAn	1277	neaykadthan	spelling
pOlprOyOc	1278	pholproyaoch	pronunciation
pAlprAyOcO	1278	phalprayoucho	spelling
pAlprAyOcOn	1278	phalprayouchon	ungegn
OstrAlE	1279	oustrali	pronunciation
OstrAlE	1279	ostrali	ungegn
OhstrAlE	1279	ouhstrali	pronunciation
rOmlEk	1280	rumlek	pronunciation
rOmlEk	1280	rumluek	spelling
rOmlEk	1280	rumloek	ungegn
rOmlEk	2659	rumlek	pronunciation
rOmlEk	2659	rumluek	spelling
rOmlEk	2659	rumloek	ungegn
rOmlEk	2835	rumlaek	pronunciation
rOmlEk	2835	rumlek	ungegn
kAp	1281	kap	pronunciation
kAb	1281	kab	spelling
kAb	2449	kab	spelling
sOmdAv	1283	somdav	pronunciation
sAmdO	1283	samdau	spelling
hAtAlEkA	1284	hatthalekha	pronunciation
AkAhsAtJt	1285	akahsatheat	pronunciation
AkAstJtO	1285	akastheato	spelling
kAmplEN	1286	kampleung	pronunciation
kAmplEN	1286	kamphleung	spelling
kAmplEN	1892	kamplaeng	spelling
kAmplEN	1892	kampleng	ungegn
YEkYQp	1287	nheknhoap	pronunciation
YEkYQb	1287	nhueknhoab	spelling
YEkYQb	1287	nhoeknhoab	ungegn
rOlJk	1288	roleak	pronunciation
cAtOk	1289	chatuk	pronunciation
cAtOk	1289	chattuk	spelling
mQn	1290	moan	pronunciation
mEbOYcJkA	1291	mebonhcheaka	pronunciation
mEbYcJkA	1291	mebnhcheakar	spelling
rJNsE	1292	reangsi	pronunciation
rONsE	1292	rongsi	spelling
rOcmOk	1293	ruochmok	pronunciation
cJtOtOv	1294	cheatutov	pronunciation
cJtOtO	1294	cheatutou	ungegn
mAlEsE	1295	malesi	pronunciation
sdA	1296	sda	pronunciation
sdA	1296	sdar	spelling
tOvrOk	1297	tovrok	pronunciation
tOrOk	1297	tourok	ungegn
Ek	1298	aek	pronunciation
Ek	1298	ek	ungegn
tmEY	1299	tmenh	pronunciation
tmEY	1299	thmenh	spelling
prOmJn	1301	promean	pronunciation
dOntrEy	1302	dontrey	pronunciation
tAntrEy	1302	tantrei	spelling
cAn	1304	chan	pronunciation
cAn	1334	chan	pronunciation
cAn	1584	chan	pronunciation
cAn	2211	chan	pronunciation
cAnt	1304	chant	spelling
cAnt	1334	chant	spelling
mcAhptJ	1305	mchahpteah	pronunciation
mcAsptJ	1305	mchasphteah	spelling
plJN	1306	plieng	pronunciation
plJN	1306	phlieng	spelling
mA	1307	ma	pronunciation
mA	2119	mah	pronunciation
mA	2119	mas	spelling
mA	2576	mah	pronunciation
mA	2576	mas	spelling
tOmlQp	1308	tumloap	pronunciation
tOmlQb	1308	tomloab	spelling
prOtJnbOt	1309	protheanbot	pronunciation
prAtJnbAt	1309	pratheanbat	spelling
yANnAmEY	1310	yangnamenh	pronunciation
yANnAmEY	1310	yangnaminh	spelling
krObONvEk	1311	krubongvek	pronunciation
krObNvEk	1311	krubngvuek	spelling
krObNvEk	1311	krubngvoek	ungegn
cnE	1312	chne	pronunciation
cnE	1312	chhner	spelling
pEmOn	1313	pimun	pronunciation
svAkOm	1314	svakum	pronunciation
svAkmO	1314	svakmo	spelling
svAkmOn	1314	svakmon	ungegn
tEkOnlEN	1315	tikonlaeng	pronunciation
tEknlEN	1315	tiknlaeng	spelling
tEknlEN	1315	tiknleng	ungegn
bONkA	1316	bongka	pronunciation
bANkA	1316	bangkar	spelling
vA	1317	va	pronunciation
sOmrO	1318	somroh	pronunciation
sAmrO	1318	samros	spelling
On	1319	oun	pronunciation
On	1319	on	ungegn
On	1319	oun	curated
bArOm	1320	barom	pronunciation
bArOmp	1320	baromph	spelling
pdEN	1322	pdeng	pronunciation
pdEN	1322	pdoeng	spelling
mOlnEtE	1323	mulnithi	pronunciation
stAnkA	1324	sthanka	pronunciation
stAnkArO	1324	sthankaro	spelling
stAnkArOn	1324	sthankaron	ungegn
dEytlE	1326	deytli	pronunciation
dEytlE	1326	deithli	spelling
tEctOc	1327	techtuoch	pronunciation
svAyrJN	1328	svayrieng	pronunciation
tEbOmpOt	1329	tibomphot	pronunciation
tEbAmpOt	1329	tibamphot	spelling
pJrEyJ	1330	pheariyea	pronunciation
pOrEyJ	1330	phoriyea	spelling
kOmpOt	1331	kompot	pronunciation
kAmpOt	1331	kampot	spelling
cOmNAy	1332	chomngay	pronunciation
cAmNJy	1332	chamngeay	spelling
kAbOp	1333	kaboup	pronunciation
kAbOb	1333	kaboub	spelling
kAbOb	1333	kabob	ungegn
cJtQmJdA	1335	cheathoameada	pronunciation
cJtOmOtA	1335	cheathommota	spelling
slAklEk	1336	slaklek	pronunciation
slAklEk	1336	slaklekh	spelling
trOcJk	1337	trocheak	pronunciation
trOcJk	2318	trochiek	pronunciation
trAcJk	1337	tracheak	spelling
trAcJk	2318	trachiek	spelling
pEndEy	1338	phaendey	pronunciation
pEndEy	1338	phaendei	spelling
pEndEy	1338	phendei	ungegn
hAtprAn	1339	hatpran	pronunciation
smAtfOn	1341	smatfoun	pronunciation
smAtvOn	1341	smathvoun	spelling
smAtvOn	1341	smathvon	ungegn
snONkA	1342	snongka	pronunciation
snANkA	1342	snangkar	spelling
crJN	1343	chrieng	pronunciation
AnAmAy	1344	anamay	pronunciation
AnJmEy	1344	aneamey	spelling
AnJmQy	1344	aneamoay	ungegn
ANkA	1346	angkar	spelling
cONcAm	1347	chongcham	pronunciation
cANcAm	1347	changcham	spelling
tOmnON	1349	tumnong	pronunciation
bOntOptQl	1351	bontorptoal	pronunciation
bAntAptQl	1351	bantaphtoal	spelling
bAy	1352	bay	pronunciation
bAy	2848	bay	pronunciation
bAy	2848	bai	spelling
prOvQt	1353	provoat	pronunciation
prAvOtdE	1353	pravotde	spelling
kbE	1354	kbae	pronunciation
kbE	1354	kbaer	spelling
kbE	1354	kber	ungegn
prOhQ	1355	prohoah	pronunciation
prOhsbA	1355	prohsba	spelling
prOhsbAtE	1355	prohsbate	ungegn
pOYOl	1356	punyul	pronunciation
pOYOl	1356	ponyol	spelling
sbEkcEN	1357	sbaekcheung	pronunciation
sbEkcEN	1357	sbekcheung	ungegn
hAkdOcJ	1358	hakdouchea	pronunciation
hAkdOcJ	1358	hakdouchchea	spelling
hAkdOcJ	1358	hakdochchea	ungegn
sAkOl	1359	sakol	pronunciation
sAkAl	1359	sakal	spelling
prOlON	1360	prolong	pronunciation
prAlAN	1360	pralang	spelling
sAtJrJnArQt	1361	satheareanaroat	pronunciation
sAtJrOnrOdt	1361	sathearonrodth	spelling
mEnlO	1362	menlor	pronunciation
mEnOl	1362	minol	spelling
bAk	1363	bak	pronunciation
bAk	1994	bak	spelling
AlEmON	1365	aleumong	pronunciation
AlEmAN	1365	allueumang	spelling
AlEmAN	1365	alloemang	ungegn
rJc	1366	reach	pronunciation
bOntOl	1368	bontul	pronunciation
bAntOl	1368	bantul	spelling
Om	1372	om	pronunciation
Om	2515	om	pronunciation
Am	1372	am	spelling
Am	2515	am	spelling
smAdEy	1373	smardey	pronunciation
smAtEy	1373	smartei	spelling
pA	1374	pah	pronunciation
pA	1698	pa	pronunciation
pA	2643	pha	pronunciation
srAl	1375	sral	pronunciation
tOmlJk	1376	tumleak	pronunciation
tOmlJk	1376	tomleak	spelling
AtAsAYAn	1377	atasanhan	pronunciation
AtdAsAYJn	1377	atdasanhnhean	spelling
rOprJN	1378	rupreang	pronunciation
rObrJN	1378	rubreang	spelling
prArOp	1379	prarup	pronunciation
prArOpt	1379	praropth	spelling
OntArAkOm	1380	ontarakum	pronunciation
AntArJkmO	1380	antareakmo	spelling
AntArJkmOn	1380	antareakmon	ungegn
kAfE	1381	kafe	pronunciation
kAhvE	1381	kahve	spelling
cOmrJp	1382	chumreap	pronunciation
cOmrJb	1382	chomreab	spelling
sOmrOm	1383	somrum	pronunciation
sAmrOmy	1383	samromy	spelling
kEcsOYA	1384	kechsonya	pronunciation
kEcAsYJ	1384	kechchasnyea	spelling
tlENkA	1385	tlaengka	pronunciation
tlENkArO	1385	thlaengkaro	spelling
tlENkArOn	1385	thlengkaron	ungegn
kEtEyO	1386	keteyuoh	pronunciation
kEtdEyO	1386	ketdeyos	spelling
kOmpONtOm	1387	kompungthum	pronunciation
kAmpONtOm	1387	kampongthum	spelling
EcEN	1390	icheng	pronunciation
EcEN	1390	ichoeng	spelling
cEYtOv	1392	chenhtov	pronunciation
cEYtO	1392	chenhtou	ungegn
sONkEt	1393	songket	pronunciation
sANkEt	1393	sangket	spelling
tOtOlkA	1394	totuolka	pronunciation
tOtOlkA	1394	totuolkar	spelling
plEc	1395	plech	pronunciation
plEc	1395	phlech	spelling
hAk	1396	hak	pronunciation
tOsO	1397	torsu	pronunciation
tAsO	1397	tasu	spelling
kOmpONcnAN	1398	kompungchnang	pronunciation
kAmpONcnAN	1398	kampongchhnang	spelling
cOlcnAm	1399	choulchnam	pronunciation
cOlcnAm	1399	choulchhnam	spelling
cOlcnAm	1399	cholchhnam	ungegn
kEprE	1400	kaeprae	pronunciation
kEprE	1400	kepre	ungegn
kOkbAl	1401	khuokbal	pronunciation
kOkbAl	1401	khuorkbal	spelling
tOsAnJk	1403	tossaneak	spelling
bOndOhAsOn	1404	bondohason	pronunciation
bAndOhAsAn	1404	bandaohasann	spelling
mEtApJp	1405	metapheap	pronunciation
mEtdApJp	1405	mitdapheap	spelling
prAkcOmnOl	1407	prakchomnoul	pronunciation
prAkcAmnOl	1407	prakchamnoul	spelling
prAkcAmnOl	1407	prakchamnol	ungegn
pEc	1409	pech	pronunciation
pEcr	1409	pechr	spelling
tOl	1411	tul	pronunciation
tOl	1411	tol	spelling
tOl	2955	tul	pronunciation
prOhtE	1412	pruohtae	pronunciation
prQhtE	1412	proahte	ungegn
rOcrQl	1413	ruochroal	pronunciation
snAdAy	1414	snaday	pronunciation
snAdAy	1414	snadai	spelling
OmlON	1415	omlong	pronunciation
AmlON	1415	amlong	spelling
sAlArJn	1417	salarien	pronunciation
sAlJrJn	1417	salearien	spelling
krQ	1418	kroah	ungegn
cAlAt	1419	chalat	pronunciation
cAlQt	1419	chaloat	spelling
pkA	1421	pka	pronunciation
pkA	1421	phka	spelling
pnJkNJ	1422	pneakngea	pronunciation
pnJkNJ	1422	phneakngear	spelling
clEy	1423	chlaeuy	pronunciation
clEy	1423	chhlaeuy	spelling
tOn	1424	taon	pronunciation
tOn	1662	thun	pronunciation
tOn	1662	thon	spelling
tOn	1854	tun	pronunciation
tOn	1854	ton	spelling
tOn	1967	tun	pronunciation
tOn	2302	thun	pronunciation
bOntJ	1425	bonteah	pronunciation
bAntJ	1425	banteah	spelling
rOmlON	1426	rumlong	pronunciation
sOmnE	1428	somnaeu	pronunciation
sAmnE	1428	samnaeu	spelling
cENEk	1429	cheungaek	pronunciation
cENEk	1429	cheungek	ungegn
YO	1430	nhor	pronunciation
YO	1430	nho	spelling
sOmrAm	1431	somram	pronunciation
sAmrJm	1431	samream	spelling
cOmnAtnAk	1432	chomnatnak	pronunciation
cAmnAtnAk	1432	chamnatthnak	spelling
tOlOmtOlJy	1433	tulumtuleay	pronunciation
lJp	1434	leap	pronunciation
lJp	2096	leap	pronunciation
lJp	2096	leaph	spelling
lJb	1434	leab	spelling
hEN	1435	heng	pronunciation
sOnEsEt	1436	soniset	pronunciation
sAnEsEyt	1436	sanniseit	spelling
bOmbEk	1437	bombaek	pronunciation
bAmbEk	1437	bambaek	spelling
bAmbEk	1437	bambek	ungegn
rJctJnE	1438	reachtheani	pronunciation
bOhpOm	1440	bohpum	pronunciation
bOhpOmp	1440	baohpump	spelling
prOp	1441	proop	pronunciation
prJptJp	1442	priepthiep	pronunciation
prJbtJb	1442	priebthieb	spelling
rOmcOmnEk	1443	ruomchomnaek	pronunciation
rOmcAmnEk	1443	ruomchamnaek	spelling
rOmcAmnEk	1443	ruomchamnek	ungegn
sAhAkrJ	1444	sahakreah	pronunciation
sAhkrJ	1444	sahkreas	spelling
cAprOhA	1445	chhaprohah	pronunciation
cAbrOhA	1445	chhabrohas	spelling
sAksO	1447	saksuo	pronunciation
sAksO	1447	saksuor	spelling
kOmpONspE	1448	kompungspeu	pronunciation
kAmpONspE	1448	kampongspueu	spelling
kAmpONspE	1448	kampongspoe	ungegn
rENrAv	1449	reungrav	pronunciation
rENrAv	1449	roeangrav	spelling
rOmkAn	1450	rumkhan	pronunciation
ApErJk	1451	aphireak	pronunciation
ApErOks	1451	aphiroks	spelling
cmOY	1453	chmuonh	pronunciation
cmOY	1453	chhmuonh	spelling
tAntEN	1455	tanteng	pronunciation
tAntEN	1455	tantoeng	spelling
sAkdAnOpOl	1456	sakdanupul	pronunciation
sAkdAnOpOl	1456	sakdanupol	spelling
tJrOk	1457	tearuok	pronunciation
tJrOk	1457	tearok	spelling
pOlJkO	1458	puleakor	pronunciation
pOlkA	1458	polkar	spelling
dOcdEl	1459	douchdael	pronunciation
dOcdEl	1459	dochdel	ungegn
prEtsApJ	1460	pretsaphea	pronunciation
prEtOspJ	1460	pruetthosphea	spelling
prEtOspJ	1460	proetthosphea	ungegn
hOc	1461	haoch	pronunciation
cnAyprOdEt	1462	chnayprodet	pronunciation
cnAybrOdEt	1462	chnaibrodit	spelling
cJmOn	1463	cheamun	pronunciation
pJn	1464	pean	pronunciation
stEtE	1465	steutae	pronunciation
stEtE	1465	steurtae	spelling
stEtE	1465	steurte	ungegn
stEtE	2855	sthete	pronunciation
bEcJ	1466	baechea	pronunciation
bEcJ	1466	baerchea	spelling
bEcJ	1466	berchea	ungegn
tOhbEy	1467	tuohbey	pronunciation
tOhbEy	1467	tuohbei	spelling
tQhbEy	1467	toahbei	ungegn
pArAcEy	1468	parachey	pronunciation
bArJcEy	1468	bareachey	spelling
bArJcQy	1468	bareachoay	ungegn
prOvEN	1469	provaeng	pronunciation
prAvEN	1469	pravaeng	spelling
prAvEN	1469	praveng	ungegn
kAmErA	1470	kamera	pronunciation
stONdA	1471	stongda	pronunciation
sdANdA	1471	sdangdar	spelling
prOmOlpdOm	1473	promoulpdom	pronunciation
prAmOlpdOm	1473	pramulphdom	spelling
kAnkAp	1474	kankap	pronunciation
kAnkAb	1474	kankab	spelling
kOc	1475	khouch	pronunciation
kOc	1475	khoch	ungegn
kOc	2475	kuoch	pronunciation
trAlOb	1476	tralob	spelling
mJtEkA	1477	meateka	pronunciation
EkApJp	1479	aekapheap	pronunciation
EkpJp	1479	aekpheap	spelling
EkpJp	1479	ekpheap	ungegn
klAy	1480	klay	pronunciation
dOndEm	1482	dondaeum	pronunciation
dAndEm	1482	dandaeum	spelling
tElOmnOv	1483	tilumnov	pronunciation
tElOmnO	1483	tilumnou	ungegn
pOkrOlOy	1485	pukroluoy	pronunciation
pOkAlOy	1485	pukarluoy	spelling
vEyklA	1486	veyklah	pronunciation
vEyklA	1486	veikhlah	spelling
AnO	1487	anu	pronunciation
dAydOl	1488	daydol	pronunciation
dAydAl	1488	daidal	spelling
trJmklOn	1489	triemkluon	pronunciation
trJmklOn	1489	triemkhluon	spelling
svAmEy	1490	svamey	pronunciation
svAmE	1490	svami	spelling
ErON	1491	irong	pronunciation
ErAN	1491	irang	spelling
sOmlJkbOmpJk	1492	somliekbompeak	pronunciation
sAmlJkbAmpJk	1492	samliekbampeak	spelling
lJy	1493	leay	pronunciation
lbEylbAY	1494	lbeylbanh	pronunciation
lbEylbAY	1494	lbeilbanh	spelling
pOc	1495	puch	pronunciation
fElEpEn	1496	filipin	pronunciation
hvEylEpEn	1496	hveilipin	spelling
rOhA	1497	rohah	pronunciation
rOhA	1497	rohas	spelling
bOmplE	1498	bompleu	pronunciation
bAmplE	1498	bamphlueu	spelling
bAmplE	1498	bamphloe	ungegn
sOmAt	1499	somat	pronunciation
sOmAt	2444	somat	pronunciation
sAmAt	1499	samat	spelling
sAmAt	2444	samat	spelling
lOtlQ	1500	lutloah	pronunciation
lOtlQ	1500	lutloas	spelling
kArO	1501	karo	spelling
kArOn	1501	karon	ungegn
pArEyAkA	1502	pareyakah	pronunciation
bArEyJkA	1502	bariyeakas	spelling
lJN	1503	leang	pronunciation
pArEmAn	1504	pareman	pronunciation
bArEmJn	1504	barimean	spelling
rOksAYA	1505	rouksanha	pronunciation
rOksAYJ	1505	rouksanhnhea	spelling
sAv	1506	sav	pronunciation
sAv	2542	sav	pronunciation
tArAN	1507	tarang	pronunciation
tArJN	1507	tareang	spelling
OsOt	1508	aosot	pronunciation
OsAt	1508	aosath	spelling
yObOl	1510	youbol	pronunciation
yObAl	1510	youbal	spelling
krJ	1511	krea	pronunciation
tEtApJp	1512	tetthapheap	pronunciation
tEdtApJp	1512	tidthapheap	spelling
sOt	1513	sut	pronunciation
sOt	1947	sot	pronunciation
sOt	1947	sotth	spelling
sOt	2514	suot	pronunciation
sOt	2818	sout	pronunciation
bEN	1514	beng	pronunciation
bEN	1514	boeng	spelling
tOtQt	1515	tutoat	pronunciation
bOmpON	1516	bompung	pronunciation
bAmpON	1516	bampong	spelling
crJp	1517	chreap	pronunciation
crJb	1517	chreab	spelling
sErEypJp	1518	sereypheap	pronunciation
sErEpJp	1518	seripheap	spelling
EsrAEl	1519	israael	pronunciation
EsrEl	1519	israel	ungegn
sOmdEy	1520	somdey	pronunciation
sAmdEy	1520	samdei	spelling
snONkArAtAn	1521	snongkaratthan	pronunciation
snANkAdtAn	1521	snangkardthan	spelling
bAytON	1522	baytong	pronunciation
bAytAN	1522	baitang	spelling
sOmNAt	1523	somngat	pronunciation
sAmNQt	1523	samngoat	spelling
tQndJkAm	1524	toandeakam	pronunciation
tOndOkAm	1524	tondokamm	spelling
ksAt	1525	ksat	pronunciation
ksAtr	1525	ksatr	spelling
kmEkrOhOm	1526	kmaekrohom	pronunciation
kmEkrAhAm	1526	khmaerkraham	spelling
kmEkrAhAm	1526	khmerkraham	ungegn
kEmE	1527	kimi	pronunciation
sOmbOt	1528	sombot	pronunciation
sAmbOtr	1528	sambotr	spelling
kAYcOk	1529	kanhchok	pronunciation
kAYcAk	1529	kanhchak	spelling
ptEypO	1530	pteypuoh	pronunciation
ptEypO	1530	phteypuoh	spelling
ptEypQ	1530	phteypoah	ungegn
pJrJkEc	1531	pheareakech	pronunciation
pJkEc	1531	phearkechch	spelling
lAv	1532	lav	pronunciation
bENcEk	1533	baengchaek	pronunciation
bENcEk	1533	bengchek	ungegn
OpOsAtO	1535	oporsator	pronunciation
AbAsAtO	1535	abarsator	spelling
AcOlAnAtrQp	1537	acholanatroap	pronunciation
AclOntrOpy	1537	achlontropy	spelling
kElOmO	1538	kaelumor	pronunciation
kElOm	1538	kaelom	spelling
kElOm	1538	kelom	ungegn
tAyvAn	1539	tayvan	pronunciation
tAyvAn	1539	taivan	spelling
srE	1540	srae	pronunciation
srE	1540	sre	ungegn
kOhkON	1541	kohkong	pronunciation
kOhkON	1541	kaohkong	spelling
crOl	1542	chrul	pronunciation
tOmnOkcEt	1543	tumnukchet	pronunciation
tOmnOkcEt	1543	tumnukchett	spelling
ktON	1544	ktung	pronunciation
ktON	1544	khtong	spelling
tOvEYtOvmOk	1545	tovvenhtovmok	pronunciation
tOvEYtOvmOk	1545	tovvinhtovmok	spelling
tOvEYtOmOk	1545	touvinhtoumok	ungegn
bONkOm	1546	bongkhom	pronunciation
bANkAm	1546	bangkham	spelling
rOhcJt	1547	ruohcheat	pronunciation
rOscJtE	1547	roscheate	spelling
kOmpO	1548	kompuoh	pronunciation
kAmpO	1548	kampos	spelling
AtAnEy	1549	atthaney	pronunciation
AtAnQy	1549	atthanoay	ungegn
cOpcOm	1550	chuopchum	pronunciation
cObcOm	1550	chuobchum	spelling
tAtOv	1553	tatov	spelling
tAtO	1553	tatou	ungegn
pEkAcOn	1554	pekkhachun	pronunciation
bEkAcOn	1554	bekkhachon	spelling
kEcnAy	1555	kaechnay	pronunciation
kEcnAy	1555	kaechnai	spelling
kEcnAy	1555	kechnai	ungegn
kOtsOsE	1556	kaotsosaeu	pronunciation
kOtsAsE	1556	kaotsarsaeur	spelling
mEyAnmA	1557	miyanma	pronunciation
vEtyJlAy	1558	vityealay	pronunciation
vEtyJlEy	1558	vityealey	spelling
vEtyJlQy	1558	vityealoay	ungegn
En	1559	en	pronunciation
En	1559	in	spelling
kAkAbAtkrOhOm	1560	kakabatkrohom	pronunciation
kAkbAtkrAhAm	1560	kakbatkraham	spelling
srO	1562	sroh	pronunciation
kONrJcAvOtAt	1563	kongreachavuthat	pronunciation
kANrJcAvOthAt	1563	kangreachavuthhatth	spelling
prOcOmOk	1564	prochhomuk	pronunciation
prAcmOmOk	1564	prachhmomukh	spelling
srOvEN	1565	sroveng	pronunciation
srAvEN	1565	sravueng	spelling
srAvEN	1565	sravoeng	ungegn
srAc	1566	srach	pronunciation
srEc	1566	srech	spelling
cOmbON	1567	chombong	pronunciation
cAmbAN	1567	chambang	spelling
cAmbAN	2213	chambang	spelling
sdAm	1569	sdam	pronunciation
sAhA	1570	saha	pronunciation
dOcmdEc	1571	douchmdech	pronunciation
dOcmdEc	1571	dochmdech	ungegn
prEyAmEt	1573	preyamet	pronunciation
prEymEt	1573	preymitt	spelling
EmEl	1574	imael	pronunciation
EmEl	1574	imel	ungegn
EmEl	1940	imael	pronunciation
EmEl	1940	imel	ungegn
bOtcOmrJN	1575	botchomrieng	pronunciation
bAtcAmrJN	1575	batchamrieng	spelling
tONvE	1576	tungveu	pronunciation
tONvE	1576	tongveu	spelling
AnOmAt	1577	anumat	pronunciation
AnOmQt	1577	anumoat	spelling
srOdJN	1580	srodieng	pronunciation
srAdJN	1580	sradieng	spelling
hA	1581	ha	spelling
hA	1802	ha	pronunciation
OmnOkOn	1582	omnorkun	pronunciation
AmnAkOn	1582	amnarkun	spelling
plEvcEt	1583	plevchet	pronunciation
plOvcEt	1583	phlouvchett	spelling
plOvcEt	1583	phlovchett	ungegn
OpAnJyOk	1585	upaneayuok	pronunciation
ObnJyOk	1585	obneayok	spelling
cvEN	1586	chveng	pronunciation
cvEN	1586	chhveng	spelling
vEtAmEn	1587	vitamin	pronunciation
hEtArAcAnAsOmpQn	1588	hettharachanasompoan	pronunciation
hEdtArOcnJsmpQnt	1588	hedtharochneasmpoanth	spelling
YJt	1589	nheat	pronunciation
YJtE	1589	nheate	spelling
OtdOm	1590	utdom	pronunciation
OtdAm	1590	otdam	spelling
kOmrJmkOmhEN	1591	kumreamkomhaeng	pronunciation
kOmrJmkAmhEN	1591	kumreamkamhaeng	spelling
kOmrJmkAmhEN	1591	kumreamkamheng	ungegn
plEcE	1592	plaechheu	pronunciation
plEcE	1592	phlaechheu	spelling
plEcE	1592	phlechheu	ungegn
kcEy	1593	kchey	pronunciation
kcEy	1593	khchei	spelling
tEvJ	1594	tivea	pronunciation
pEsAkAkAm	1595	pesakakam	pronunciation
bEsAkAm	1595	besakkamm	spelling
kElOkrAm	1597	kiloukram	pronunciation
kElOkrAm	1597	kilokram	ungegn
mEkON	1598	mekung	pronunciation
mEkONk	1598	mekongk	spelling
AfrEk	1599	afrik	pronunciation
AhvrEk	1599	ahvrek	spelling
dONhEm	1600	donghaeum	pronunciation
dANhEm	1600	danghaeum	spelling
sAN	1601	sang	spelling
sAN	1878	sang	pronunciation
sAN	1902	sang	spelling
sAN	2401	sang	pronunciation
dEndEy	1603	daendey	pronunciation
dEndEy	1603	daendei	spelling
dEndEy	1603	dendei	ungegn
tAkEv	1604	takaev	pronunciation
tAkEv	1604	takev	ungegn
pOmEsA	1605	phumisah	pronunciation
pOmEsAstr	1605	phumisastr	spelling
prOcEN	1606	prochaeng	pronunciation
prAcEN	1606	prachaeng	spelling
prAcEN	1606	pracheng	ungegn
pOkvJ	1607	puokvea	pronunciation
klAY	1608	klanh	pronunciation
klAY	1608	khlanh	spelling
dOmnAm	1609	domnam	pronunciation
dAmnAm	1609	damnam	spelling
pEyklAc	1610	pheyklach	pronunciation
pEyklAc	1610	pheykhlach	spelling
pQyklAc	1610	phoaykhlach	ungegn
vEYJn	1611	vinhean	pronunciation
vEYJn	1611	vinhnhean	spelling
prOtEkAm	1613	protekam	pronunciation
prAtEkAm	1613	pratekamm	spelling
hAmkQt	1614	hamkhoat	pronunciation
pOp	1616	phup	pronunciation
pOp	1616	phop	spelling
sOktOk	1617	soktuk	pronunciation
sOktOk	1617	sokhtukkh	spelling
bOrEpOk	1618	borriphouk	pronunciation
bArEpOk	1618	bariphouk	spelling
rAcAnAsAmpQn	1619	rachanasampoan	pronunciation
rAcAnAsOmpQn	1619	rachanasompoan	pronunciation
rOcnJsmpQnt	1619	rochneasmpoanth	spelling
sEsON	1620	sisong	pronunciation
sEsAN	1620	sisang	spelling
nOvsrOk	1621	novsrok	pronunciation
nOsrOk	1621	nousrok	ungegn
nQmcOl	1622	noamchoul	pronunciation
nQmcOl	1622	noamchol	ungegn
yOlprOm	1623	yulprom	pronunciation
yOlprOm	1623	yolprom	spelling
cJhvJN	1624	chiehveang	pronunciation
cJhvJN	1868	chiehveang	pronunciation
cJsvJN	1624	chiesveang	spelling
cJsvJN	1868	chiesveang	spelling
pdAc	1625	pdach	pronunciation
pdAc	1625	phdach	spelling
srOl	1626	sruol	pronunciation
ApEbAlrON	1627	aphibalrong	pronunciation
bOhbON	1628	bohbong	pronunciation
bOhbAN	1628	baohbang	spelling
sAkAmcOn	1629	sakamchun	pronunciation
sAkAmOcOn	1629	sakammochon	spelling
sOmbO	1630	sombou	pronunciation
sOmbO	2174	sombou	pronunciation
sAmbO	1630	sambour	spelling
sAmbO	1630	sambor	ungegn
sAmbO	2174	sambour	spelling
sAmbO	2174	sambor	ungegn
sAmbO	2651	sambor	spelling
stAntOt	1631	sthantut	pronunciation
smOhtrON	1632	smohtrong	pronunciation
smOhtrAN	1632	smaohtrang	spelling
mEtJvE	1633	metheavi	pronunciation
klEmsA	1634	klemsa	pronunciation
klEmsA	1634	khloemsar	spelling
EtkcO	1635	etkchoh	pronunciation
EtkcO	1635	etkhchaoh	spelling
prOmOk	1636	promuk	pronunciation
prAmOk	1636	pramukh	spelling
sAtprEy	1637	satprey	pronunciation
sAtvOprEy	1637	satvoprey	spelling
nAt	1638	nat	pronunciation
tJY	1639	teanh	pronunciation
rJtbAt	1641	reatbat	pronunciation
rJtbAt	1641	reattbat	spelling
sOndAptnQp	1642	sondaptnoap	pronunciation
sAndAbtnQb	1642	sandabthnoab	spelling
OkOn	1643	orkun	pronunciation
OkOn	1643	orkun	curated
AkOn	1643	arkun	spelling
hOhE	1644	hohaeu	pronunciation
hOhE	1644	haohhaeur	spelling
knAt	1645	knat	pronunciation
knAt	1645	khnat	spelling
crObOkcrObOl	1646	chroboukchrobol	pronunciation
crAbOkcrAbAl	1646	chraboukchrabal	spelling
crAbOkcrAbAl	1646	chrabokchrabal	ungegn
trO	1647	tror	pronunciation
trA	1647	tra	spelling
trA	2141	tra	pronunciation
kOhbAYcJk	1648	kuhbanhcheak	pronunciation
kOsbAYcJk	1648	kusbanhcheak	spelling
EspAY	1651	espanh	pronunciation
EsbAY	1651	esbanh	spelling
kAvEy	1652	kavey	pronunciation
kAOEy	1652	kauei	spelling
cOmlON	1653	chomlong	pronunciation
cAmlON	1653	chamlong	spelling
mOdEl	1655	moudael	pronunciation
mOdEl	1655	model	ungegn
cOmlEy	1656	chomlaeuy	pronunciation
cAmlEy	1656	chamleuy	spelling
pAtOkAm	1657	patokam	pronunciation
bAtOkAm	1657	batokamm	spelling
mOntrEyrJcJkA	1658	muntreyreacheaka	pronunciation
mOntrEyrJckA	1658	montreireachkar	spelling
rQtlEkAtEkA	1659	roatlekhathika	pronunciation
rOdtAlEkAtEkA	1659	rodthalekhathikar	spelling
kvAhkAt	1660	kvahkhat	pronunciation
kvAhkAt	1660	khvahkhat	spelling
cOhbAYcE	1661	chohbanhchi	pronunciation
sEvEl	1663	sivel	pronunciation
sEvEl	1663	sivil	spelling
skO	1664	skor	pronunciation
skA	1664	skar	spelling
ksOy	1665	ksaoy	pronunciation
ksOy	1665	khsaoy	spelling
ckE	1666	chkae	pronunciation
ckE	1666	chhkae	spelling
ckE	1666	chhke	ungegn
AnAt	1667	anat	pronunciation
AnAtdE	1667	anatde	spelling
psOm	1668	psom	pronunciation
psAm	1668	phsam	spelling
hEtnE	1670	haetnih	pronunciation
hEtOnE	1670	hetoneh	spelling
srAp	1671	srap	pronunciation
dAckAt	1672	dachkhat	pronunciation
rAt	1673	rat	pronunciation
kAmr	1674	kamr	spelling
tENtAN	1675	taengtang	pronunciation
tENtAN	1675	tengtang	ungegn
rOmpEt	1676	ruomphet	pronunciation
srEk	1678	sraek	pronunciation
srEk	1678	srek	ungegn
tOpcQp	1679	torpchoap	pronunciation
tApcQb	1679	taphchoab	spelling
tOptEN	1680	toptaeng	pronunciation
tObtEN	1680	tobtaeng	spelling
tObtEN	1680	tobteng	ungegn
prOcJprEyJpJp	1681	procheapreyeapheap	pronunciation
prAcJprEypJp	1681	pracheapreypheap	spelling
AN	1683	ang	pronunciation
AN	2986	ang	pronunciation
mEY	1684	menh	pronunciation
mEY	1684	minh	spelling
hEctA	1685	hechta	pronunciation
hEktA	1685	hekta	spelling
kAmAsEt	1686	kamaset	pronunciation
kAmOsEtE	1686	kammosetthi	spelling
cOnJbOt	1688	chuneabot	pronunciation
cOnbAt	1688	chonbat	spelling
kOt	1689	kout	pronunciation
kOt	2564	kut	pronunciation
kOt	2564	kot	spelling
kOd	1689	koud	spelling
kOd	1689	kod	ungegn
vEtyJstAn	1690	vetyeasthan	pronunciation
vEtyJstAn	1690	vityeasthan	spelling
sAmEtJpOl	1691	samettheaphol	pronunciation
sAmEtOpAl	1691	samitthophal	spelling
dOmnANrJ	1692	domnangreah	pronunciation
tAmnANrJstr	1692	tamnangreastr	spelling
tvEp	1693	tvip	pronunciation
tvEb	1693	tvib	spelling
prOkAn	1695	prokan	pronunciation
prAkAn	1695	prakan	spelling
cEtkAN	1696	chetkhang	pronunciation
cEtkAN	1696	chitkhang	spelling
dOhlEN	1697	dohlaeng	pronunciation
dOhlEN	1697	daohlaeng	spelling
dOhlEN	1697	daohleng	ungegn
pEkAN	1699	pekang	pronunciation
pQsO	1700	poasor	pronunciation
pOnA	1700	ponars	spelling
pOnA	2524	pona	pronunciation
pOnA	2524	ponna	spelling
rOmlJy	1701	rumleay	pronunciation
dArAsrEy	1702	darasrey	pronunciation
tArJsrEy	1702	tareasrei	spelling
prOtEhcJt	1703	protehcheat	pronunciation
prAtEscJtE	1703	pratescheate	spelling
sOntJnJ	1704	sonteanea	pronunciation
sAntOnJ	1704	santonea	spelling
sAYcJt	1706	sanhcheat	pronunciation
sAYcJtE	1706	sanhcheate	spelling
sApJp	1707	sapheap	pronunciation
sApJp	2032	sarpheap	spelling
bAYcOhdOmlAy	1708	banhchohdomlay	pronunciation
bAYcOhtAmlEy	1708	banhchohtamley	spelling
sOmpOt	1709	sompout	pronunciation
sAmpOt	1709	sampouth	spelling
sAksOp	1710	saksop	pronunciation
sAksAp	1710	saksap	spelling
bAkA	1711	baka	pronunciation
sOmrAl	1712	somral	pronunciation
sAmrJl	1712	samreal	spelling
sNOt	1713	snguot	pronunciation
vEkAt	1714	vekhat	pronunciation
hvEkAt	1714	hvoekhat	spelling
tOtOlrON	1716	totuolrong	pronunciation
bOrEy	1717	borey	pronunciation
bOrE	1717	bori	spelling
bJ	1718	bie	pronunciation
prAtnA	1719	pratna	pronunciation
prAtnA	1719	prathna	spelling
tbONkmOm	1720	tboungkmum	pronunciation
tbONkmOm	1720	tboungkhmum	spelling
tbONkmOm	1720	tbongkhmum	ungegn
plEvpEt	1722	plevphet	pronunciation
plOvpEt	1722	phlouvphet	spelling
plOvpEt	1722	phlovphet	ungegn
sONkOmsEvEl	1723	songkumsivel	pronunciation
sANkOmsEvEl	1723	sangkomsivil	spelling
smAkcEt	1724	smakchet	pronunciation
smAkrOcEt	1724	smakrochett	spelling
AsO	1725	asor	pronunciation
AksA	1725	aksar	spelling
pAylEn	1726	paylen	pronunciation
pAylEn	1726	pailin	spelling
rJrJN	1727	reareang	pronunciation
vJhkAt	1728	veahkat	pronunciation
lON	1729	long	pronunciation
lON	2587	lung	pronunciation
lON	2587	long	spelling
tQp	1730	toap	pronunciation
mkAN	1731	mkhang	pronunciation
rOmJnEyJtAn	1732	rumeaniyeathan	pronunciation
rOmnEydtAn	1732	romneiydthan	spelling
lJk	1733	leak	pronunciation
AtEkArAtAn	1734	athikarathan	pronunciation
AtEkAdtAn	1734	athikardthan	spelling
tOhtJy	1736	tuohteay	pronunciation
tOsAtJy	1736	tossateay	spelling
tOsAntJy	1736	tossanteay	ungegn
nOyklE	1737	nuykleae	pronunciation
nOyklE	1737	nuykleaer	spelling
nOyklE	1737	nuykleer	ungegn
prAm	1738	pram	pronunciation
krOdA	1739	krodah	pronunciation
krAdA	1739	kradas	spelling
tEmOykOt	1741	taemuoykut	pronunciation
tEmOykOt	1741	taemuoykot	spelling
tEmOykOt	1741	temuoykot	ungegn
kAmpOcJtmEy	1743	kampucheatmey	pronunciation
kAmpOcJtmEy	1743	kampucheathmei	spelling
mEtA	1745	meta	pronunciation
mEtdA	1745	metda	spelling
AtEpJp	1746	atipheap	pronunciation
sOmpQn	1747	sompoan	pronunciation
sAmpQnt	1747	sampoanth	spelling
tvAy	1748	tvay	pronunciation
tvAy	1748	thvay	spelling
nOvkbE	1749	novkbae	pronunciation
nOvkbE	1749	novkbaer	spelling
nOkbE	1749	noukber	ungegn
rJtrEy	1751	reatrey	pronunciation
rJtrEy	1751	reatrei	spelling
cOprOtJ	1752	chuoproteah	pronunciation
cObprAtJ	1752	chuobprateah	spelling
dOm	1753	dom	pronunciation
dOm	2450	dom	pronunciation
klEn	1755	klen	pronunciation
sOn	1756	suon	pronunciation
sOn	2448	sun	pronunciation
sOn	2695	son	pronunciation
prOnAN	1757	pronang	pronunciation
prAnAN	1757	pranang	spelling
bOmbAt	1758	bombat	pronunciation
bAmbAt	1758	bambat	spelling
krOcE	1759	krocheh	pronunciation
krAcE	1759	kracheh	spelling
cnEm	1760	chnaeum	pronunciation
cnEm	1760	chhnaeum	spelling
rOkAcJt	1762	rukkhacheat	pronunciation
rOkAcJtE	1762	rukkhacheate	spelling
sOnsOm	1763	sonsom	pronunciation
sAnsAm	1763	sansam	spelling
sOmbAt	1764	sombat	pronunciation
sAmbAtdE	1764	sambatde	spelling
kOsnE	1765	kusnae	pronunciation
kOsnE	1765	kusne	spelling
kOsnE	1765	kusneh	ungegn
cAvkrOm	1766	chavkrom	pronunciation
cOkrOm	1766	chaukrom	spelling
trQp	1767	troap	pronunciation
trOpy	1767	tropy	spelling
rJnsOt	1768	riensout	pronunciation
rJnsOtr	1768	riensoutr	spelling
rJnsOtr	1768	riensotr	ungegn
AkJnJyOk	1769	akeaneayuok	pronunciation
AkOnJyOk	1769	akkoneayok	spelling
mEsEl	1770	misil	pronunciation
dEmcE	1771	daeumchheu	pronunciation
sOmnOmpO	1772	somnoumpor	pronunciation
sAmnOmpO	1772	samnoumpor	spelling
sAmnOmpO	1772	samnompor	ungegn
cAkrOpOp	1773	chakrorphup	pronunciation
cAkrOpOp	1773	chakrophop	spelling
bArEy	1775	barey	pronunciation
bArE	1775	bari	spelling
rA	1776	ra	pronunciation
sEtEy	1777	setthey	pronunciation
sEdtEy	1777	sedthei	spelling
rOtplEN	1779	rutpleung	pronunciation
rOtplEN	1779	rothphleung	spelling
AY	1780	anh	pronunciation
AnOvOtdA	1781	anuvotda	spelling
AnOvOtdAn	1781	anuvotdan	ungegn
kOncAv	1782	kounchav	pronunciation
kOncO	1782	kounchau	spelling
kOncO	1782	konchau	ungegn
pdAcYAcEt	1783	pdachnhachet	pronunciation
pdEcYJcEt	1783	pdechnheachett	spelling
kJnA	1784	keana	pronunciation
kOnAk	1784	konak	spelling
kOnA	1784	kona	ungegn
yJk	1786	yeak	pronunciation
yOks	1786	yoks	spelling
prAkOtcJ	1787	prakotchea	pronunciation
prAkAdcJ	1787	prakadchea	spelling
yOntAkA	1788	yuntaka	pronunciation
yOntAkA	1788	yontakar	spelling
NJk	1789	ngeak	pronunciation
prJhbAt	1790	preahbat	pronunciation
mAnEt	1791	manaet	pronunciation
mAnEt	1791	manet	ungegn
sOmsrOp	1792	somsrop	pronunciation
sAmsrAb	1792	samsrab	spelling
cOk	1793	chuok	pronunciation
cOk	1793	chok	spelling
cOk	1941	chhok	pronunciation
tEkOk	1794	tekok	pronunciation
tEkAk	1794	tuekkak	spelling
tEkAk	1794	toekkak	ungegn
svAyprOvQt	1795	svayprovoat	pronunciation
svAyprAvOtdE	1795	svaipravotde	spelling
svAyprAvOtdE	1795	svaypravotde	ungegn
pJhO	1796	peahu	pronunciation
pOhO	1796	poho	spelling
cEhtE	1797	chehtae	pronunciation
cEhtE	1797	chehte	ungegn
prOyAt	1798	proyat	pronunciation
prAyQtn	1798	prayoatn	spelling
kArOnA	1799	karuna	pronunciation
tElJn	1800	tilean	pronunciation
nOm	1801	num	pronunciation
nOm	2795	noum	pronunciation
dOksrON	1803	doksrong	pronunciation
dAksrAN	1803	daksrang	spelling
cAntJ	1807	chhantea	pronunciation
cAntJk	1807	chhanteak	spelling
prEyvEN	1809	preyvaeng	pronunciation
prEyvEN	1809	preyveng	ungegn
cOmnONcEN	1810	chomnongcheung	pronunciation
cAmnANcEN	1810	chamnangcheung	spelling
sOmkQl	1811	somkoal	pronunciation
sAmkQl	1811	samkoal	spelling
kEylAtAn	1812	keylatthan	pronunciation
kEyldtAn	1812	keildthan	spelling
lOt	1813	lout	pronunciation
lOt	1813	lot	ungegn
lOt	2198	lout	pronunciation
prOtJhkEY	1814	proteahkheunh	pronunciation
prAtJhkEY	1814	prateahkheunh	spelling
hAm	1815	ham	pronunciation
tJtE	1816	tiete	pronunciation
tJtE	1816	tiette	spelling
rQpQn	1817	roapoan	pronunciation
rQbpQn	1817	roabpoan	spelling
kAtOt	1818	katut	pronunciation
kAtOt	1818	kartut	spelling
rOkrOk	1819	rukrok	pronunciation
AtEkA	1820	atheka	pronunciation
AtEkA	1820	athikar	spelling
yEhO	1822	yihao	pronunciation
kOmdAv	1823	komdav	pronunciation
kOmdAv	1872	komdav	pronunciation
kAmdO	1823	kamdau	spelling
kAmdO	1872	kamdau	spelling
bOrEsOt	1824	borresot	pronunciation
bArEsOt	1824	barisotth	spelling
pQhtAN	1825	phoahtang	pronunciation
pOsdOtAN	1825	phosdotang	spelling
vEvJt	1826	viveat	pronunciation
ptJN	1827	pteang	pronunciation
ptJN	1827	phteang	spelling
pEbEy	1828	pibey	pronunciation
pEbEy	1828	pirbei	spelling
mJtrA	1830	meatra	pronunciation
klENklAy	1831	klaengklay	pronunciation
klENklAy	1831	klengklay	ungegn
mEdAy	1832	meday	pronunciation
vJl	1833	veal	pronunciation
sEkAsAlA	1834	sekhasala	pronunciation
sEkAsAlJ	1834	sekkhasalea	spelling
AtEpAdEyJpJp	1836	athepadeyeapheap	pronunciation
AtEbtEypJp	1836	athibteipheap	spelling
kJnApEbAl	1837	keanaaphibal	pronunciation
kOnAkApEbAl	1837	konakaphibal	spelling
kOnApEbAl	1837	konaaphibal	ungegn
hONkON	1838	hongkong	pronunciation
vEpsAy	1839	vepsay	pronunciation
vEbsAy	1839	vebsay	spelling
cEycOmnJ	1841	cheychumneah	pronunciation
cEycOmnJ	1841	cheychomneah	spelling
cEycOmnJ	2771	cheychumneah	pronunciation
cQycOmnJ	1841	choaychomneah	ungegn
cQycOmnJ	2771	choaychumneah	ungegn
lOkyJy	1842	loukyeay	pronunciation
sAhAcEp	1843	sahachip	pronunciation
sAhcEp	1843	sahchip	spelling
EtAlE	1844	itali	pronunciation
lOp	1846	lup	pronunciation
lOb	1846	lub	spelling
sOmpJ	1847	somphea	pronunciation
sAmpJ	1847	samphear	spelling
dOkOt	1849	dokhout	pronunciation
dAkOt	1849	dakhout	spelling
dAkOt	1849	dakhot	ungegn
prOsEtE	1850	prosetthi	pronunciation
prAsEtE	1850	prasetthi	spelling
pdAcprQt	1851	pdachproat	pronunciation
pdAcprQtr	1851	phdachproatr	spelling
sOpJmONkOl	1852	sopheamungkul	pronunciation
sOpmONkOl	1852	sophmongkol	spelling
tOycO	1853	thoychoh	pronunciation
tAycO	1853	thaychoh	spelling
bOmnOl	1855	bomnol	pronunciation
bAmnOl	1855	bamnol	spelling
lOkrO	1856	loukru	pronunciation
lOkrO	1856	loukkru	spelling
sENhAbOrEy	1857	senghaborey	pronunciation
sENhAbOrE	1857	senghabori	spelling
stENtrEN	1859	stengtraeng	pronunciation
stENtrEN	1859	stuengtraeng	spelling
stENtrEN	1859	stoengtreng	ungegn
AkJlEkAtEkA	1860	akealekhathika	pronunciation
AkOlEkAtEkA	1860	akkolekhathikar	spelling
krQbEk	1861	kroabaek	pronunciation
krQbEk	1861	kroabbaek	spelling
krQbEk	1861	kroabbek	ungegn
pOsAt	1863	pousat	pronunciation
pOtEsAt	1863	pouthisat	ungegn
rQtJnE	1864	roattheani	pronunciation
rOdtAtJnE	1864	rodthatheani	spelling
rQm	1865	roam	pronunciation
prOkrOdEy	1866	prokrordey	pronunciation
prAkrOtEy	1866	prakrotei	spelling
vEmJn	1867	vimean	pronunciation
prOsAc	1869	prosach	pronunciation
prAsAc	1869	prasach	spelling
myANtJt	1870	myangtiet	pronunciation
kOkdAv	1871	kokdav	pronunciation
kAkdO	1871	kakkdau	spelling
tOlnEN	1873	tulneng	pronunciation
tOlnEN	1873	tolnueng	spelling
tOlnEN	1873	tolnoeng	ungegn
nEk	1874	nek	pronunciation
nEk	1874	nuek	spelling
nEk	1874	noek	ungegn
prOmJtQn	1875	prumeatoan	pronunciation
prOhmOtOnd	1875	prohmotond	spelling
lmE	1876	lmeuh	pronunciation
lmE	1876	lmeus	spelling
pAYA	1877	panha	pronunciation
bAYJ	1877	banhnhea	spelling
sOmnEhsOmnAl	1879	somnehsomnal	pronunciation
sAmnEhsAmnAl	1879	samnehsamnal	spelling
ksEpJpyOn	1880	ksaepheapyun	pronunciation
ksEpJpyOnt	1880	khsaepheapyont	spelling
ksEpJpyOnt	1880	khsepheapyont	ungegn
krOpkAn	1881	kropkhan	pronunciation
krOpkAn	1935	kropkhan	pronunciation
krAbkAnd	1881	krabkhand	spelling
krAbkAnd	1935	krabkhand	spelling
cOYcJN	1882	chunhcheang	pronunciation
cOYcJN	1882	chonhcheang	spelling
pQnpJN	1883	phoanpheang	pronunciation
stE	1884	steu	pronunciation
stE	1884	steur	spelling
cEtAnA	1885	chetana	pronunciation
cEtnJ	1885	chetnea	spelling
dEY	1886	denh	pronunciation
sOksdAy	1887	saoksday	pronunciation
kEtkO	1888	ketku	pronunciation
kEtkO	1888	kitkur	spelling
pEsAcJ	1890	phesachea	pronunciation
pEsAcJ	1890	phesachchea	ungegn
pEsAcJk	1890	phesachcheak	spelling
ElEctrOnEc	1891	elechtrounech	pronunciation
ElEctrOnEc	1891	elechtrounich	spelling
ElEctrOnEc	1891	elechtronich	ungegn
ElEctrOnEc	2094	elechtrounech	pronunciation
kOmplEN	1892	komplaeng	pronunciation
kOmpONpE	1893	kompungphae	pronunciation
kAmpONpE	1893	kampongphae	spelling
kAmpONpE	1893	kampongphe	ungegn
psEt	1894	pset	pronunciation
psEt	1894	phset	spelling
msAv	1895	msav	pronunciation
msOv	1895	msov	spelling
msO	1895	msou	ungegn
tOlEk	1896	tuolek	pronunciation
tOlEk	1896	tuolekh	spelling
tOlJy	1897	tuleay	pronunciation
sAn	1898	san	pronunciation
sAn	2932	san	pronunciation
kArAtAn	1899	karatthan	pronunciation
kAdtAn	1899	kardthan	spelling
cAv	1900	chav	pronunciation
nENkEylA	1901	nengkeyla	pronunciation
nENkEylA	1901	ningkeila	spelling
sAcdOm	1903	sachdom	pronunciation
mOnOhsAtQ	1904	monuhsathoa	pronunciation
mOnOsAtOm	1904	monussathorm	spelling
stAn	1905	sthan	pronunciation
kOnlA	1906	konlah	pronunciation
kAnlJ	1906	kanleah	spelling
stAnE	1907	sthani	pronunciation
stAnE	2487	sthani	pronunciation
stAnEy	1907	sthaniy	spelling
stAnEy	2487	sthaniy	ungegn
sEk	1908	saek	pronunciation
sEk	1908	sek	ungegn
tlEm	1909	tlaeum	pronunciation
tlEm	1909	thlaeum	spelling
pdAcYA	1910	pdachnha	pronunciation
pdEcYJ	1910	pdechnhea	spelling
mJncrEn	1911	meanchraeun	pronunciation
yA	1912	ya	pronunciation
srOm	1913	sraom	pronunciation
hOp	1914	houp	pronunciation
hOb	1914	houb	spelling
hOb	1914	hob	ungegn
pAtOm	1915	pathom	pronunciation
bAtAm	1915	batham	spelling
sONsA	1916	songsa	pronunciation
sANsA	1916	sangsar	spelling
sApv	1917	sapv	spelling
ksAc	1918	ksach	pronunciation
ksAc	1918	khsach	spelling
AcYAbAn	1920	achnhaban	pronunciation
AcYJbAn	1920	achnheabann	spelling
tON	1921	tong	pronunciation
tON	2063	thung	pronunciation
tON	2271	thong	pronunciation
tON	2352	tuoong	pronunciation
bOtbAYcJ	1922	botbanhchea	pronunciation
bAtbAYcJ	1922	batbanhchea	spelling
pOypEt	1923	paoypaet	pronunciation
pOypEt	1923	paoypet	ungegn
prAkE	1924	prakkhae	pronunciation
prAkE	1924	prakkhe	ungegn
yEt	1925	yeut	pronunciation
yEt	1925	yueut	spelling
yEt	1925	yoet	ungegn
AkJnJyOkAtAn	1926	akeaneayuokathan	pronunciation
AkOnJykAdtAn	1926	akkoneaykadthan	spelling
trONtrJy	1927	trungtreay	pronunciation
trONtrJy	1927	trongtreay	spelling
EndOnEsE	1928	endunesi	pronunciation
EndOnEsE	2645	endunesi	pronunciation
kAvsO	1929	kavsu	pronunciation
kOsO	1929	kausu	spelling
pdOcpdEm	1930	pduochpdaeum	pronunciation
pdOcpdEm	1930	phduochphdaeum	spelling
pJkOn	1931	pheakhun	pronunciation
OpAsAk	1933	upasak	pronunciation
ObsAk	1933	obsakk	spelling
nJknEpOn	1934	neaknipun	pronunciation
nAknEpOnt	1934	nakniponth	spelling
bOndEY	1936	bondenh	pronunciation
bAndEY	1936	bandenh	spelling
pOpEY	1937	poupenh	pronunciation
pOpEY	1937	pourpenh	spelling
tOmnOp	1938	tumnup	pronunciation
tOmnOb	1938	tumnob	spelling
cOmrOk	1942	chumrok	pronunciation
cOmrOk	1942	chomrok	spelling
cOmlEk	1943	chomlaek	pronunciation
cAmlEk	1943	chamlaek	spelling
cAmlEk	1943	chamlek	ungegn
tEkdOhkO	1944	tekdohkou	pronunciation
tEkdOhkO	1944	tuekdaohkou	spelling
tEkdOhkO	1944	toekdaohkou	ungegn
mJnOhsAcJt	1945	meanuhsacheat	pronunciation
mOnOsAcJtE	1945	monussacheate	spelling
AkArA	1949	akara	pronunciation
AkArJk	1949	akareak	spelling
AkArJ	1949	akarea	ungegn
sOnEtAn	1951	sonetthan	pronunciation
sAnEdtAn	1951	sannidthan	spelling
kEylAkArEnE	1952	keylakareni	pronunciation
kEylAkArEnE	1952	keilakarini	spelling
nEmEt	1953	nimet	pronunciation
nEmEt	1953	nimitt	spelling
rQltNAy	1954	roaltngay	pronunciation
rQltNAy	1954	roalthngai	spelling
dOnAl	1955	dounal	pronunciation
dOnAl	1955	donal	ungegn
nOc	1956	nuch	pronunciation
prJp	1957	priep	pronunciation
prJb	1957	prieb	spelling
nEt	1960	net	pronunciation
nEt	2312	naet	pronunciation
nEt	2312	net	ungegn
pEkA	1961	pika	pronunciation
pEkA	1961	pikar	spelling
srOkOmnEt	1962	srokomnaeut	pronunciation
srOkAmnEt	1962	srokkamnaeut	spelling
AvEcJmJn	1963	avecheamean	pronunciation
AvEcOmJn	1963	avichchomean	spelling
kJnAprOtEpO	1964	keanaprotephu	pronunciation
kOnAkprAtEpO	1964	konakpratephu	spelling
kOnAprAtEpO	1964	konapratephu	ungegn
kOmrJm	1965	kumream	pronunciation
YJn	1966	nhien	pronunciation
mJncEy	1968	meanchey	pronunciation
mJncQy	1968	meanchoay	ungegn
sEkEm	1969	sigem	pronunciation
sEhkEm	1969	sihkem	spelling
sAhsbEy	1970	sahsbaeuy	pronunciation
prENprEN	1971	prengpraeng	pronunciation
prENprEN	1971	proengpraeng	spelling
prENprEN	1971	proengpreng	ungegn
ptEyknON	1972	pteyknong	pronunciation
ptEyknON	1972	phteyknong	spelling
rOtkEc	1973	rutkech	pronunciation
rOtkEc	1973	rotkech	spelling
sEnApAdEy	1974	senapadey	pronunciation
sEnJbtEy	1974	seneabtei	spelling
kmOy	1975	kmuoy	pronunciation
clOhbAYcAN	1976	chlohbanhchang	pronunciation
clOhbAYcAN	1976	chhlohbanhchang	spelling
pOtJsAsnA	1977	puttheasasna	pronunciation
pOtOsAsnJ	1977	putthosasnea	spelling
cEtsnEt	1980	chetsnet	pronunciation
cEtsnEt	1980	chitsnetth	spelling
pEtmEn	1981	petmaen	pronunciation
pEtmEn	1981	pitmaen	spelling
pEtmEn	1981	pitmen	ungegn
prJN	1982	preang	pronunciation
yOm	1983	yum	pronunciation
smOksmAY	1984	smoksmanh	pronunciation
ApJpEpJ	1985	apeapipea	pronunciation
ApJhpEpJ	1985	apeahpipeah	ungegn
cOmhO	1986	chumhor	pronunciation
cOmhA	1986	chumhar	spelling
bOtON	1987	butong	pronunciation
rJsEy	1988	reasey	pronunciation
rJsEy	1988	reasei	spelling
krEhstAn	1989	krehsthan	pronunciation
krEhstAn	1989	kruehsthan	spelling
krEhstAn	1989	kroehsthan	ungegn
bOntQt	1990	bontoat	pronunciation
bAntQt	1990	bantoat	spelling
lEctlO	1991	lechtlou	pronunciation
lEctlO	1991	lechthlou	spelling
dOmnO	1993	domnor	pronunciation
tAmnA	1993	tamna	spelling
NEp	1995	ngeup	pronunciation
NEb	1995	ngeub	spelling
pEy	1996	phey	pronunciation
pQy	1996	phoay	ungegn
svAy	1999	svay	pronunciation
OntOprOvE	2000	ontaoproveh	pronunciation
AntObrOvEsA	2000	antaobrovesa	spelling
AntObrOvEsAn	2000	antaobrovesan	ungegn
cJnmOk	2001	chheanmuk	pronunciation
cJnmOk	2001	chheanmukh	spelling
tOmlJy	2002	tumleay	pronunciation
tOmlJy	2002	tomleay	spelling
pOcJnEyAtAn	2003	phoucheaniyatthan	pronunciation
pOcnEydtAn	2003	phouchniydthan	spelling
mOt	2005	mout	pronunciation
mOt	2112	mout	pronunciation
mOt	2112	mot	ungegn
mOd	2005	moud	spelling
mOd	2005	mod	ungegn
tOhsAnEkAcOn	2008	tuohsanekachun	pronunciation
tOsAnEkcOn	2008	tossanikchon	spelling
tOmhEN	2009	tumheng	pronunciation
tOmhEN	2009	tumhoeng	spelling
OsmAn	2011	usman	pronunciation
OsmAn	2011	osman	spelling
cOnpO	2012	chunpor	pronunciation
pOv	2013	pov	pronunciation
mOndOlkErE	2014	mundulkiri	pronunciation
mOndOlkErE	2014	mondolkiri	spelling
EkAtE	2016	aekateh	pronunciation
EktE	2016	aektes	spelling
EktE	2016	ektes	ungegn
cnOl	2017	chnuol	pronunciation
cnOl	2017	chhnuol	spelling
tOkE	2018	tuoki	pronunciation
tOkE	2018	tuokki	spelling
tOkE	2044	thaukae	spelling
tOkE	2044	thauke	ungegn
trONcOmnOc	2019	trongchomnoch	pronunciation
trANcAmnOc	2019	trangchamnoch	spelling
krOpdOndOp	2021	kropdondop	pronunciation
krObdAndAb	2021	krobdandab	spelling
lJhbON	2023	leahbong	pronunciation
lJhbAN	2023	leahbang	spelling
sONkAN	2024	songkhang	pronunciation
sANkAN	2024	sangkhang	spelling
sAtJrJnAkA	2025	satheareanaka	pronunciation
sAtJrOnkA	2025	sathearonkar	spelling
sAhstrAcA	2026	sahstracha	pronunciation
sAstrAcAy	2026	sastrachary	spelling
slAk	2027	slak	pronunciation
kAtApJkEc	2028	katapeakech	pronunciation
kAtpvOkEc	2028	katpvokechch	spelling
klJN	2029	kleang	pronunciation
klJN	2029	khleang	spelling
tEvJdA	2030	teveada	pronunciation
tEvtA	2030	tevta	spelling
pENpEk	2031	pengpaek	pronunciation
pENpEk	2031	puengphaek	spelling
pENpEk	2031	poengphek	ungegn
sArApJp	2032	sarapheap	pronunciation
krOnAt	2033	kronat	pronunciation
krAnAt	2033	kranat	spelling
clAtvEy	2034	chlatvey	pronunciation
clAtvEy	2034	chhlatvey	spelling
yJN	2035	yeang	pronunciation
lJ	2036	lea	pronunciation
vQhsA	2037	voahsa	pronunciation
vOsA	2037	vossa	spelling
bEpnA	2038	baepna	pronunciation
bEbnA	2038	baebna	spelling
bEbnA	2038	bebna	ungegn
prOtEpO	2039	protephu	pronunciation
prAtEpO	2039	pratephu	spelling
pOYJ	2040	punyea	pronunciation
pOYJ	2040	ponyear	spelling
sEhsAnOsE	2041	sehsanuseh	pronunciation
sEsAnOsEs	2041	sessanusess	spelling
tAvkE	2044	thavkae	pronunciation
bONO	2045	bongoh	pronunciation
bANA	2045	bangas	spelling
mEnOy	2046	menaoy	pronunciation
mEnO	2046	minao	spelling
kEsOmrOl	2047	kaesomruol	pronunciation
kEsmrOl	2047	kaesmruol	spelling
kEsmrOl	2047	kesmruol	ungegn
nOkO	2048	nokor	pronunciation
pJhklOn	2049	phiehkluon	pronunciation
pJsklOn	2049	phieskhluon	spelling
cOmkA	2051	chomka	pronunciation
cAmkA	2051	chamkar	spelling
cOmnApArOm	2052	chomnaparom	pronunciation
cAmnAbArOmO	2052	chamnabarommo	spelling
cAmnAbArOmOn	2052	chamnabarommon	ungegn
bOmrON	2053	bomrong	pronunciation
bAmrON	2053	bamrung	spelling
pArEvEn	2054	pariven	pronunciation
bArEvEn	2054	bariven	spelling
klANklA	2056	klangkla	pronunciation
klANklA	2056	khlangkla	spelling
sdOk	2058	sdok	pronunciation
dOp	2059	dop	pronunciation
dOp	2820	dop	pronunciation
dOp	2981	dup	pronunciation
dAb	2059	dab	spelling
dAb	2820	dab	spelling
tEprEksA	2061	tipreksa	pronunciation
tEprEksA	2061	tiproeksa	spelling
AnEt	2064	anet	pronunciation
cAtAlEysAk	2065	chataleysak	pronunciation
cAtdAlEysAk	2065	chatdaleisak	spelling
cOmnEy	2066	chomney	pronunciation
cAmnEy	2066	chamnei	spelling
stErApJp	2067	stherapheap	pronunciation
stErApJp	2385	stherapheap	pronunciation
stEpJp	2067	stherpheap	spelling
stEpJp	2385	stherpheap	spelling
kbOn	2069	kbuon	pronunciation
tEsArQtmOntrEy	2070	tesaroatmuntrey	pronunciation
tEsrOdtAmntrEy	2070	tesrodthamntrei	spelling
nEnJkA	2071	neneaka	pronunciation
nEnJkA	2071	ninneakar	spelling
mEntEn	2072	maentaen	pronunciation
mEntEn	2072	menten	ungegn
rJcAcYA	2073	reachachnha	pronunciation
rJcAcYJ	2073	reachachnhea	spelling
tOhyANnA	2074	tuohyangna	pronunciation
tQhyANnA	2074	toahyangna	ungegn
stApAnA	2075	sthapana	pronunciation
stAbnJ	2075	sthabnea	spelling
prEksA	2077	preksa	pronunciation
prEksA	2077	proeksa	spelling
mOl	2078	mul	pronunciation
lOktA	2079	loukta	pronunciation
prEsEl	2080	presil	pronunciation
rOlOn	2081	rolun	pronunciation
rOmdO	2082	rumdoh	pronunciation
rOmdO	2082	rumdaoh	spelling
lOkdO	2083	luokdou	pronunciation
lOkdO	2083	lokdour	spelling
lOkdO	2083	lokdor	ungegn
lOpcOl	2084	lupchaol	pronunciation
lObcOl	2084	lubchaol	spelling
bOm	2086	boum	pronunciation
bOm	2086	bom	ungegn
mAv	2087	mav	pronunciation
kOmnO	2089	kumnu	pronunciation
kOmnO	2089	kumnur	spelling
tEknOmpEm	2090	teknoumpaem	pronunciation
tEknOmpEm	2090	tueknoumphaem	spelling
tEknOmpEm	2090	toeknoumphem	ungegn
srOtQp	2091	srotoap	pronunciation
srAtQb	2091	sratoab	spelling
AnOsA	2093	anusah	pronunciation
AnOsAsA	2093	anusasa	spelling
AnOsAsAn	2093	anusasan	ungegn
ElEctrOnEk	2094	elechtrounik	spelling
ElEctrOnEk	2094	elechtronik	ungegn
yOn	2095	yun	pronunciation
yOn	2436	yuon	pronunciation
yOnt	2095	yont	spelling
YOYEm	2097	nhonhem	pronunciation
YOYEm	2097	nhonhuem	spelling
YOYEm	2097	nhonhoem	ungegn
pdOntJtO	2098	pdonteatouh	pronunciation
pdAntJtO	2098	phdanteatous	spelling
rOpEyAbAn	2099	rupeyaban	pronunciation
rObEybAn	2099	rubeybann	spelling
sEnsOk	2101	saensok	pronunciation
sEnsOk	2101	saensokh	spelling
sEnsOk	2101	sensokh	ungegn
AtEytAkAl	2102	ateytakal	pronunciation
AtEytkAl	2102	ateitkal	spelling
vEcJsA	2103	vecheasah	pronunciation
vEcOsAstr	2103	vechchosastr	spelling
srEN	2104	sreng	pronunciation
bEtON	2105	betong	pronunciation
prOmAt	2106	promat	pronunciation
prAmJt	2106	prameath	spelling
lEt	2107	let	pronunciation
vQtOtAN	2108	voatthotang	pronunciation
vOtOtAN	2108	votthotang	spelling
pEsOt	2111	pisaot	pronunciation
pEsOt	2154	pisaot	pronunciation
pEsOt	2154	pisaoth	spelling
pEsOtO	2111	pisaotho	spelling
pEsOtOn	2111	pisaothon	ungegn
kOmnEtOmrON	2113	komnaetumrung	pronunciation
kAmnEtmrON	2113	kamnaetmrong	spelling
kAmnEtmrON	2113	kamnetmrong	ungegn
tOhsAvQt	2114	tuohsavoat	pronunciation
tOsvOtsA	2114	tosvotsa	spelling
tOsvOtsA	2114	tosvotsar	ungegn
pdEyprOpOn	2116	pdeypropun	pronunciation
pdEybrOpOnt	2116	pdeibroponth	spelling
rJcJ	2117	reachea	pronunciation
rQtAtQmJnOY	2120	roatthathoameanunh	pronunciation
rOdtAtOmOnOY	2120	rodthathommonunhnh	spelling
lOm	2121	lum	pronunciation
klQmEl	2122	kloameul	pronunciation
klQmEl	2122	khloammeul	spelling
dOcnO	2123	douchnoh	pronunciation
dOcnO	2123	douchnaoh	spelling
dOcnO	2123	dochnaoh	ungegn
pArE	2124	parih	pronunciation
pArE	2124	paris	spelling
myANvEY	2125	myangvenh	pronunciation
myANvEY	2125	myangvinh	spelling
sElApAkO	2126	selapakor	pronunciation
sElbAkA	2126	selbakar	spelling
cOmnON	2127	chomnong	pronunciation
cAmnAN	2127	chamnang	spelling
vAsEntOn	2128	vasintaon	pronunciation
sAy	2129	say	pronunciation
hANcEN	2130	hangchheng	pronunciation
cNAY	2131	chnganh	pronunciation
cNAY	2131	chhnganh	spelling
cOmnOmcOmrJ	2132	chumnumchumreah	pronunciation
cOmnOmcOmrJ	2132	chumnumchomreah	spelling
crE	2133	chreuh	pronunciation
crE	2133	chreus	spelling
pEn	2134	phaen	pronunciation
pEn	2134	phen	ungegn
sAtJrJnAcOn	2135	satheareanachun	pronunciation
sAtJrOncOn	2135	sathearonchon	spelling
krOcOk	2137	krochok	pronunciation
krAcAk	2137	krachak	spelling
cOmnA	2138	chomnah	pronunciation
cAmnA	2138	chamnas	spelling
crOv	2139	chrov	pronunciation
crO	2139	chrou	ungegn
dOkpONkpO	2140	dorkpungkpuoh	pronunciation
dAkpONkpO	2140	dakhpongkhpos	spelling
bOrEcAk	2142	borrichak	pronunciation
bArEcAk	2142	barichchak	spelling
sAksEy	2143	saksey	pronunciation
sAksEy	2143	saksei	spelling
AkEpEy	2144	akiphey	pronunciation
AkEpEy	2144	akkiphey	spelling
AkEpEy	2952	akiphey	pronunciation
AkEpEy	2952	akkiphey	spelling
AkEpQy	2144	akkiphoay	ungegn
AkEpQy	2952	akkiphoay	ungegn
cAy	2145	chay	pronunciation
cAy	2421	chhay	pronunciation
yOtJcOn	2147	yuttheachun	pronunciation
yOtOcOn	2147	yutthochon	spelling
krOhmJhOntArAy	2148	kruohmeahontaray	pronunciation
krOhmOhndArJy	2148	kruohmohndareay	spelling
krQhmOhndArJy	2148	kroahmohndareay	ungegn
cEy	2150	chey	pronunciation
cQy	2150	choay	ungegn
tnOl	2151	tnol	pronunciation
tnAl	2151	thnal	spelling
yONvEN	2152	yuongvaeng	pronunciation
yOrANvEN	2152	yurangvaeng	spelling
yOrANvEN	2152	yurangveng	ungegn
tJNtQt	2153	tiengtoat	pronunciation
rJp	2155	riep	pronunciation
rJb	2155	rieb	spelling
kAnAdA	2156	kanada	pronunciation
myAN	2157	myang	pronunciation
sEN	2159	seng	pronunciation
nErOntArApJp	2160	nirontarapheap	pronunciation
nEndApJp	2160	nirndarpheap	spelling
bEkcOmhO	2161	baeukchomhor	pronunciation
bEkcAmhA	2161	baeukchamha	spelling
rOkprAk	2162	rokprak	pronunciation
sEy	2163	sey	pronunciation
sEy	2163	sei	spelling
kAmbEt	2165	kambet	pronunciation
kOsnA	2166	khousna	pronunciation
kOsnJ	2166	khousnea	spelling
cArOn	2167	charon	pronunciation
cArOnt	2167	charont	spelling
clONdEn	2168	chlongdaen	pronunciation
clANdEn	2168	chhlangdaen	spelling
clANdEn	2168	chhlangden	ungegn
tEkpnEk	2170	tekpnaek	pronunciation
tEkpnEk	2170	tuekphnaek	spelling
tEkpnEk	2170	toekphnek	ungegn
plOn	2171	plon	pronunciation
plAn	2171	plan	spelling
pJktEc	2172	pheaktech	pronunciation
mhOp	2173	mhoup	pronunciation
mhOb	2173	mhoub	spelling
mhOb	2173	mhob	ungegn
nJkrO	2175	neakru	pronunciation
nAkrO	2175	nakkru	spelling
cJcJN	2176	cheacheang	pronunciation
plON	2177	plong	pronunciation
plAN	2177	plang	spelling
sONkOtNOn	2179	songkotngun	pronunciation
sANkAtNOn	2179	sangkatthngon	spelling
slEk	2180	slek	pronunciation
slEk	2180	sloek	spelling
kOmcAt	2181	komchat	pronunciation
kAmcAt	2181	kamchat	spelling
kOsEkA	2182	kaoseka	pronunciation
cOmrEn	2183	chomraeun	pronunciation
cOmrEn	2348	chomraeun	pronunciation
cAmrEn	2183	chamreun	spelling
cAmrEn	2348	chamreun	spelling
cJcOn	2184	cheachun	pronunciation
cJcOn	2184	cheachon	spelling
mOyrOyJ	2186	muoyroryea	pronunciation
mOyOyJk	2186	muoyoryeak	spelling
mOyOyJ	2186	muoyoryea	ungegn
OntArA	2188	ontara	pronunciation
AntA	2188	antar	spelling
pAcObOnApJp	2189	pachobonapheap	pronunciation
bAcObAnOpJp	2189	bachchobbannopheap	spelling
pOhvJn	2190	puohvien	pronunciation
pQhvJn	2190	poahvien	ungegn
Ay	2191	ay	pronunciation
bOmpJn	2192	bompean	pronunciation
bAmpJn	2192	bampean	spelling
pOsEncEy	2194	pousaenchey	pronunciation
pOtEsEncQy	2194	pouthisenchoay	ungegn
yOlkEY	2195	yulkheunh	pronunciation
yOlkEY	2195	yolkheunh	spelling
sOmnEm	2196	somnaeum	pronunciation
sAmnEm	2196	samnaeum	spelling
kOmnOtrA	2197	komnotra	pronunciation
kAmnAtrA	2197	kamnattra	spelling
bOndE	2200	bondaeu	pronunciation
bAndE	2200	bandaeur	spelling
rOpAmOn	2201	rupamun	pronunciation
rObmOnt	2201	rubmont	spelling
bONkOl	2202	bongkoul	pronunciation
bANkOl	2202	bangkoul	spelling
prOhsrEy	2203	prohsrey	pronunciation
prOsrEy	2203	prossrei	spelling
mOtJnApJp	2204	mouteanapheap	pronunciation
mOtOnpJp	2204	moutonpheap	spelling
OlAmpEk	2205	oulampek	pronunciation
OlAmpEk	2205	oulampik	spelling
OlAmpEk	2205	olampik	ungegn
kOkAn	2206	khokkhan	pronunciation
kAkAn	2206	khakkhan	spelling
tEkmOm	2207	tekmum	pronunciation
tEkmOm	2207	tuekkhmum	spelling
tEkmOm	2207	toekkhmum	ungegn
AcEvJkO	2209	achiveakor	pronunciation
AcEvkA	2209	achivkar	spelling
kOrOnA	2210	kourouna	pronunciation
kOrOnA	2210	korona	ungegn
stApAnEk	2212	sthapanek	pronunciation
stAbnEk	2212	sthabnik	spelling
cOmbAN	2213	chombang	pronunciation
cOrAcO	2214	chorachor	pronunciation
cArJcA	2214	chareachar	spelling
cJyO	2215	cheayu	pronunciation
cJyO	2215	cheayur	spelling
vJsnA	2216	veasna	pronunciation
vJsnJ	2216	veasnea	spelling
sOvAn	2217	sovan	pronunciation
sOvOn	2217	sovonn	spelling
hOnsEn	2218	hunsaen	pronunciation
hOnsEn	2218	hunsen	ungegn
tQltE	2219	toaltae	pronunciation
tQltE	2219	toalte	ungegn
bONhEp	2220	bonghaeup	pronunciation
bANhEb	2220	banghaeub	spelling
sOmOkOn	2221	soumorkun	pronunciation
sOmAkOn	2221	soumarkun	spelling
sOmAkOn	2221	somarkun	ungegn
srOb	2222	sroub	spelling
srOb	2222	srob	ungegn
NONEt	2225	ngonget	pronunciation
NONEt	2225	ngonguet	spelling
NONEt	2225	ngongoet	ungegn
tOp	2226	top	pronunciation
tOp	2410	tup	pronunciation
tAb	2226	tab	spelling
tJ	2227	tea	pronunciation
tJ	2823	thea	pronunciation
pkAy	2228	pkay	pronunciation
pkAy	2228	phkay	spelling
lObOmbAt	2229	lubombat	pronunciation
lObAmbAt	2229	lubbambat	spelling
lOmnOvtAn	2230	lumnovthan	pronunciation
lOmnOvtAn	2791	lumnovthan	pronunciation
lOmnOvdtAn	2230	lumnovdthan	spelling
lOmnOdtAn	2230	lumnoudthan	ungegn
tOkcJ	2232	tukchea	pronunciation
tEsApJp	2233	tesapheap	pronunciation
tEspJp	2233	tespheap	spelling
nEyOcEt	2234	niyouchet	pronunciation
nEyOcEt	2234	niyouchit	spelling
yJYOn	2235	yeanyun	pronunciation
yJYOnt	2235	yeanyont	spelling
bEkbAk	2237	baekbak	pronunciation
bEkbAk	2237	bekbak	ungegn
pOnlOt	2238	punlut	pronunciation
pOnlOt	2238	ponlot	spelling
kONtrA	2239	kongtra	pronunciation
slA	2240	sla	pronunciation
cJrEy	2242	cheareuy	pronunciation
cJrEy	2242	chearoeay	spelling
plA	2244	plah	pronunciation
plA	2244	phlas	spelling
kAtO	2245	katouh	pronunciation
kAtO	2245	kattous	spelling
tEpkOsOl	2246	tepkaosol	pronunciation
tEpkOsAly	2246	tepkaosaly	spelling
prOlAy	2247	prolay	pronunciation
prOlAy	2781	prolay	pronunciation
prAlAy	2247	pralay	spelling
rOlOk	2248	rolok	pronunciation
prEklAy	2250	praeklay	pronunciation
prEklAy	2250	preklay	ungegn
OmbEl	2251	ombel	pronunciation
AmbEl	2251	ambel	spelling
rJv	2252	reav	pronunciation
sEytOYApJp	2253	seytonhapheap	pronunciation
sEytOYApJp	2253	seitonhapheap	spelling
kOsOm	2254	kuosom	pronunciation
kOsAm	2254	kuorsam	spelling
cAydOn	2255	chaydon	pronunciation
cAydAY	2255	chaidany	spelling
rOY	2256	runh	pronunciation
OtyJn	2257	utyean	pronunciation
OtyJn	2257	otyean	spelling
cONOl	2259	chongol	pronunciation
cANOl	2259	changol	spelling
tOptOl	2260	tuptul	pronunciation
tObtOl	2260	tobtol	spelling
sAvAnAkA	2261	savanaka	pronunciation
sAvnJkA	2261	savneakar	spelling
sNOpsNAt	2262	sngopsngat	pronunciation
sNAbsNAt	2262	sngabsngat	spelling
nOrOtdOm	2263	norroutdom	pronunciation
nOrOtdAm	2263	noroutdam	spelling
pOlJkAm	2264	puleakam	pronunciation
pOlkAm	2264	polkamm	spelling
mEN	2265	meng	pronunciation
mEN	2854	ming	pronunciation
kEmrApOmEn	2267	khemraphumen	pronunciation
kEmOpOmEnt	2267	khemorphumint	spelling
rQtAnAkErE	2268	roatanakiri	pronunciation
rOtnOkErE	2268	rotnokiri	spelling
krE	2269	krae	pronunciation
krE	2269	kre	ungegn
pEnEy	2272	piney	pronunciation
pEnQy	2272	pinoay	ungegn
AtkOmbAN	2273	atkombang	pronunciation
AtkAmbAN	2273	arthkambang	spelling
krOlAhOm	2274	krolahaom	pronunciation
krAlAhOm	2274	kralahaom	spelling
dOmlApJp	2276	domlapheap	pronunciation
tAmlJpJp	2276	tamleapheap	spelling
tOmtEN	2277	thumtheng	pronunciation
pEYvEy	2278	penhvey	pronunciation
pEYvQy	2278	penhvoay	ungegn
kEcmO	2279	kechmuoh	pronunciation
kEcmO	2279	kechhmuoh	spelling
kEdEcmQ	2279	kerdechhmoah	ungegn
NQp	2280	ngoap	pronunciation
NQb	2280	ngoab	spelling
bOnsOl	2282	bonsol	pronunciation
bAnsAl	2282	bansal	spelling
bONkOp	2284	bongkop	pronunciation
bANkAb	2284	bangkab	spelling
pEpQ	2285	pipoa	pronunciation
pEpQrO	2285	pipoaro	spelling
pEpQrOn	2285	pipoaron	ungegn
sAcprAk	2286	sachprak	pronunciation
AcEntrAy	2287	achentray	pronunciation
AcEntrAy	2287	achentrai	spelling
AcEntrAy	2287	achentraiy	ungegn
dOmbOl	2289	domboul	pronunciation
dAmbOl	2289	damboul	spelling
dAmbOl	2289	dambol	ungegn
pElnA	2290	pelna	pronunciation
mJrJnApJp	2291	meareanapheap	pronunciation
mOnApJp	2291	mornapheap	spelling
lAtEprOcJtEpAtAy	2292	latthiprocheathepatay	pronunciation
lOtEbrOcJtEbtEy	2292	lotthibrocheathibteyy	spelling
kOmnAt	2294	komnat	pronunciation
krAm	2295	kram	pronunciation
cAmnO	2296	chamnoh	spelling
mOkmQt	2297	mukmoat	pronunciation
mOkmQt	2297	mukhmoat	spelling
dEykA	2298	deyka	pronunciation
dEykA	2298	deika	spelling
AbsArA	2299	absara	pronunciation
AbsArJ	2299	absarea	spelling
crEnA	2300	chraeunah	pronunciation
crEnA	2300	chraeunnas	spelling
tAnA	2301	thana	pronunciation
tAnJk	2301	thaneak	spelling
tAnJ	2301	thanea	ungegn
sONvJn	2303	songvien	pronunciation
sANvJn	2303	sangvien	spelling
sOnlOp	2304	sonlop	pronunciation
sAnlOb	2304	sanlob	spelling
stEN	2305	steng	pronunciation
stEN	2305	stueng	spelling
stEN	2305	stoeng	ungegn
slJkpJk	2307	sliekpeak	pronunciation
dAmdO	2309	damdoh	pronunciation
bONkQp	2310	bongkoap	pronunciation
bANkQb	2310	bangkoab	spelling
lOmhO	2313	lumhou	pronunciation
lOmhO	2313	lumhour	spelling
lOmhO	2313	lumhor	ungegn
tAn	2314	than	pronunciation
dtAn	2314	dthan	spelling
vAnA	2315	vana	pronunciation
vOnAk	2315	vonnak	spelling
vOnA	2315	vonna	ungegn
sObOrOhsAcOn	2316	soborohsachun	pronunciation
sAbOrOscOn	2316	sabboroschon	spelling
kAtbON	2317	khatbong	pronunciation
kAtbAN	2317	khatbang	spelling
bANkOk	2319	bangkok	pronunciation
bANkAk	2319	bangkak	spelling
pAhtONkEc	2320	pahtungkech	pronunciation
pAhtONkEc	2320	pahtongkich	spelling
cEp	2323	chhip	pronunciation
cEb	2323	chhib	spelling
mErJn	2324	merien	pronunciation
rOvOl	2325	rovul	pronunciation
rOvOl	2325	rovol	spelling
vQtJnJpJp	2326	voattheaneapheap	pronunciation
vOdtOnpJp	2326	vodthonpheap	spelling
vEnEyOkEn	2327	viniyouken	pronunciation
vEnEyOkEn	2327	viniyoukin	spelling
kONvA	2328	kongvah	pronunciation
kANvJ	2328	kangveah	spelling
kOmnE	2329	komnae	pronunciation
kAmnE	2329	kamnae	spelling
kAmnE	2329	kamne	ungegn
bAYcEYmJtE	2331	banhchenhmeate	pronunciation
bAYcEYOmtE	2331	banhchenhomte	spelling
prEtEbAt	2332	pretebat	pronunciation
prEtdEbAtr	2332	pruetdebatr	spelling
prEtdEbAtr	2332	proetdebatr	ungegn
prJhOmcA	2333	preahomchah	pronunciation
prJhAmcA	2333	preahamchas	spelling
kOmlJt	2334	kumleat	pronunciation
kOmlJt	2334	komleat	spelling
cOmnEyAhA	2335	chomneyaha	pronunciation
cAmnJhA	2335	chamneiahar	spelling
dENtE	2336	dengte	pronunciation
dENtE	2336	doengte	spelling
tOrJsApdAy	2337	tureasapday	pronunciation
tOsAptOdAy	2337	tursaptodai	spelling
tvEbAp	2338	tveubap	pronunciation
tvEbAb	2338	thveubab	spelling
pEtEkApQn	2339	petekaphoan	pronunciation
bEtEkpOnd	2339	betekphond	spelling
sONkEp	2340	songkhaep	pronunciation
sANkEb	2340	sangkheb	spelling
nEpOn	2343	nipun	pronunciation
nEpOnt	2343	niponth	spelling
yOvJvEy	2344	yuveavey	pronunciation
yOvEy	2344	yuvvey	spelling
yOvQy	2344	yuvvoay	ungegn
krOpJ	2346	kropeah	pronunciation
krApJ	2346	krapeah	spelling
NOt	2347	ngut	pronunciation
tEbEy	2349	tibey	pronunciation
tEbEy	2349	tibei	spelling
vAt	2350	vat	pronunciation
kOy	2351	koy	pronunciation
tONk	2352	tuoangk	spelling
sAtrEv	2353	satrev	pronunciation
sAtrOv	2353	satruv	spelling
sOntO	2354	sontuh	pronunciation
sAntO	2354	santuh	spelling
ApApArAmA	2355	apaparama	pronunciation
AbAbrOmJ	2355	abbabromea	spelling
ptOhlEN	2356	ptuhlaeung	pronunciation
ptOhlEN	2356	phtuhlaeung	spelling
pEsA	2357	pisa	pronunciation
rOyJ	2358	royea	pronunciation
rOyJ	2432	royeah	pronunciation
rOyJk	2358	royeak	spelling
cONkOt	2359	chongkout	pronunciation
cANkOt	2359	changkout	spelling
cANkOt	2359	changkot	ungegn
cOmhJN	2360	chomhieng	pronunciation
cAmhJN	2360	chamhieng	spelling
dAv	2361	dav	pronunciation
pdAmpYE	2363	pdampnhaeu	pronunciation
pdAmpYE	2363	phdamphnhaeu	spelling
vQ	2364	voah	pronunciation
vQ	2364	voas	spelling
vEnEy	2365	viney	pronunciation
vEnQy	2365	vinoay	ungegn
vEn	2366	ven	pronunciation
sAbO	2367	sabu	pronunciation
svA	2368	sva	pronunciation
kOnsOmbAt	2369	kunsombat	pronunciation
kOnsAmbAtdE	2369	kunsambatde	spelling
crJlcrOv	2370	chrealchrov	pronunciation
crJlcrO	2370	chrealchrou	ungegn
tQt	2372	toat	pronunciation
tQt	2708	thoat	pronunciation
pYEsA	2373	pnhaeusa	pronunciation
pYEsA	2373	phnhaeusar	spelling
hAt	2374	hat	pronunciation
ErO	2375	eurou	pronunciation
ErO	2375	oero	ungegn
EkAkJrQtAtOt	2376	aekakearoatthatut	pronunciation
EkAkOdtAtOt	2376	aekakkordthatut	spelling
EkAkOdtAtOt	2376	ekakkordthatut	ungegn
cAkOvEsAy	2377	chakkhovisay	pronunciation
cAkOvEsAy	2377	chakkhovisai	spelling
tOmnQ	2378	tumnoah	pronunciation
tOmnQ	2378	tumnoas	spelling
vEckcOp	2380	vechkchop	pronunciation
vEckcAb	2380	vechkhchab	spelling
klJ	2382	klea	pronunciation
klJ	2382	khlea	spelling
cEYcOl	2383	chenhchoul	pronunciation
cEYcOl	2383	chenhchol	ungegn
pOmJ	2384	phumea	pronunciation
kOsOl	2387	kosol	pronunciation
kOsAl	2387	kosal	spelling
trQm	2388	troam	pronunciation
vQhvEN	2389	voahvaeng	pronunciation
vQsvEN	2389	voasvaeng	spelling
vQsvEN	2389	voasveng	ungegn
sAmAsAtJt	2390	samasatheat	pronunciation
sAmJstJtO	2390	sameastheato	spelling
AkAhsAyJnAtAn	2391	akahsayeanatthan	pronunciation
AkAsyJndtAn	2391	akasyeandthan	spelling
crON	2393	chrung	pronunciation
pOpOk	2394	popuok	pronunciation
pOpOk	2477	popok	pronunciation
sOkcEt	2395	sokchet	pronunciation
sOkcEt	2395	sokhchett	spelling
AnOkrO	2396	anukruoh	pronunciation
AnOkrQ	2396	anukroah	ungegn
kAlpArEcEt	2397	kalparechchhaet	pronunciation
kAlObrEcEt	2397	kalobrichchhet	spelling
prOYAp	2399	pronhap	pronunciation
prAYQb	2399	pranhoab	spelling
mhOpAhA	2400	mhoupaha	pronunciation
mhObAhA	2400	mhoubahar	spelling
mhObAhA	2400	mhobahar	ungegn
AsOn	2402	ason	pronunciation
AsAn	2402	asann	spelling
kQbEy	2403	koabey	pronunciation
kObEy	2403	kobbei	spelling
pJktA	2404	peaktha	pronunciation
pJkyOtA	2404	peakyotha	spelling
lEm	2407	lem	pronunciation
lEm	2407	luem	spelling
lEm	2407	loem	ungegn
sAmAkE	2408	samaki	pronunciation
sAmOkE	2408	samokki	spelling
tOb	2410	tob	spelling
tEsdEykA	2411	tisdeyka	pronunciation
tEsdEykA	2411	tisdeikar	spelling
tJnJrAprON	2412	theanearaprong	pronunciation
tJnJrAbrON	2412	theanearabrong	spelling
kAtdE	2415	katde	pronunciation
kAtdE	2415	katder	spelling
ksEkrOvAt	2416	ksaekrorvat	pronunciation
ksEkrOvQt	2416	khsaekrovoat	spelling
ksEkrOvQt	2416	khsekrovoat	ungegn
tJktEn	2417	teakten	pronunciation
tJktEn	2417	teaktin	spelling
yONtOvtAm	2418	youngtovtam	pronunciation
yONtOtAm	2418	youngtoutam	ungegn
snOl	2419	snoul	pronunciation
snOl	2419	snol	ungegn
AkAhsAcO	2420	akahsachor	pronunciation
AkAsAcrO	2420	akasachro	spelling
AkAsAcrOn	2420	akasachron	ungegn
nEksmAn	2422	neksman	pronunciation
nEksmAn	2422	nueksman	spelling
nEksmAn	2422	noeksman	ungegn
bOkprE	2424	bokprae	pronunciation
bAkprE	2424	bakprae	spelling
bAkprE	2424	bakpre	ungegn
rOlON	2425	roloung	pronunciation
vAy	2426	vay	pronunciation
vAy	2426	vai	spelling
sEcOmrOv	2427	sichumrov	pronunciation
sEcmrOv	2427	sichmrov	spelling
sEcmrO	2427	sichmrou	ungegn
hEltEk	2428	haeltek	pronunciation
hEltEk	2428	haeltuek	spelling
hEltEk	2428	heltoek	ungegn
AfkAnEstAn	2429	afganisthan	pronunciation
AhvOhkJnEstAn	2429	ahvohkeanisthan	spelling
kOmpE	2430	kumpi	pronunciation
kOmpE	2430	kompir	spelling
dOmrEy	2431	domrey	pronunciation
dAmrE	2431	damri	spelling
AtAtEbAy	2433	atthathibay	pronunciation
AtAtEbAy	2433	atthathibbay	spelling
kOkcEt	2434	khokchet	pronunciation
kAkcEt	2434	khakchett	spelling
tEm	2435	thaem	pronunciation
tEm	2435	them	ungegn
rEhEN	2437	reuhaeung	pronunciation
rEsEN	2437	reusaeung	spelling
sOmpQntJmEt	2438	sompoantheamet	pronunciation
sAmpQntOmEt	2438	sampoanthomitt	spelling
srOmAy	2439	sromay	pronunciation
srAmEy	2439	sramey	spelling
kElO	2440	kilou	pronunciation
kElO	2440	kilo	ungegn
tJn	2441	tean	pronunciation
tJn	2546	tien	pronunciation
yANmEc	2443	yangmech	pronunciation
hE	2445	he	pronunciation
hE	2929	he	pronunciation
AyOcEvEt	2446	ayuchivet	pronunciation
AyOcEvEt	2446	ayuchivit	spelling
tQnsAmAy	2447	toansamay	pronunciation
tQnsAmEy	2447	toansamey	spelling
tQnsAmQy	2447	toansamoay	ungegn
bOtsOmpJ	2451	botsompheah	pronunciation
bAtsAmpJsA	2451	batsampheasa	spelling
bAtsAmpJsAn	2451	batsampheasan	ungegn
bOtr	2452	botr	spelling
mJtEyObOl	2453	meateyoubol	pronunciation
mOtEyObAl	2453	moteyoubal	spelling
vEtJn	2454	vithean	pronunciation
sAkOlOk	2455	sakolouk	pronunciation
sAklOlOk	2455	saklolouk	spelling
AtEpAdEy	2456	athepadey	pronunciation
AtEbtEy	2456	athibtei	spelling
kdEysONkEm	2457	kdeysongkhem	pronunciation
kdEysNkEm	2457	kdeisngkhuem	spelling
kdEysNkEm	2457	kdeisngkhoem	ungegn
cOlJpOl	2458	chuleaphol	pronunciation
cOlpAl	2458	cholphal	spelling
pEkrOhyObOl	2459	pikruohyoubol	pronunciation
pEkrOhyObAl	2459	pikruohyoubal	spelling
pEkrQhyObAl	2459	pikroahyoubal	ungegn
rObON	2460	robong	pronunciation
rObAN	2460	robang	spelling
rObAN	2574	robang	pronunciation
lbAt	2461	lbat	pronunciation
kONyOtJpOl	2463	kongyoutheapul	pronunciation
kANyOtpOl	2463	kangyouthpol	spelling
sOksOntEpJp	2464	soksontepheap	pronunciation
sOksAntEpJp	2464	sokhsantepheap	spelling
hON	2465	hong	pronunciation
hON	2732	hong	pronunciation
hANs	2465	hangs	spelling
mJtOpOm	2467	meatophum	pronunciation
mJtOpOmE	2467	meatophumi	spelling
yOkyOl	2468	youkyul	pronunciation
yOkyOl	2468	youkyol	spelling
rJy	2469	reay	pronunciation
sOmyOt	2470	somyut	pronunciation
sAmyOt	2470	samyutth	spelling
tOntJntEk	2471	thuntheantek	pronunciation
tOntJntEk	2471	thontheantuek	spelling
tOntJntEk	2471	thontheantoek	ungegn
pErJvJkAm	2472	phereaveakam	pronunciation
pErOvkAm	2472	pherovkamm	spelling
rOmlObOmpJn	2473	rumloubompean	pronunciation
rOmlOpbAmpJn	2473	rumlouphbampean	spelling
klAhAn	2474	klahan	pronunciation
tbEt	2476	tbet	pronunciation
dbEt	2476	dbet	spelling
mEk	2478	mek	pronunciation
mEk	2478	mekh	spelling
cOmcAv	2480	chaomchav	pronunciation
cOmcO	2480	chaomchau	spelling
rONvON	2482	rungvung	pronunciation
rONvON	2482	rongvong	spelling
El	2483	el	pronunciation
tOtOvtJt	2484	tortovtiet	pronunciation
tAtOvtJt	2484	tatovtiet	spelling
tAtOtJt	2484	tatoutiet	ungegn
prOlJn	2485	prolean	pronunciation
sOmbEy	2486	soumbey	pronunciation
sOmbEy	2486	soumbei	spelling
sOmbEy	2486	sombei	ungegn
clJt	2488	chliet	pronunciation
clJt	2488	chhliet	spelling
tOhsAnAvQtdEy	2489	tuohsanavoatdey	pronunciation
tOsAnJvdEy	2489	tossaneavddei	spelling
blOk	2490	blok	pronunciation
plOk	2490	plok	spelling
pOtEn	2491	putin	pronunciation
rOntOt	2493	runthut	pronunciation
rOntOt	2493	ronthot	spelling
OtmOt	2494	otmut	pronunciation
AtmOt	2494	atthmot	spelling
OkrEtAkAm	2495	ukretthakam	pronunciation
OkrEdtAkAm	2495	okredthakamm	spelling
kOmlONpEl	2497	komlongpel	pronunciation
kAmlONpEl	2497	kamlongpel	spelling
crOmO	2498	chromoh	pronunciation
crAmO	2498	chramuh	spelling
bAYcAN	2499	banhchang	pronunciation
sEpAkAm	2500	sepakam	pronunciation
sEbAkAm	2500	sebbakamm	spelling
kEtEprEtbOndEt	2501	ketepretbondet	pronunciation
kEtdEprEtObndEt	2501	ketdepruetthobndit	spelling
kEtdEprEtObndEt	2501	ketdeproetthobndit	ungegn
cJtsA	2503	cheatsah	pronunciation
cJtEsAsA	2503	cheatesasa	spelling
cJtEsAsAn	2503	cheatesasan	ungegn
mEc	2504	mech	pronunciation
rEtE	2505	retae	pronunciation
rEtE	2505	ruettae	spelling
rEtE	2505	roette	ungegn
sOncbA	2506	suonchba	pronunciation
sOncbA	2506	suonchbar	spelling
sQm	2507	soam	pronunciation
ObAsEkA	2509	ubaseka	pronunciation
ObAsEkA	2509	obaseka	spelling
cAtcEN	2510	chatchaeng	pronunciation
cAtcEN	2510	chatcheng	ungegn
ptJNptQt	2511	ptiengptoat	pronunciation
ptJNptQt	2511	phtiengphtoat	spelling
pJksOmdEy	2512	peaksomdey	pronunciation
pJkyOsmdEy	2512	peakyosmdei	spelling
kOmlO	2516	komloh	pronunciation
kAmlO	2516	kamluoh	spelling
kAmlQ	2516	kamloah	ungegn
kbOt	2517	kbot	pronunciation
kbAt	2517	kbat	spelling
pEkApJp	2518	paekkhapheap	pronunciation
bEkApJp	2518	bekkhapheap	spelling
pyO	2519	pyuh	pronunciation
pyO	2561	pyuo	pronunciation
pyO	2561	pyuor	spelling
nJkOkYA	2520	neakoknha	pronunciation
nAkOkYA	2520	nakoknha	spelling
kEp	2521	kaep	pronunciation
kEb	2521	kaeb	spelling
kEb	2521	keb	ungegn
bOnlA	2522	bonlah	pronunciation
bAnlQ	2522	banloas	spelling
bEysAc	2523	beysach	pronunciation
bEsAc	2523	besach	spelling
pYJk	2525	pnheak	pronunciation
pYJk	2525	phnheak	spelling
kOhAv	2527	kohav	pronunciation
kOhO	2527	kaohhau	spelling
bOntEcbOntOc	2529	bontechbontuoch	pronunciation
bAntEcbAntOc	2529	bantechbantuoch	spelling
vEnJtE	2530	vineati	pronunciation
sOntJrJkAtA	2531	sonteareakatha	pronunciation
sOntOkAtA	2531	sontorkatha	spelling
OpO	2532	opor	pronunciation
AbA	2532	abar	spelling
dOnpEY	2533	dounpenh	pronunciation
dOnpEY	2533	donpenh	ungegn
tOvmEl	2534	tovmeul	pronunciation
tOmEl	2534	toumeul	ungegn
pOnpON	2535	ponpong	pronunciation
pOnpAN	2535	ponpang	spelling
cnAN	2537	chnang	pronunciation
cnAN	2537	chhnang	spelling
tOtEN	2539	toteng	pronunciation
tOtEN	2539	totueng	spelling
tOtEN	2539	totoeng	ungegn
bOcJ	2540	bouchea	pronunciation
bOcJ	2540	bochea	ungegn
pdAsAy	2541	pdasay	pronunciation
pdAsAy	2541	phdasay	spelling
AsAnA	2543	asana	pronunciation
AsnJk	2543	asneak	spelling
AsnJ	2543	asnea	ungegn
cArEt	2544	charet	pronunciation
cArEt	2544	charit	spelling
crOlOm	2545	chrolom	pronunciation
crAlAm	2545	chralam	spelling
lAy	2547	lay	pronunciation
cEnlEn	2548	cheunleun	pronunciation
cEnlEn	2548	choeanloean	spelling
dEtO	2549	daeutuo	pronunciation
dEtO	2549	daeurtuo	spelling
prOtEyn	2550	proutein	pronunciation
prOtEyn	2550	protein	ungegn
psAyptQl	2551	psayptoal	pronunciation
psAyptQl	2551	phsayphtoal	spelling
pEpQrJnJ	2552	pipoareanea	pronunciation
pEpOnJ	2552	pipornnea	spelling
plJNtlJk	2553	pliengtleak	pronunciation
plJNtlJk	2553	phliengthleak	spelling
mdOm	2554	mdom	pronunciation
lmOm	2555	lmom	pronunciation
kONvOl	2556	kongvol	pronunciation
kANvOl	2556	kangvol	spelling
cErJpJp	2557	chereapheap	pronunciation
cEyrpJp	2557	cheirpheap	spelling
crOktvJ	2558	chroktvea	pronunciation
crAktvJ	2558	chraktvear	spelling
trOtrON	2559	trotrung	pronunciation
trOtrON	2559	trotrong	spelling
vEtyJ	2562	vityea	pronunciation
trOkOl	2565	trokoul	pronunciation
trAkOl	2565	trakoul	spelling
trAkOl	2565	trakol	ungegn
bOtAn	2566	botthan	pronunciation
bAtdtAn	2566	batdthan	spelling
yON	2567	young	pronunciation
kAlAtEsA	2568	kalatesa	pronunciation
kAlJktEsAk	2568	kaleaktesak	spelling
kAlJtEsA	2568	kaleatesa	ungegn
cOmpJk	2569	chumpeak	pronunciation
pOlvEbAk	2570	pholvibak	pronunciation
pAlvEbAk	2570	phalvibak	spelling
lJkAnAsOmbAt	2571	leakkhanasombat	pronunciation
lOkAnAksAmbAtdE	2571	lokkhanaksambatde	spelling
lOkAnAsAmbAtdE	2571	lokkhanasambatde	ungegn
smAv	2572	smav	pronunciation
smO	2572	smau	spelling
tlAytnO	2573	tlaytnou	pronunciation
tlAytnO	2573	thlaithnour	spelling
tlAytnO	2573	thlaithnor	ungegn
cOmnOykA	2575	chumnuoyka	pronunciation
cOmnOykA	2575	chumnuoykar	spelling
yEsOv	2577	yesuv	pronunciation
rJsmEy	2578	reasmey	pronunciation
rOsmE	2578	rosmi	spelling
sOmnOl	2579	somnol	pronunciation
sAmnAl	2579	samnal	spelling
krEm	2580	kraem	pronunciation
krEm	2580	krem	ungegn
tQltEsO	2581	toaltaesoh	pronunciation
tQltEsO	2581	toaltaesaoh	spelling
tQltEsO	2581	toaltesaoh	ungegn
prOsAt	2582	prosat	pronunciation
pEkrO	2583	pikruoh	pronunciation
pEkrQ	2583	pikroah	ungegn
yANnAkdEy	2585	yangnakdey	pronunciation
yANnAkdEy	2585	yangnakdei	spelling
rEt	2586	ret	pronunciation
rEt	2586	ritth	spelling
sAmpAtJn	2588	sampatean	pronunciation
sAmbAtJn	2588	sambatean	spelling
slJk	2589	sliek	pronunciation
vON	2590	voung	pronunciation
vON	2993	vung	pronunciation
hvON	2590	hvoung	spelling
hvON	2590	hvong	ungegn
krENpsOm	2591	kreungpsom	pronunciation
krENpsAm	2591	kroeangphsam	spelling
crEntE	2592	chraeuntae	pronunciation
crEntE	2592	chraeunte	ungegn
cQ	2593	choa	pronunciation
cQ	2593	choar	spelling
tOlyApJp	2594	tolyapheap	pronunciation
tOlyOpJp	2594	tolyopheap	spelling
tnAmYJn	2595	tnamnhien	pronunciation
tnAmYJn	2595	thnamnhien	spelling
bOpJ	2596	boupea	pronunciation
bOpJ	2596	boupear	spelling
bOpJ	2596	bopear	ungegn
tOlkOk	2598	tuolkouk	pronunciation
rEtbOntEN	2599	retbonteng	pronunciation
rEtbAntEN	2599	ruetbantoeng	spelling
rEtbAntEN	2599	roetbantoeng	ungegn
vAn	2601	van	pronunciation
sAmAtE	2602	samathi	pronunciation
sAmJtE	2602	sameathi	spelling
srOmOl	2603	sromaol	pronunciation
srAmOl	2603	sramoul	spelling
AhArOpAkO	2604	aharupakor	pronunciation
AhArObAkrO	2604	aharubakro	spelling
AhArObAkrOn	2604	aharubakron	ungegn
cmA	2605	chma	pronunciation
cmA	2605	chhma	spelling
cJmOntrEy	2606	cheamuntrey	pronunciation
cJmntrEy	2606	cheamntrei	spelling
pEmlhEm	2607	paemlhaem	pronunciation
pEmlhEm	2607	phaemlhaem	spelling
pEmlhEm	2607	phemlhem	ungegn
rQtprOhA	2608	roatproha	pronunciation
rOdtAbrOhA	2608	rodthabrohar	spelling
rOkAprOmAY	2609	rukkhapromanh	pronunciation
rOkAbrOmQY	2609	rukkhabromoanh	spelling
AvJkA	2610	aveakah	pronunciation
AvkA	2610	avkas	spelling
EdA	2611	eda	spelling
EdA	2611	edas	ungegn
kOkvOk	2612	kokvok	pronunciation
kAkvOk	2612	kakhvok	spelling
pAkEstAn	2613	pakisthan	pronunciation
pdEm	2614	pdaeum	pronunciation
pdEm	2614	phdaeum	spelling
sNAt	2616	sngat	pronunciation
stEl	2617	stil	pronunciation
kAnQmcOl	2618	kanoamchoul	pronunciation
kAnQmcOl	2618	karnoamchoul	spelling
kAnQmcOl	2618	karnoamchol	ungegn
kvOl	2619	kvol	pronunciation
kvAl	2619	khval	spelling
clAt	2620	chlat	pronunciation
clAt	2620	chhlat	spelling
sONkrOhbOntQn	2621	songkruohbontoan	pronunciation
sANkrOhbAntQn	2621	sangkruohbantoan	spelling
sANkrQhbAntQn	2621	sangkroahbantoan	ungegn
sOnlAk	2622	sonlak	pronunciation
sAnlJk	2622	sanleak	spelling
sArEyrJN	2623	sareyreang	pronunciation
sArErJNk	2623	sarireangk	spelling
pEkO	2624	phikkho	pronunciation
lJmOk	2625	leamuok	pronunciation
lJmOk	2625	leamok	spelling
sOpJp	2626	sopheap	pronunciation
AmErEkAN	2627	amerikang	pronunciation
EntE	2628	intheu	pronunciation
EntE	2628	inthueu	spelling
EntE	2628	inthoe	ungegn
EhslAm	2629	ehslam	pronunciation
EslAm	2629	eslam	spelling
EslAm	2953	islam	pronunciation
krOk	2630	kraok	pronunciation
cNOl	2631	chngol	pronunciation
cNAl	2631	chhngal	spelling
dONkO	2633	dongkao	pronunciation
dANkO	2633	dangkao	spelling
tAkmAv	2634	takmav	pronunciation
tAkmO	2634	takhmau	spelling
pOcsA	2635	puchsah	pronunciation
pOcsAsA	2635	puchsasa	spelling
pOcsAsAn	2635	puchsasan	ungegn
sONvAk	2636	songvak	pronunciation
sANvJk	2636	sangveak	spelling
hONdA	2637	hongda	pronunciation
cOmnAk	2638	chomnak	pronunciation
cAmnAk	2638	chamnak	spelling
tOrJkJmJnJkOm	2639	tureakeameaneakum	pronunciation
tOkOmnJkmO	2639	turkomneakmo	spelling
tOkOmnJkmOn	2639	turkomneakmon	ungegn
tOmnE	2640	tumne	pronunciation
tOmnE	2640	tumner	spelling
bONEk	2641	bongaek	pronunciation
bANEk	2641	bangaek	spelling
bANEk	2641	bangek	ungegn
prOnEt	2642	pronet	pronunciation
prAnEt	2642	pranet	spelling
sOmbOk	2644	sombok	pronunciation
sAmbAk	2644	sambak	spelling
cOmtQ	2647	chumtoah	pronunciation
cOmtQ	2647	chumtoas	spelling
bOtbEn	2648	botbaen	pronunciation
bAtbEn	2648	batbaen	spelling
bAtbEn	2648	batben	ungegn
bOmpO	2649	bomphoh	pronunciation
bAmpO	2649	bamphos	spelling
pyJkO	2650	pyeakor	pronunciation
pyJkrO	2650	pyeakro	spelling
pyJkrOn	2650	pyeakron	ungegn
sOmbOl	2651	sombol	pronunciation
sOmtO	2652	somtouh	pronunciation
sOmtO	2652	somtous	spelling
tOrJkEc	2654	thureakech	pronunciation
tOkEc	2654	thurkechch	spelling
bONOc	2655	bonguoch	pronunciation
bANOc	2655	banguoch	spelling
prA	2657	pra	pronunciation
mOkdOmnEN	2658	mukdomnaeng	pronunciation
mOktAmnEN	2658	mukhtamnaeng	spelling
mOktAmnEN	2658	mukhtamneng	ungegn
sAmAcEksApJ	2660	samacheksaphea	pronunciation
sAmJcEkAspJ	2660	sameachikasphea	spelling
sAmAsApJp	2661	samasapheap	pronunciation
sAmJspJp	2661	sameaspheap	spelling
sOmkA	2662	somka	pronunciation
sOmkA	2662	somkar	spelling
sEckdEysOk	2663	sechkdeysok	pronunciation
sEckdEysOk	2663	sechkdeisokh	spelling
AyOkAl	2665	ayukal	pronunciation
ErAk	2666	irak	pronunciation
dENcbA	2668	dengchbah	pronunciation
dENcbA	2668	doengchbas	spelling
pAtOmAsEksA	2669	pathomaseksa	pronunciation
bAtmOsEksA	2669	bathmoseksa	spelling
lEp	2670	lep	pronunciation
lEb	2670	leb	spelling
srAk	2671	srak	spelling
AvOtAt	2672	avuthat	pronunciation
AvOthAt	2672	avuthhatth	spelling
klANpEk	2673	klangpek	pronunciation
klANpEk	2673	khlangpek	spelling
crAncOl	2674	chranchaol	pronunciation
cOpsOmrAk	2675	chhupsomrak	pronunciation
cObsAmrJk	2675	chhobsamreak	spelling
bEktlJy	2676	baektleay	pronunciation
bEktlJy	2676	baekthleay	spelling
bEktlJy	2676	bekthleay	ungegn
pOnlEn	2678	punleun	pronunciation
pOnlEn	2678	ponloean	spelling
rOtE	2679	roteh	pronunciation
lENlJ	2680	laengleah	pronunciation
lENlJ	2680	lengleah	ungegn
sEnA	2681	sena	pronunciation
sEnJ	2681	senea	spelling
sdEN	2682	sdaeung	pronunciation
AtApOlEk	2683	atapulek	pronunciation
AtdAplEk	2683	atdaplik	spelling
kAmAkArEnE	2684	kamakarini	pronunciation
kAmOkArEnE	2684	kammokarini	spelling
kAlnA	2685	kalna	pronunciation
clJnpJn	2688	chleanpean	pronunciation
clJnpJn	2688	chhleanpean	spelling
bANpOnt	2689	bangponth	spelling
AnOsAvrE	2690	anusavri	pronunciation
AnOsAvrE	2690	anussavri	spelling
AnOsAvrEy	2690	anussavriy	ungegn
kJnArQtmOntrEy	2691	keanaroatmuntrey	pronunciation
kOnAkrOdtAmntrEy	2691	konakrodthamntrei	spelling
kOnArOdtAmntrEy	2691	konarodthamntrei	ungegn
cOnkAl	2693	chuonkal	pronunciation
dOmlON	2694	domloung	pronunciation
dAmlON	2694	damloung	spelling
dAmlON	2694	damlong	ungegn
cOmnAm	2696	chomnam	pronunciation
cAmnAm	2696	chamnam	spelling
pdAcmOk	2699	pdachmuk	pronunciation
pdAcmOk	2699	phdachmukh	spelling
sAmJkEpJp	2700	sameakipheap	pronunciation
sAmOkEpJp	2700	samokkipheap	spelling
smA	2701	sma	pronunciation
cOmlAk	2703	chomlak	pronunciation
cAmlJk	2703	chamleak	spelling
cbOmpOv	2704	chbaompov	pronunciation
cbArAmpOv	2704	chbarampov	spelling
cbArAmpO	2704	chbarampou	ungegn
YOhYON	2705	nhuhnhung	pronunciation
YOhYON	2705	nhuhnhong	spelling
dEmkOmnEt	2707	daeumkomnaeut	pronunciation
dEmkAmnEt	2707	daeumkamnaeut	spelling
nJlEkA	2709	nealeka	pronunciation
pAdEvQt	2710	padevoat	pronunciation
bAdEvOtdA	2710	badevotda	spelling
bAdEvOtdAn	2710	badevotdan	ungegn
bOmpOl	2711	bompul	pronunciation
bAmpOl	2711	bampul	spelling
sOmrOk	2712	somrok	pronunciation
sOmrOk	2925	somrok	pronunciation
sAmrOk	2712	samrok	spelling
sAmrOk	2925	samruk	spelling
cENtEk	2713	cheungtek	pronunciation
cENtEk	2713	cheungtuek	spelling
cENtEk	2713	cheungtoek	ungegn
plAk	2714	plak	pronunciation
plAk	2714	phlak	spelling
psApcQp	2715	psapchoap	pronunciation
psApcQb	2715	phsarphchoab	spelling
mEltE	2716	meulthae	pronunciation
mEltE	2716	meulthe	ungegn
sAhAkrEn	2717	sahakren	pronunciation
sAhkrEn	2717	sahkrin	spelling
QmOn	2718	oamoun	pronunciation
AmOn	2718	armoun	spelling
AmOn	2718	armon	ungegn
kJtAkAm	2719	kheatakam	pronunciation
kJtkAm	2719	kheatkamm	spelling
cOmnAtkA	2720	chomnatka	pronunciation
cAmnAtkA	2720	chamnatkar	spelling
bOmnEk	2721	bomnaek	pronunciation
bAmnEk	2721	bamnaek	spelling
bAmnEk	2721	bamnek	ungegn
rOlJy	2723	roleay	pronunciation
lJNsOmAt	2724	leangsomat	pronunciation
lJNsAmAt	2724	leangsamat	spelling
vEvQt	2725	vivoat	pronunciation
vEvOt	2725	vivott	spelling
dOhdO	2726	dohdou	pronunciation
dOhdO	2726	daohdour	spelling
dOhdO	2726	daohdor	ungegn
AkApAkErEyA	2727	akapakereya	pronunciation
AkAbAkErEyJ	2727	akabbakeriyea	spelling
rQtn	2730	roatn	spelling
hErAYpAtJn	2731	heranhpatean	pronunciation
hErOYObAtJn	2731	heronhnhobbatean	spelling
AsEt	2734	asit	pronunciation
dEYtlAy	2735	denhtlay	pronunciation
dEYtlAy	2735	denhthlai	spelling
pArEbOt	2736	parebot	pronunciation
bArEbAt	2736	baribat	spelling
bEtOhbEy	2737	baeutuohbey	pronunciation
bEtOhbEy	2737	baeutuohbei	spelling
bEtQhbEy	2737	baeutoahbei	ungegn
pOndA	2738	punda	pronunciation
pOntOdA	2738	ponthodar	spelling
kOnsEN	2740	konsaeng	pronunciation
kAnsEN	2740	kansaeng	spelling
kAnsEN	2740	kanseng	ungegn
kAOAv	2741	khaoav	pronunciation
krQn	2742	kroan	pronunciation
bOmplEN	2743	bomplaeng	pronunciation
bAmplEN	2743	bamplaeng	spelling
bAmplEN	2743	bampleng	ungegn
mAt	2744	mat	pronunciation
vJylOk	2745	veayluk	pronunciation
sONkOt	2746	songkot	pronunciation
cApcE	2748	chhapchheh	pronunciation
cAbcE	2748	chhabchheh	spelling
cOplJN	2749	chuplieng	pronunciation
cOblJN	2749	choblieng	spelling
prEtnAm	2750	praeutnam	pronunciation
prEtnAm	2750	praeuthnam	spelling
lEkstOy	2751	leukstuoy	pronunciation
sOmbObEp	2752	somboubaep	pronunciation
sAmbObEb	2752	sambourbaeb	spelling
sAmbObEb	2752	samborbeb	ungegn
sdAy	2753	sday	pronunciation
fEn	2754	fen	pronunciation
hvEn	2754	hven	spelling
trEymJ	2756	treymeah	pronunciation
trEymJ	2756	treimeas	spelling
tEbOYcOp	2757	tibonhchop	pronunciation
tEbYcAb	2757	tibnhchab	spelling
srON	2759	srong	pronunciation
srAN	2759	srang	spelling
kOmrAl	2761	komral	pronunciation
kAmrJl	2761	kamreal	spelling
clO	2762	chluoh	pronunciation
clO	2762	chhluoh	spelling
clQ	2762	chhloah	ungegn
tnOt	2763	tnaot	pronunciation
tkOltO	2764	tkaoltouh	pronunciation
tkOltO	2764	thkaoltous	spelling
lENk	2765	lingk	spelling
sOmlJk	2766	somliek	pronunciation
sAmlJk	2766	samliek	spelling
OtdOmJncEy	2767	utdormeanchey	pronunciation
OtdAmJncEy	2767	otdarmeanchey	spelling
OtdAmJncQy	2767	otdarmeanchoay	ungegn
kOtrA	2768	kotra	pronunciation
kAtrA	2768	kattra	spelling
kAdO	2769	kadou	pronunciation
kAdO	2769	kado	ungegn
kArE	2770	kare	pronunciation
tOy	2772	thoy	pronunciation
tNAytrON	2773	tngaytrong	pronunciation
tNAytrON	2773	thngaitrong	spelling
tOtOc	2774	totuch	pronunciation
nEhsAy	2775	nihsay	pronunciation
nEsAy	2775	nissai	spelling
nEsAy	2775	nissay	ungegn
sAhAv	2778	sahav	pronunciation
cOmkAmOn	2779	chomkamon	pronunciation
cAmkAmOn	2779	chamkarmon	spelling
prAlEy	2781	praley	spelling
prAlQy	2781	praloay	ungegn
prAcYA	2782	prachnha	pronunciation
prAcYJ	2782	prachnhea	spelling
prAsrAy	2783	prasray	pronunciation
prAsrAy	2783	prasrai	spelling
pJ	2784	pea	pronunciation
sOmpQ	2785	somphoah	pronunciation
sAmpAs	2785	samphass	spelling
kOkstJ	2786	koksteah	pronunciation
kAkstJ	2786	kaksteah	spelling
dONhE	2787	donghae	pronunciation
dANhE	2787	danghae	spelling
dANhE	2787	danghe	ungegn
dElEN	2788	daeuleng	pronunciation
dElEN	2788	daeurleng	spelling
bAp	2789	bap	pronunciation
bAb	2789	bab	spelling
pONrJy	2790	pungreay	pronunciation
pONrJy	2790	pongreay	spelling
lOmnOtAn	2791	lumnouthan	ungegn
kOmtEc	2793	komtech	pronunciation
kAmtEc	2793	kamtech	spelling
trE	2794	tri	pronunciation
prOcAmkE	2796	prochamkhae	pronunciation
prAcAmkE	2796	prachamkhae	spelling
prAcAmkE	2796	prachamkhe	ungegn
pdAckA	2798	pdachka	pronunciation
pdAckA	2798	phdachkar	spelling
mONkOlkA	2799	mungkulka	pronunciation
mONkOlkA	2799	mongkolkar	spelling
mEkOm	2800	mekhum	pronunciation
lOmnQm	2801	lumnoam	pronunciation
sEnEyEk	2802	seneyaek	pronunciation
sEnEyEk	2802	seniyek	ungegn
sEnEAEk	2802	seniaek	spelling
AkJsnONkA	2803	akeasnongka	pronunciation
AkOsnONkA	2803	akkosnongkar	spelling
AyAkA	2805	ayaka	pronunciation
AyOkA	2805	ayyokar	spelling
ErEyAbOt	2806	ereyabot	pronunciation
ErEyJbAt	2806	eriyeabath	spelling
OtOnEyOm	2807	utoniyum	pronunciation
OtOnEyOm	2807	otoniyom	spelling
krOmOm	2808	kromom	pronunciation
krAmOm	2808	kramum	spelling
cQpcOt	2809	choapchaot	pronunciation
cQbcOt	2809	choabchaot	spelling
trEhsdEy	2812	trehsdey	pronunciation
trEsdEy	2812	tresdey	pronunciation
trEsdEy	2812	truesdei	spelling
trEsdEy	2812	troesdei	ungegn
bOnlOm	2813	bonlom	pronunciation
bAnlOm	2813	banlum	spelling
prOsEncJ	2814	prosenchea	pronunciation
prAsEncJ	2814	prasenchea	spelling
yOksAmAy	2815	yuksamay	pronunciation
yOkOsmEy	2815	yukosmey	spelling
yOkOsmQy	2815	yukosmoay	ungegn
rAnE	2816	rani	pronunciation
lOnA	2817	lornah	pronunciation
lAnA	2817	lanas	spelling
sOtr	2818	soutr	spelling
sOtr	2818	sotr	ungegn
kQmpJ	2819	koampea	pronunciation
kQmpJ	2819	koampear	spelling
tOnlEsAp	2821	tunlesap	pronunciation
tOnlEsAb	2821	tonlesab	spelling
pEksE	2824	pheksi	pronunciation
pEksE	2824	phoeksi	spelling
pEntE	2825	phaenti	pronunciation
pEntE	2825	phenti	ungegn
mOkmlE	2827	mokmleh	pronunciation
rOkA	2828	roka	pronunciation
rEpO	2829	repouh	pronunciation
rEbO	2829	ruebous	spelling
rEbO	2829	roebos	ungegn
vEnEcAy	2830	vinichchhay	pronunciation
vEnEcAy	2830	vinichchhai	spelling
dOmkOl	2832	domkol	pronunciation
tAmkAl	2832	tamkal	spelling
tEnA	2833	tina	pronunciation
prJhpOt	2834	preahput	pronunciation
prJhpOt	2834	preahputth	spelling
sAstr	2837	sastr	spelling
srAbJ	2838	srabie	pronunciation
srAbJ	2838	srabier	spelling
AkOsOl	2839	akosol	pronunciation
AkOsAl	2839	akosal	spelling
AnApyJbAl	2840	anapyeabal	pronunciation
tEprOcOmcOn	2841	tiprochumchun	pronunciation
tEbrOcOmcOn	2841	tibrochumchon	spelling
bOmpOn	2842	bompon	pronunciation
bAmpAn	2842	bampan	spelling
ptEymOk	2843	pteymuk	pronunciation
ptEymOk	2843	phteymukh	spelling
Ok	2844	uk	pronunciation
krOpEY	2845	kropenh	pronunciation
krApEY	2845	krapenh	spelling
nEtJn	2846	nitean	pronunciation
bOvOkAYA	2847	bovorkanha	pronunciation
bAvrOkAYJ	2847	bavrokanhnhea	spelling
sAkdE	2850	sakde	spelling
AtEpArAmA	2851	ateparama	pronunciation
AtEbAmJ	2851	atebarmea	spelling
cENcA	2852	cheungchah	pronunciation
cENcA	2852	cheungchas	spelling
pAtOkO	2853	patokor	pronunciation
bAtOkA	2853	batokar	spelling
sbOn	2856	sboun	pronunciation
sbOn	2856	sbon	ungegn
kJt	2858	kheat	pronunciation
tEtAkA	2859	tetthaka	pronunciation
tEdtAkA	2859	tidthakar	spelling
prOkAnkcQp	2860	prokankchoap	pronunciation
prAkAnkcQb	2860	prakankhchoab	spelling
sElAtQ	2861	selathoa	pronunciation
sEyltOm	2861	seilthorm	spelling
kEmbOdJ	2864	khemboudea	pronunciation
kEmbOdJ	2864	khembodea	ungegn
tEy	2865	tey	pronunciation
tEy	2865	tei	spelling
bOkprA	2867	baokprah	pronunciation
bOkprA	2867	baokpras	spelling
pEm	2868	paem	pronunciation
pEm	2868	phaem	spelling
pEm	2868	phem	ungegn
prEylON	2869	preylong	pronunciation
prEylAN	2869	preylang	spelling
rJm	2870	ream	pronunciation
ONkOvQt	2871	ongkorvoat	pronunciation
ANkOvOt	2871	angkorvott	spelling
AtAkJt	2872	atakheat	pronunciation
AtdAkJt	2872	atdakheat	spelling
kbAc	2874	kbach	pronunciation
dOmbOnmJn	2876	dombounmean	pronunciation
dAmbOnmJn	2876	dambounmean	spelling
dAmbOnmJn	2876	dambonmean	ungegn
mJdA	2878	meada	pronunciation
mJtA	2878	meata	spelling
mOksAYA	2879	muksanha	pronunciation
mOksAYJ	2879	mukhsanhnhea	spelling
kEtOmrON	2881	kaetumrung	pronunciation
kEtmrON	2881	kaetmrong	spelling
kEtmrON	2881	ketmrong	ungegn
bOnAlAy	2882	bonalay	pronunciation
bAnAlEy	2882	bannaley	spelling
bAnAlQy	2882	bannaloay	ungegn
vElA	2884	vila	pronunciation
dEmtOn	2885	daeumtun	pronunciation
pOmtQn	2886	pumtoan	pronunciation
vEsOtJnJkAm	2887	visaotheaneakam	pronunciation
vEsOtOnkAm	2887	visaothonkamm	spelling
sEyhAnO	2888	seyhanu	pronunciation
sEyhnO	2888	seihnu	spelling
EzEp	2889	ezip	pronunciation
EhsEb	2889	ehsib	spelling
kOmrAy	2891	komray	pronunciation
kAmrEy	2891	kamrey	spelling
pcOmbEn	2892	pchumben	pronunciation
pcOmbEnd	2892	phchumbend	spelling
rOmQ	2893	romoah	pronunciation
rOmQ	2893	romoas	spelling
rOhrE	2894	ruhreu	pronunciation
lvEN	2895	lvaeng	pronunciation
lvEN	2895	lveng	ungegn
vEcJ	2896	vechea	pronunciation
vEcJ	2896	vichchea	spelling
sEcsE	2897	sechsi	pronunciation
zA	2898	za	pronunciation
hsA	2898	hsa	spelling
kApAl	2899	kapal	pronunciation
kEhAtAn	2900	kehathan	pronunciation
kEhdtAn	2900	kehdthan	spelling
pOmpJk	2901	phumpheak	pronunciation
pOmEpJk	2901	phumipheak	spelling
hOlON	2902	houlong	pronunciation
hOlAN	2902	houlang	spelling
hOlAN	2902	holang	ungegn
kJnAnJ	2903	keananea	pronunciation
kOnJ	2903	konnea	spelling
cOndE	2904	chundaeu	pronunciation
cOndE	2904	chondaeur	spelling
bEbOt	2906	baebot	pronunciation
bEbAt	2906	baebbat	spelling
bEbAt	2906	bebbat	ungegn
mAsA	2907	masa	pronunciation
mAsA	2907	massa	spelling
yJy	2908	yeay	pronunciation
sObOrOhsAtQ	2909	soborohsathoa	pronunciation
sAbOrOstOm	2909	sabborosthorm	spelling
sEtAvEmJn	2910	setavimean	pronunciation
sEtvEmJn	2910	setvimean	spelling
sEhsOl	2911	sehsol	pronunciation
sEsAl	2911	sessal	spelling
AcA	2912	acha	pronunciation
AcAy	2912	achary	spelling
kOndO	2914	khondou	pronunciation
kOndO	2914	khondo	ungegn
kmOc	2915	kmaoch	pronunciation
kmOc	2915	khmaoch	spelling
cJk	2916	cheak	pronunciation
tAlEbON	2917	talibong	pronunciation
tAlEbAN	2917	talibang	spelling
bOndO	2919	bondoh	pronunciation
bAndO	2919	bandoh	spelling
bAktErE	2920	bakteri	pronunciation
bAltJ	2921	balteah	pronunciation
prAmpE	2922	prampi	pronunciation
prAmpE	2922	prampir	spelling
rOprOm	2924	ruopruom	pronunciation
rObrOm	2924	ruobruom	spelling
sAhArEy	2926	saharey	pronunciation
sAhkArE	2926	sahkari	spelling
sOpOlJpJp	2927	sopuleapheap	pronunciation
sOpOlpJp	2927	sopolpheap	spelling
sEnEy	2928	seney	pronunciation
sEnEy	2928	seniy	ungegn
sEnE	2928	seni	spelling
prOkEk	2931	prokaek	pronunciation
prAkEk	2931	prakaek	spelling
prAkEk	2931	prakek	ungegn
sEc	2933	saeuch	pronunciation
OhsA	2934	uhsa	pronunciation
OsA	2934	ossa	spelling
OsA	2934	ossah	ungegn
cEylJpE	2936	cheyleaphi	pronunciation
cQylJpE	2936	choayleaphi	ungegn
vJrJkEsAnE	2939	veariakisani	pronunciation
vJrJkEsnE	2939	veariakkisni	spelling
AvyEt	2940	avyeut	pronunciation
AvyEt	2940	avyueut	spelling
AvyEt	2940	avyoet	ungegn
cONkrAn	2942	chongkran	pronunciation
cANkrAn	2942	changkran	spelling
mEnbAc	2943	menbach	pronunciation
mEnbAc	2943	minbach	spelling
rOcpOt	2944	ruochphot	pronunciation
krOlEkmEl	2945	krolekmeul	pronunciation
krAlEkmEl	2945	kralekmeul	spelling
dOmrON	2946	domrong	pronunciation
tAmrON	2946	tamrong	spelling
tAmlEN	2947	tamleung	spelling
mOmJYEk	2948	momeanhek	pronunciation
mOmJYEk	2948	momeanhuek	spelling
mOmJYEk	2948	momeanhoek	ungegn
mrJmdAy	2949	mreamday	pronunciation
mrJmdAy	2949	mreamdai	spelling
stENmJncEy	2951	stengmeanchey	pronunciation
stENmJncEy	2951	stuengmeanchey	spelling
stENmJncQy	2951	stoengmeanchoay	ungegn
tOlE	2956	thuli	pronunciation
pAsEfEk	2957	pasifek	pronunciation
pAsEhvEk	2957	pasihvek	spelling
pEsEt	2958	piset	pronunciation
pEsEdt	2958	pisedth	spelling
plO	2959	pluoh	pronunciation
plO	2959	phluoh	spelling
plQ	2959	phloah	ungegn
sONkOmOkEc	2960	songkumokech	pronunciation
sANkOmkEc	2960	sangkomkechch	spelling
vEkvEn	2961	vekveun	pronunciation
hvEkvEn	2961	hvoekhveun	spelling
hvEkvEn	2961	hvoekhvoen	ungegn
cnAy	2962	chnay	pronunciation
cnAy	2962	chnai	spelling
dOkcEY	2963	dokchenh	pronunciation
dAkcEY	2963	dakchenh	spelling
yJn	2964	yean	pronunciation
AsAyAtAn	2965	asayatthan	pronunciation
AsyOdtAn	2965	asyodthan	spelling
krJmkrOm	2966	kriemkrom	pronunciation
krJmkrAm	2966	kriemkram	spelling
krEp	2967	krip	pronunciation
krEb	2967	krib	spelling
bAYcO	2969	banhchoh	pronunciation
pdOtsOmkAn	2970	pdaotsomkhan	pronunciation
pdOtsAmkAn	2970	phdaotsamkhan	spelling
fO	2971	for	pronunciation
hvA	2971	hva	spelling
krOc	2972	krouch	pronunciation
krOc	2972	kroch	ungegn
klEnEk	2973	klinik	pronunciation
prOtEbAtkO	2974	protebatkor	pronunciation
ptJhbAy	2975	pteahbay	pronunciation
ptJhbAy	2975	phteahbay	spelling
pQkdE	2976	phoakde	spelling
plEpkA	2977	plaepka	pronunciation
plEpkA	2977	phlaephka	spelling
plEpkA	2977	phlephka	ungegn
prOlEN	2978	proleng	pronunciation
prOlEN	2978	prolueng	spelling
prOlEN	2978	proloeng	ungegn
sONhA	2979	songha	pronunciation
sANhA	2979	sangha	spelling
dOb	2981	dub	spelling
lEv	2983	liv	pronunciation
sEtsErEypJp	2984	setsereypheap	pronunciation
sEtEsErEpJp	2984	setthiseripheap	spelling
sOkOn	2985	sokhon	pronunciation
dOydAy	2988	daoyday	pronunciation
dOydAy	2988	daoydai	spelling
tAmpEtOv	2989	tampetov	pronunciation
tAmpEtOv	2989	tampittov	spelling
tAmpEtO	2989	tampittou	ungegn
bOksArOp	2990	bouksarop	pronunciation
bOkAsrOb	2990	boukasrub	spelling
bOkAsrOb	2990	bokasrub	ungegn
vONs	2993	vongs	spelling
strE	2994	streh	pronunciation
strE	2994	stres	spelling
kOhOk	2995	kohok	pronunciation
kOhAk	2995	kohak	spelling
krOmprEksApEbAl	2996	krompreksaphibal	pronunciation
krOmprEksApEbAl	2996	kromproeksaphibal	spelling
cQpkJN	2999	choapkeang	pronunciation
cQbkJN	2999	choabkeang	spelling
klJn	3000	klean	pronunciation
klJn	3000	khlean	spelling
ckOt	3001	chkuot	pronunciation
ckOt	3001	chhkuot	spelling
sOsdEy	3002	suosdey	pronunciation
sOsdEy	3002	suosdei	spelling
sOsdEy	3002	sousdey	curated
sOksAbAy	3003	soksabay	pronunciation
sOksAbAy	3003	sokhsabbay	spelling
pAmAk	3005	pamak	pronunciation
OtEy	3006	otey	pronunciation
AtEy	3006	atei	spelling
ArOn	3007	arun	pronunciation
ck	128	jg	curated
hOy	17	hoy	curated
AvEy	84	avey	curated
YOm	46	nhom	curated
brO	257	bros	curated
