# id	word	count	known	chat	ungegn
0	បាន	136888	1	ban	ban
1	ការ	134859	1	ka	kar
2	និង	114549	1	neng	nĭng
3	ដែល	94703	1	dael	dêl
4	ក្នុង	88142	1	knong	knŏng
5	មាន	84884	1	mean	méan
6	នៅ	81773	1	nov	nŏu
7	របស់	78575	1	roboh	rôbás
8	អ្នក	74251	1	neak	'nâk
9	នេះ	70972	1	nih	néh
10	ជា	69103	1	chea	chéa
11	ថា	61009	1	tha	tha
12	លោក	49071	1	louk	loŭk
13	នឹង	44717	1	neng	nœ̆ng
14	ដោយ	44264	1	daoy	daôy
15	ពី	44197	1	pi	pi
16	ទៅ	43203	1	tov	tŏu
17	ហើយ	42911	1	haeuy	haeuy
18	មិន	40149	1	men	mĭn
19	នៃ	36537	1	ney	ney
20	ឆ្នាំ	36070	1	chhnam	chhnăm
21	អាច	32421	1	ach	ach
22	មួយ	31511	1	muoy	muŏy
23	ដើម្បី	31104	1	daeumbey	daeumbei
24	ធ្វើ	30636	1	thveu	thveu
25	ថ្ងៃ	29961	1	thngay	thngai
26	មក	27604	1	mok	môk
27	ទី	27223	1	ti	ti
28	លើ	26918	1	leu	leu
29	ដល់	25632	1	dol	dál
30	យើង	24867	1	yeung	yeung
31	នោះ	24196	1	nuh	nŏăh
32	ប្រទេស	23789	1	proteh	prâtés
33	គឺ	22499	1	keu	kœ
34	ឱ្យ	22376	1	aoy	aô
35	សម្រាប់	22297	1	somrap	sâmroăb
36	តាម	22049	1	tam	tam
37	កម្ពុជា	21626	1	kampuchea	kâmpŭchéa
38	វា	21304	1	vea	véa
39	ត្រូវបាន	21067	1	trevban	trovban
40	ក៏	20253	1	kor	kâ
41	ពេល	19388	1	pel	pél
42	ខែ	19092	1	khae	khê
43	ត្រូវ	19074	1	trev	trov
44	ខាង	19005	1	khang	khang
45	ឬ	18835	1	reu	rœ
46	ខ្ញុំ	18754	1	khnhom	khnhom
47	ទៀត	17675	1	tiet	tiĕt
48	ខ្លួន	17460	1	khluon	khluŏn
49	ខេត្ត	17376	1	khaet	khétt
50	គេ	17257	1	ke	ké
51	ឡើង	16794	1	laeung	laeung
52	ជាមួយ	16395	1	cheamuoy	chéamuŏy
53	ទទួល	15924	1	totuol	tôtuŏl
54	ទេ	15655	1	te	té
55	គ្នា	15112	1	knea	knéa
56	ព្រះ	14880	1	preah	preăh
57	ដ៏	14753	1	dor	dâ
58	ក្រុម	14639	1	krom	krŏm
59	ដែលមាន	14285	1	daelmean	dêlméan
60	គិត	14231	1	ket	kĭt
61	ភាព	14155	1	pheap	phéap
62	ពួកគេ	13704	1	puoke	puŏkké
63	យ៉ាង	13698	1	yang	yang
64	មនុស្ស	13479	1	monus	mônŭss
65	នូវ	13362	1	nov	nuv
66	ទាំង	13274	1	teang	teăng
67	ចំនួន	13156	1	chomnuon	châmnuŏn
68	ល្អ	13144	1	lor	l'â
69	ថ្មី	13096	1	thmey	thmei
70	យក	13066	1	yok	yôk
71	ជាតិ	13012	1	cheat	chéatĕ
72	នាក់	12309	1	neak	neăk
73	គាត់	12164	1	koat	koăt
74	មុន	11695	1	mun	mŭn
75	ផ្តល់	11523	1	phdol	phdál
76	តែ	11407	1	tae	tê
77	គឺជា	11358	1	keuchea	kœchéa
78	ប៉ុន្តែ	11251	1	pontae	pŏndê
79	ថ្លៃ	11169	1	thlay	thlai
80	កាលពី	11101	1	kalpi	kalpi
81	ដាក់	10721	1	dak	dăk
82	ចេញ	10605	1	chenh	chénh
83	ម្នាក់	10485	1	mneak	mneăk
84	អ្វី	10177	1	vey	'vei
85	ឥត	10159	1	et	ĕt
86	ឈ្មោះ	10115	1	chhmuoh	chhmŏăh
87	ក្រុមហ៊ុន	10114	1	kromhun	krŏmhŭn
88	កំពុង	10108	1	kompung	kâmpŭng
89	ជួយ	9932	1	chuoy	chuŏy
90	ច្រើន	9917	1	chraeun	chraeun
91	ព័ត៌មាន	9904	1	poaramean	poărtméan
92	ដែរ	9888	1	dae	dêr
93	ជាច្រើន	9829	1	cheachraeun	chéachraeun
94	ផងដែរ	9811	1	phongdae	phângdêr
95	បើ	9764	1	baeu	baeu
96	និយាយ	9594	1	niyeay	nĭyéay
97	ការងារ	9510	1	kangea	karngéar
98	ជន	9442	1	chun	chôn
99	ជាង	9397	1	cheang	chéang
100	ចំពោះ	9348	1	chompuoh	châmpŏăh
101	ចុះ	9330	1	choh	chŏh
102	ពលរដ្ឋ	9168	1	pulroat	pôlrôdth
103	បន្ត	9151	1	bontor	bânt
104	ប្រាក់	9127	1	prak	prăk
105	មុខ	9090	1	muk	mŭkh
106	លេង	9075	1	leng	léng
107	ផ្លូវ	8870	1	phlev	phlov
108	នៅពេល	8822	1	novpel	nŏupél
109	ទាំងអស់	8716	1	teangoh	teăng'ás
110	ផ្សេង	8696	1	phseng	phséng
111	បំផុត	8659	1	bomphot	bâmphŏt
112	បង្ហាញ	8648	1	bonghanh	bânghanh
113	ចូល	8564	1	choul	chol
114	កើត	8461	1	kaeut	kaeut
115	ធ្វើការ	8369	1	thveuka	thveukar
116	ក្រសួង	8158	1	krosuong	krâsuŏng
117	បញ្ហា	8130	1	panhha	bânhha
118	សូម	8107	1	soum	som
119	ទឹក	8048	1	tek	tœ̆k
120	ចូលរួម	8035	1	choulruom	cholruŏm
121	បន្ថែម	8018	1	bonthaem	bânthêm
122	រឿង	7856	1	reung	rœăng
123	អំពី	7856	1	ompi	'âmpi
124	ជំងឺ	7847	1	chumngeu	chumngœ
125	ចិន	7837	1	chen	chĕn
126	នាង	7826	1	neang	néang
127	ប្រើ	7810	1	praeu	praeu
128	ចង់	7797	1	chong	cháng
129	តំបន់	7770	1	dombon	tâmbán
130	ក្រោម	7656	1	kraom	kraôm
131	ប្រើប្រាស់	7544	1	praeuprah	praeuprăs
132	កូន	7536	1	koun	kon
133	នៅលើ	7494	1	novleu	nŏuleu
134	ក្រោយ	7466	1	kraoy	kraôy
135	អាមេរិក	7433	1	amerik	amérĭk
136	គ្រប់	7363	1	krup	krób
137	ប្រជា	7346	1	prochea	prâchéa
138	ធំ	7343	1	thum	thum
139	បញ្ជាក់	7320	1	banhcheak	bânhcheăk
140	លើក	7317	1	leuk	leuk
141	គ្មាន	7288	1	kmean	kméan
142	ច្បាប់	7199	1	chbap	chbăb
143	ខ្លាំង	7192	1	khlang	khlăng
144	ខ្មែរ	7130	1	khmae	khmêr
145	វិញ	7086	1	venh	vĭnh
146	កម្មវិធី	7017	1	kamvithi	kâmmôvĭthi
147	អោយ	6988	1	aoy	aôy
148	រ	6987	1	ror	rô
149	កាន់	6986	1	kan	kăn
150	ពីរ	6857	1	pi	pir
151	ផ្នែក	6842	1	phnaek	phnêk
152	ឃើញ	6825	1	kheunh	kheunh
153	ស	6823	1	sor	sâ
154	ស្រុក	6789	1	srok	srŏk
155	ដូចជា	6767	1	douchea	dochchéa
156	ដឹងថា	6682	1	dengtha	dœ̆ngtha
157	ការពារ	6542	1	kapea	karpéar
158	កន្លែង	6533	1	konlaeng	kânlêng
159	តើ	6445	1	taeu	taeu
160	ឡើយ	6416	1	laeuy	laeuy
161	នោះទេ	6374	1	nuohte	nŏăhté
162	រូប	6369	1	rup	rub
163	ណា	6210	1	na	na
164	មួយចំនួន	6159	1	muoychomnuon	muŏychâmnuŏn
165	ដឹង	6150	1	deng	dœ̆ng
166	បើក	6138	1	baeuk	baeuk
167	កាន់តែ	6127	1	kantae	kăntê
168	ជីវិត	6098	1	chivet	chivĭt
169	បង្កើត	6076	1	bongkaeut	bângkaeut
170	ជាមួយនឹង	6069	1	cheamuoyneng	chéamuŏynœ̆ng
171	ផ្ទះ	6067	1	phteah	phteăh
172	រយៈពេល	6003	1	royeapel	rôyeăpél
173	រថយន្ត	5947	1	rutyun	rôthyônt
174	ជូន	5938	1	chun	chun
175	ដូច្នេះ	5933	1	douchneh	dochnéh
176	ហ្គេម	5904	1	gem	hkém
177	សេចក្តី	5842	1	sachkdey	séchkdei
178	សម្តេច	5831	1	somdach	sâmdéch
179	ពិភព	5824	1	piphup	pĭphôp
180	បន្ទាប់ពី	5790	1	bontoapi	bântoăbpi
181	ក៏បាន	5770	1	korban	kâban
182	ប្រកួត	5751	1	prokuot	prâkuŏt
183	រៀបចំ	5696	1	riepchom	riĕbchâm
184	ភូមិ	5628	1	phum	phumĭ
185	មើល	5554	1	meul	meul
186	គួរ	5549	1	kuo	kuŏr
187	សំខាន់	5512	1	somkhan	sâmkhăn
188	គាំទ្រ	5444	1	koamtror	kŏâmtrô
189	ក	5369	1	kor	kâ
190	តម្លៃ	5363	1	domlay	tâmley
191	ក្រុង	5352	1	krong	krŏng
192	ធ្វើឱ្យ	5352	1	thveuaoy	thveuaô
193	ព្រោះ	5344	1	pruoh	prŏăh
194	ដូច	5273	1	douch	doch
195	ប្រសិនបើ	5260	1	prosenbaeu	prâsĕnbaeu
196	ម៉ោង	5254	1	maong	maông
197	មន្ត្រី	5226	1	muntrey	môntrei
198	លេខ	5217	1	lek	lékh
199	ទីក្រុង	5214	1	tikrong	tikrŏng
200	ប្រព័ន្ធ	5211	1	propoan	prâpoănth
201	ដ	5184	1	dor	dâ
202	វី	5170	1	vi	vi
203	ខ្ពស់	5123	1	khpuoh	khpós
204	ដំណើរ	5102	1	domnaeu	dâmnaeur
205	ភ្នាល់	5096	1	phnoal	phnoăl
206	ឃុំ	5086	1	khum	khŭm
207	ភ្នំពេញ	5066	1	phnumpenh	phnumpénh
208	ប្រភេទ	5028	1	prophet	prâphét
209	ប្រធាន	5006	1	prothean	prâthéan
210	រក	4966	1	rok	rôk
211	កូ	4921	1	kou	ko
212	ករណី	4830	1	karaney	kârnei
213	ទើប	4828	1	teup	teub
214	សង្គម	4827	1	songkum	sângkôm
215	គ្រឿង	4815	1	kreung	krœăng
216	លក់	4806	1	luok	lók
217	តាមរយៈ	4783	1	tamroryea	tamôryeă
218	ដុល្លារ	4751	1	dola	dŏlléar
219	អន្តរជាតិ	4747	1	ontaracheat	'ântârchéatĕ
220	ម្ចាស់	4745	1	mchah	mchăs
221	ដឹកនាំ	4726	1	deknoam	dœ̆knŏâm
222	ចាប់ផ្តើម	4724	1	chapdaeum	chăbphdaeum
223	អស់	4719	1	oh	'ás
224	កាស៊ីណូ	4696	1	kasinou	kasino
225	រដ្ឋាភិបាល	4690	1	roatthaphibal	rôdthaphĭbal
226	រងគ្រោះ	4650	1	rongkruoh	rôngkrŏăh
227	អាយុ	4634	1	ayu	ayŭ
228	លាន	4631	1	lean	léan
229	ជំនាញ	4614	1	chumneanh	chumnéanh
230	ណាស់	4578	1	nah	năs
231	សុខភាព	4561	1	sokhapheap	sŏkhphéap
232	នាំ	4548	1	noam	nŏâm
233	សែន	4548	1	saen	sên
234	កិច្ច	4534	1	kech	kĕchch
235	ប្រជាជន	4526	1	procheachun	prâchéachôn
236	ខណៈ	4505	1	khana	khână
237	ហ៊ុន	4501	1	hun	hŭn
238	ជួប	4486	1	chuop	chuŏb
239	ជើង	4473	1	cheung	cheung
240	ស្ត្រី	4442	1	strey	strei
241	រស់នៅ	4411	1	ruohnov	rósnŏu
242	គ្រប់គ្រង	4408	1	krupkrong	króbkrông
243	ទិញ	4391	1	tenh	tĭnh
244	ពិត	4386	1	pet	pĭt
245	ប្រកាស	4383	1	prokah	prâkas
246	គណបក្ស	4368	1	keanapa	kônbâks
247	ប្រាប់	4365	1	prap	prăb
248	ដី	4348	1	dey	dei
249	នយោបាយ	4345	1	noryoubay	nôyoŭbay
250	ឯកឧត្តម	4337	1	aektutdom	êkŏtdâm
251	ខ្លះ	4318	1	khlah	khlăh
252	ដោយសារ	4317	1	daoysa	daôysar
253	អង្គការ	4291	1	ongka	'ângkôkar
254	ដំបូង	4276	1	domboung	dâmbong
255	ថ្នាក់	4265	1	thnak	thnăk
256	ប្រឆាំង	4245	1	prochhang	prâchhăng
257	ប្រុស	4202	1	proh	prŏs
258	អនឡាញ	4200	1	onlanh	'ânlanh
259	ដំណើរការ	4183	1	domnaeuka	dâmnaeurkar
260	ប្រភព	4183	1	prophup	prâphôp
261	វិស័យ	4174	1	visay	vĭsăy
262	ចិត្ត	4127	1	chet	chĕtt
263	បុរស	4099	1	boroh	bŏrôs
264	ស្រី	4097	1	srey	srei
265	តារា	4096	1	dara	taréa
266	កាត់	4071	1	kat	kăt
267	សម្រេច	4058	1	somrach	sâmréch
268	សមត្ថកិច្ច	4054	1	samatthakech	sâmtthâkĕchch
269	ប	4037	1	bor	bâ
270	ឈ្នះ	4014	1	chhneah	chhneăh
271	រង	4013	1	rong	rông
272	ទាន់	3986	1	toan	toăn
273	នគរបាល	3971	1	nokorbal	nôkrôbal
274	ស្លាប់	3938	1	slap	slăb
275	សកម្មភាព	3933	1	sakamapheap	sâkâmmôphéap
276	ថៃ	3903	1	thay	thai
277	បាល់ទាត់	3897	1	baltoat	băltoăt
278	ជាប់	3894	1	choap	choăb
279	កម្លាំង	3854	1	komlang	kâmleăng
280	គេហទំព័រ	3854	1	kehatumpoa	kéhtumpoăr
281	ដើម	3841	1	daeum	daeum
282	លុយ	3840	1	luy	lŭy
283	កុំ	3809	1	kom	kom
284	រួច	3788	1	ruoch	ruŏch
285	កំណត់	3786	1	komnot	kâmnát
286	មកពី	3738	1	mokpi	môkpi
287	បណ្តាញ	3737	1	bondanh	bândanh
288	ពិសេស	3727	1	piseh	pĭsés
289	សេដ្ឋកិច្ច	3724	1	setthakech	sédthâkĕchch
290	នៅតែ	3715	1	novtae	nŏutê
291	ផលិតផល	3715	1	pholetaphol	phâlĭtphâl
292	ពាក់ព័ន្ធ	3707	1	peakpoan	peăkpoănth
293	បច្ចុប្បន្ន	3702	1	pachobon	bâchchŏbbânn
294	ព្រឹក	3697	1	prek	prœ̆k
295	សិក្សា	3694	1	seksa	sĕksa
296	ចំណុច	3657	1	chomnoch	châmnŏch
297	គ្រួសារ	3642	1	kruosa	kruŏsar
298	មិនមាន	3637	1	menmean	mĭnméan
299	ឱកាស	3631	1	aokah	aôkas
300	កីឡាករ	3620	1	keylakor	keilakâr
301	រវាង	3590	1	roveang	rôvéang
302	ពិតជា	3584	1	petchea	pĭtchéa
303	គម្រោង	3581	1	kumroung	kômroŭng
304	ទាក់ទង	3571	1	teaktong	teăktông
305	រួម	3570	1	ruom	ruŏm
306	ទាំងនេះ	3569	1	teangnih	teăngnéh
307	រដ្ឋមន្ត្រី	3563	1	roatmuntrey	rôdthâmntrei
308	រាជធានីភ្នំពេញ	3562	1	reachtheanipnumpenh	réachthéaniphnumpénh
309	ថ្លែង	3534	1	thlaeng	thlêng
310	ក្លាយជា	3525	1	klaychea	klaychéa
311	ទំនាក់ទំនង	3505	1	tumneaktumnong	tumneăktumnông
312	ពួក	3499	1	puok	puŏk
313	មិនមែន	3491	1	menmaen	mĭnmên
314	ម៉ាស៊ីន	3490	1	masin	masin
315	កីឡា	3447	1	keyla	keila
316	ផលិត	3441	1	pholet	phâlĭt
317	ក្មេង	3434	1	kmeng	kméng
318	ពិធី	3431	1	pithi	pĭthi
319	រង្វាន់	3429	1	rungvoan	rôngvoăn
320	អាជ្ញាធរ	3426	1	achnhathor	achnhéathôr
321	ជាពិសេស	3420	1	cheapiseh	chéapĭsés
322	ប៉ុណ្ណោះ	3406	1	ponoh	pŏnnaôh
323	ដោយសារតែ	3382	1	daoysatae	daôysartê
324	រដ្ឋ	3376	1	roat	rôdth
325	អនុវត្ត	3366	1	anuvoat	'ânŭvôtt
326	សង្កាត់	3360	1	songkat	sângkăt
327	បោះឆ្នោត	3344	1	bohchnaot	baôhchhnaôt
328	ពិនិត្យ	3344	1	pinet	pĭnĭty
329	ផង	3337	1	phong	phâng
330	ក្រៅ	3331	1	krav	krau
331	លទ្ធផល	3320	1	lattheaphol	lôtthôphâl
332	សង្ស័យ	3303	1	songsay	sângsăy
333	បង្ក	3302	1	bongkor	bângk
334	ពាក្យ	3298	1	peak	péaky
335	មូលដ្ឋាន	3282	1	mulatthan	muldthan
336	នា	3261	1	nea	néa
337	ជិត	3209	1	chet	chĭt
338	សប្តាហ៍	3201	1	sapda	sâbdah
339	ចុងក្រោយ	3197	1	chongkraoy	chŏngkraôy
340	ធ្លាប់	3195	1	thloap	thloăb
341	អាហារ	3195	1	aha	ahar
342	ខ្សែ	3185	1	khsae	khsê
343	ឧបករណ៍	3163	1	upakor	ŏbâkrôn
344	រូបភាព	3157	1	ruppheap	rubphéap
345	អារម្មណ៍	3148	1	arom	arômmôn
346	ឆ្លង	3144	1	chhlong	chhlâng
347	ន	3138	1	nor	nô
348	គ្រាប់	3126	1	kroap	kroăb
349	កញ្ញា	3121	1	kanha	kânhnhéa
350	ជនជាតិ	3104	1	chuncheat	chônchéatĕ
351	តូច	3101	1	touch	toch
352	ខ្លួនឯង	3097	1	khluonaeng	khluŏnêng
353	សត្វ	3093	1	sat	sâtv
354	រហូតដល់	3092	1	rohoutdol	rôhotdál
355	ឡើងវិញ	3089	1	laeungvenh	laeungvĭnh
356	ត	3088	1	tor	tâ
357	សមាជិក	3083	1	samachek	sâméachĭk
358	ពណ៌	3066	1	poa	pôrn
359	របៀប	3066	1	robiep	rôbiĕb
360	ខុស	3065	1	khoh	khŏs
361	លើកឡើង	3065	1	leuklaeung	leuklaeung
362	កម្រិត	3058	1	komret	kâmrĭt
363	បញ្ចប់	3052	1	banhchop	bânhcháb
364	ទុក	3051	1	tuk	tŭk
365	ខណ្ឌ	3037	1	khan	khând
366	រូបនេះ	3034	1	rupnih	rubnéh
367	ម	3033	1	mor	mô
368	ស្វែងរក	3031	1	svaengrok	svêngrôk
369	ទីផ្សារ	3024	1	tipsa	tiphsar
370	ព្យាបាល	3023	1	pyeabal	pyéabal
371	សុវត្ថិភាព	3023	1	sovatthepheap	sŏvtthĕphéap
372	តេជោ	3016	1	dechou	téchoŭ
373	ស្គាល់	3016	1	skoal	skoăl
374	វីដេអូ	3013	1	videou	vidé'o
375	បណ្តាល	3006	1	bondal	bândal
376	នាយករដ្ឋមន្ត្រី	3000	1	neayuokroatmuntrey	néaykârdthâmntrei
377	ពេលវេលា	2991	1	pelvelea	pélvéléa
378	ចាប់	2984	1	chap	chăb
379	សហរដ្ឋ	2974	1	saharoat	sâhrôdth
380	ប្រចាំ	2966	1	procham	prâchăm
381	ម៉ូតូ	2964	1	moutou	moto
382	ផ្ទាល់	2955	1	phtoal	phtoăl
383	ដោះស្រាយ	2934	1	dohsray	daôhsray
384	ចំណែក	2915	1	chomnaek	châmnêk
385	ទីតាំង	2870	1	titang	tităng
386	ផ្សព្វផ្សាយ	2867	1	phsopsay	phsâpvôphsay
387	កូរ៉េ	2863	1	koure	koré
388	ប្រហែល	2861	1	prohael	prâhêl
389	អាន	2840	1	an	an
390	លោកស្រី	2836	1	louksrey	loŭksrei
391	រក្សា	2835	1	reaksa	rôksa
392	ប្រសើរ	2829	1	prosaeu	prâsaeur
393	ស្ថិតនៅ	2829	1	sthetnov	sthĕtnŏu
394	ណាមួយ	2825	1	namuoy	namuŏy
395	ដើរ	2818	1	daeu	daeur
396	ជ្រើសរើស	2814	1	chreuhreuh	chreusreus
397	សម្តែង	2808	1	somdaeng	sâmdêng
398	កណ្តាល	2800	1	kondal	kândal
399	វៀតណាម	2794	1	vietnam	viĕtnam
400	រដ្ឋបាល	2783	1	roatthabal	rôdthâbal
401	ចំណាយ	2760	1	chomnay	châmnay
402	បងប្អូន	2760	1	bongpoun	bângp'on
403	ក្តី	2745	1	kdey	kdei
404	អភិវឌ្ឍ	2745	1	aphivoat	'âphĭvôdth
405	បែបនេះ	2744	1	baepnih	bêbnéh
406	រកឃើញ	2744	1	rokkheunh	rôkkheunh
407	ផ្លាស់ប្តូរ	2741	1	phlahpdou	phlăspdor
408	ដៃ	2737	1	day	dai
409	បង្កើន	2735	1	bongkaeun	bângkaeun
410	នានា	2728	1	neanea	néanéa
411	នាទី	2726	1	neati	néati
412	បញ្ចូល	2713	1	bonhchoul	bânhchol
413	សាលា	2704	1	sala	saléa
414	អត្ថបទ	2700	1	atthabot	'âtthâbât
415	មហា	2683	1	moha	môha
416	ចាំបាច់	2678	1	chambach	chămbăch
417	ជំរុញ	2677	1	chumrunh	chumrŭnh
418	ល	2673	1	lor	lô
419	ប្រមាណ	2661	1	proman	prâméan
420	ព្រមទាំង	2660	1	promteang	prômteăng
421	ជោគជ័យ	2647	1	choukchey	choŭkchoăy
422	ក៏ដូចជា	2645	1	kordouchea	kâdochchéa
423	ទូរស័ព្ទ	2642	1	tureasap	tursăpt
424	គ្រាន់តែ	2641	1	kroantae	kroăntê
425	ណែនាំ	2630	1	naenoam	nênŏâm
426	លក្ខណៈ	2617	1	leakkhana	lôkkhână
427	វិធី	2606	1	vithi	vĭthi
428	អាជីវកម្ម	2600	1	achiveakam	achivkâmm
429	អា	2596	1	a	a
430	យប់	2592	1	yup	yób
431	តែងតែ	2591	1	taengtae	têngtê
432	ធ្លាក់	2590	1	thleak	thleăk
433	បាញ់	2589	1	banh	bănh
434	ល្បែង	2587	1	lbaeng	lbêng
435	ចាក់	2575	1	chak	chăk
436	លើស	2571	1	leuh	leus
437	ងាយស្រួល	2566	1	ngeaysruol	ngéaysruŏl
438	សៀមរាប	2565	1	siemreap	siĕmréab
439	ទាំងនោះ	2564	1	teangnuh	teăngnŏăh
440	អនុញ្ញាត	2564	1	anunhat	'ânŭnhnhéat
441	រៀន	2562	1	rien	riĕn
442	សហគមន៍	2559	1	sahakum	sâhkômôn
443	កើន	2551	1	kaeun	kaeun
444	ពាណិជ្ជកម្ម	2547	1	peanecheakam	péanĕchchôkâmm
445	បន្ទាប់	2545	1	bontoap	bântoăb
446	អតិថិជន	2533	1	atethechun	'âtĕthĕchôn
447	សារព័ត៌មាន	2524	1	sarapoatamean	sarpoărtméan
448	ជុំវិញ	2515	1	chumvenh	chŭmvĭnh
449	ជម្រើស	2508	1	chumreuh	chômreus
450	អតីត	2508	1	adet	'âteit
451	វ៉ាក់សាំង	2506	1	vaksang	văksăng
452	បញ្ជូន	2497	1	banhchun	bânhchun
453	ត្រូវការ	2492	1	trevka	trovkar
454	ជាដើម	2489	1	cheadaeum	chéadaeum
455	ប៉ុន្មាន	2485	1	ponman	pŏnméan
456	រាល់	2474	1	roal	roăl
457	បន្ថយ	2473	1	bonthoy	bânthây
458	យោងតាម	2463	1	youngtam	yoŭngtam
459	បិទ	2450	1	bet	bĕt
460	ស្លត	2446	1	slot	slât
461	ទេសចរណ៍	2442	1	tesachor	tésâchrôn
462	កំពូល	2441	1	kompul	kâmpul
463	អភិវឌ្ឍន៍	2436	1	aphivoat	'âphĭvdthôn
464	អង្គ	2422	1	ong	'ângk
465	ដង	2415	1	dong	dâng
466	បទ	2409	1	bot	bât
467	ថ្ងៃនេះ	2406	1	thngaynih	thngainéh
468	រហូត	2398	1	rohout	rôhot
469	កើតហេតុ	2390	1	kaeuthaet	kaeuthétŏ
470	បុណ្យ	2387	1	bon	bŏny
471	តែម្តង	2380	1	taemdong	têmdâng
472	ភ្លាម	2376	1	phleam	phléam
473	ជប៉ុន	2369	1	chopon	chôpŏn
474	ស្រាវជ្រាវ	2367	1	sravchreav	sravchréav
475	ត្រូវតែ	2360	1	trevtae	trovtê
476	ទ្រង់	2348	1	trung	tróng
477	ត្បូង	2347	1	tboung	tbong
478	សមត្ថភាព	2333	1	samatthapheap	sâmtthâphéap
479	ចំណោម	2320	1	chomnaom	châmnaôm
480	អប់រំ	2320	1	oprum	'ábrum
481	ស្រប	2316	1	srop	srâb
482	ក៏ដោយ	2312	1	kordaoy	kâdaôy
483	រាជរដ្ឋាភិបាល	2305	1	reachroatthaphibal	réachrôdthaphĭbal
484	យុវជន	2299	1	yuveachun	yŭvchôn
485	វិនិយោគ	2295	1	viniyouk	vĭnĭyoŭk
486	របួស	2293	1	robuoh	rôbuŏs
487	សិទ្ធិ	2289	1	set	sĕtthĭ
488	ពេញ	2287	1	penh	pénh
489	បា	2282	1	ba	ba
490	អត់	2281	1	ot	'át
491	ឈាម	2278	1	chheam	chhéam
492	នៅតាម	2254	1	novtam	nŏutam
493	តុលាការ	2252	1	tolaka	tŏléakar
494	រីករាយ	2249	1	rikreay	rikréay
495	ត្រឹមត្រូវ	2241	1	tremtrev	trœ̆mtrov
496	ភាគី	2236	1	pheaki	phéaki
497	ប្រកបដោយ	2231	1	prokopdaoy	prâkbâdaôy
498	ចូលទៅ	2229	1	choultov	choltŏu
499	ស្ថានភាព	2219	1	sthanpheap	sthanphéap
500	ភាគច្រើន	2213	1	pheakchraeun	phéakchraeun
501	យ៉ាងណា	2207	1	yangna	yangna
502	ប្រយុទ្ធ	2206	1	proyut	prâyŭtth
503	ថ្នាំ	2205	1	thnam	thnăm
504	ស្ថិត	2197	1	sthet	sthĕt
505	ក្បាល	2191	1	kbal	kbal
506	សរុប	2191	1	sarop	sârŭb
507	គ្រោះថ្នាក់	2190	1	kruohtnak	krŏăhthnăk
508	អះអាង	2188	1	ahang	'ăh'ang
509	ថវិកា	2185	1	thavika	thâvĭka
510	តំណាង	2184	1	domnang	tâmnang
511	ប្រធានាធិបតី	2184	1	protheaneathepadey	prâthéanéathĭbtei
512	ធម្មជាតិ	2182	1	thoameachea	thômmôchéatĕ
513	រុស្ស៊ី	2181	1	ruhsi	rŭssi
514	គំនិត	2180	1	kumnet	kumnĭt
515	ម៉ឺន	2172	1	meun	mœn
516	ង	2170	1	ngor	ngô
517	នាពេល	2163	1	neapel	néapél
518	បំពេញ	2160	1	bompenh	bâmpénh
519	អំពើ	2160	1	ompeu	'âmpeu
520	កន្លងមក	2157	1	konlongmok	kânlôngmôk
521	ហៅ	2157	1	hav	hau
522	សន្តិសុខ	2154	1	sontesok	sântĕsŏkh
523	កម្សាន្ត	2153	1	komsan	kâmsant
524	លោកអ្នក	2148	1	loukneak	loŭk'nâk
525	កុមារ	2144	1	koma	kŏméar
526	ដូចគ្នា	2141	1	douchknea	dochknéa
527	បច្ចេកវិទ្យា	2139	1	pachekvityea	bâchchékvĭtyéa
528	ស្បែក	2135	1	sbaek	sbêk
529	ប្រសាសន៍	2133	1	prosah	prâsasân
530	ដទៃ	2126	1	dortey	dâtey
531	ភ្ញៀវ	2121	1	phnhiev	phnhiĕv
532	បី	2119	1	bey	bei
533	មករា	2113	1	meakara	môkréa
534	បារាំង	2107	1	barang	bareăng
535	ជាមួយគ្នា	2105	1	cheamuoyknea	chéamuŏyknéa
536	សាធារណៈ	2104	1	sathearana	sathéarnă
537	ច្បាស់	2090	1	chbah	chbăs
538	ធានា	2090	1	theanea	théanéa
539	ទោះបីជា	2078	1	tuohbeychea	tŏăhbeichéa
540	យល់	2075	1	yul	yól
541	ចូលចិត្ត	2070	1	choulchet	cholchĕtt
542	ឃាត់	2061	1	khoat	khoăt
543	ន័យ	2061	1	ney	noăy
544	បរទេស	2061	1	borroteh	bârtés
545	រួមមាន	2059	1	ruomean	ruŏmméan
546	បែប	2057	1	baep	bêb
547	សុំ	2057	1	som	som
548	ជំនួយ	2046	1	chumnuoy	chumnuŏy
549	សួរ	2039	1	suo	suŏr
550	អង់គ្លេស	2037	1	ongkleh	'ángklés
551	កិច្ចការ	2029	1	kechka	kĕchchâkar
552	គុណភាព	2024	1	kunapheap	kŭnphéap
553	គួរតែ	2006	1	kuotae	kuŏrtê
554	វេលា	2001	1	velea	véléa
555	ទុកដាក់	1992	1	tukdak	tŭkdăk
556	ចាប់ពី	1989	1	chapi	chăbpi
557	ធនាគារ	1989	1	theaneakea	thônéakéar
558	សារ	1989	1	sa	sar
559	សាងសង់	1986	1	sangsong	sangsáng
560	ចាស់	1985	1	chah	chăs
561	ហ្នឹង	1985	1	neng	hnœ̆ng
562	ភេទ	1982	1	phet	phét
563	អញ្ជើញ	1982	1	anhcheunh	'ânhcheunh
564	គោលដៅ	1977	1	kouldav	koŭldau
565	សេវាកម្ម	1976	1	sevakam	sévéakâmm
566	ស្អាត	1975	1	sat	s'at
567	ឯ	1970	1	ae	ê
568	ឯកសារ	1969	1	aekasa	êksar
569	ទំហំ	1960	1	tumhum	tumhâm
570	សហការ	1958	1	sahaka	sâhkar
571	សមុទ្រ	1957	1	samot	sâmŭtr
572	យ	1951	1	yor	yô
573	ជិះ	1950	1	chih	chĭh
574	កិច្ចប្រជុំ	1948	1	kechprochum	kĕchchâbrôchŭm
575	គ	1943	1	kor	kô
576	ក្លឹប	1942	1	klep	klœ̆b
577	អ្នកស្រី	1925	1	neaksrey	'nâksrei
578	សម	1920	1	som	sâm
579	ព្យាយាម	1915	1	pyeayeam	pyéayéam
580	ត្រឹមតែ	1914	1	tremtae	trœ̆mtê
581	អំណាច	1912	1	omnach	'âmnach
582	ទូទាំង	1909	1	tuteang	tuteăng
583	ត្រឡប់	1899	1	trolop	trâláb
584	ដឹក	1895	1	dek	dœ̆k
585	សម្លាប់	1895	1	somlap	sâmloăb
586	មន្ទីរពេទ្យ	1892	1	muntipet	môntirpéty
587	ចុង	1888	1	chong	chŏng
588	ទស្សនា	1872	1	tuohsana	tôssânéa
589	បណ្តា	1872	1	bonda	bânda
590	មន្ទីរ	1871	1	munti	môntir
591	យកចិត្ត	1865	1	yokchet	yôkchĕtt
592	ភ្ជាប់	1846	1	phchoap	phchoăb
593	វគ្គ	1846	1	veak	vôkk
594	ថាមពល	1841	1	thameapul	thampôl
595	បាត់បង់	1837	1	batbong	bătbáng
596	ផែនការ	1837	1	phaenka	phênkar
597	ចាប់អារម្មណ៍	1829	1	chaparom	chăb'arômmôn
598	ប្រសិទ្ធភាព	1829	1	prosettheapheap	prâsĕtthôphéap
599	ព	1829	1	por	pô
600	សេវា	1822	1	seva	sévéa
601	បាត់	1815	1	bat	băt
602	ភាគ	1815	1	pheak	phéak
603	ឈាន	1809	1	chhean	chhéan
604	ទៅជា	1807	1	tovchea	tŏuchéa
605	អឺរ៉ុប	1806	1	europ	œrŏb
606	ដៃគូ	1799	1	dayku	daiku
607	ក្រោយពី	1797	1	kraoypi	kraôypi
608	តម្រូវការ	1796	1	domrevka	tâmruvkar
609	តុលា	1793	1	tola	tŏléa
610	ពិភាក្សា	1791	1	pipheaksa	pĭphéaksa
611	កសាង	1789	1	korsang	kâsang
612	ចោល	1788	1	chaol	chaôl
613	ផ្លូវការ	1787	1	phlevka	phlovkar
614	ពង្រឹង	1785	1	pungreng	pôngrœ̆ng
615	តាំងពី	1782	1	tangpi	tăngpi
616	ហ្វេសប៊ុក	1778	1	fesbuk	hvésbŭk
617	ធម្មតា	1774	1	thoameada	thômmôta
618	វិធានការ	1774	1	vitheaneaka	vĭthéankar
619	ស៊ី	1774	1	si	si
620	កំពុងតែ	1773	1	kompungtae	kâmpŭngtê
621	ភាសា	1772	1	pheasa	phéasa
622	ត្រី	1771	1	trey	trei
623	ព្រឹត្តិការណ៍	1769	1	preteka	prœ̆tdĕkarôn
624	ស្រឡាញ់	1769	1	srolanh	srâlănh
625	យោធា	1765	1	youthea	yoŭthéa
626	ដក	1762	1	dok	dâk
627	ប៉ះពាល់	1758	1	pahpoal	păhpoăl
628	រាយការណ៍	1755	1	reayka	réaykarôn
629	គោរព	1754	1	kourup	koŭrôp
630	ឥឡូវ	1748	1	eylev	ĕlov
631	អស្ចារ្យ	1744	1	ohcha	'âschary
632	តិច	1742	1	tech	tĕch
633	វប្បធម៌	1740	1	vapathoa	vôbbâthôrm
634	មេ	1739	1	me	mé
635	អ៊ីនធឺណិត	1738	1	intheunet	inthœnĕt
636	បុគ្គលិក	1737	1	bokealek	bŏkkôlĭk
637	ស្ថាប័ន	1737	1	sthaban	sthabăn
638	ឈើ	1735	1	chheu	chheu
639	កម្មករ	1733	1	kameakor	kâmmôkâr
640	ច	1731	1	chor	châ
641	បង្ហោះ	1728	1	bonghoh	bânghaôh
642	បន្ទប់	1726	1	bontup	bântób
643	ចេះ	1725	1	cheh	chéh
644	ពួកគាត់	1725	1	puokoat	puŏkkoăt
645	ជាក់ស្តែង	1723	1	cheaksdaeng	cheăksdêng
646	យូរ	1721	1	yu	yur
647	សាច់	1720	1	sach	săch
648	បម្រើ	1718	1	bomraeu	bâmreu
649	ម្តាយ	1716	1	mday	mday
650	ថត	1708	1	thot	thât
651	ប្រតិបត្តិការ	1708	1	protebatka	prâtĕbâtdĕkar
652	ល្បី	1707	1	lbey	lbei
653	ចុច	1705	1	choch	chŏch
654	មូលហេតុ	1700	1	muleahaet	mulhétŏ
655	ភ្នែក	1698	1	phnaek	phnêk
656	សរសេរ	1696	1	sorse	sârsér
657	បច្ចេកទេស	1691	1	pachaekateh	bâchchéktés
658	វិច្ឆិកា	1691	1	vechchheka	vĭchchhĕka
659	កន្លង	1685	1	konlong	kânlông
660	ក្នុងស្រុក	1684	1	knongsrok	knŏngsrŏk
661	វាយ	1681	1	veay	véay
662	ចរាចរណ៍	1679	1	charachor	châréachrôn
663	របាយការណ៍	1678	1	robayka	rôbaykarôn
664	ដដែល	1675	1	dodael	dâdêl
665	មែន	1675	1	maen	mên
666	បរិស្ថាន	1673	1	parehthan	bârĭsthan
667	សំឡេង	1673	1	somleng	sâmléng
668	រត់	1672	1	rut	rót
669	លឿន	1672	1	leun	lœăn
670	ពាក់	1660	1	peak	peăk
671	លំបាក	1660	1	lumbak	lumbak
672	ភាគរយ	1659	1	pheakroy	phéakrôy
673	ដំណឹង	1658	1	domneng	dâmnœ̆ng
674	រន្ធ	1656	1	run	rônth
675	កា	1652	1	ka	ka
676	មិត្ត	1649	1	met	mĭtt
677	មិថុនា	1649	1	mithona	mĭthŏnéa
678	ស្តាប់	1648	1	sdap	sdăb
679	ចំ	1647	1	chom	châm
680	នាយ	1647	1	neay	néay
681	បុគ្គល	1639	1	bokul	bŏkkôl
682	បន្តិច	1637	1	bontech	bântĕch
683	ម៉ាក	1637	1	mak	mak
684	គោល	1635	1	koul	koŭl
685	សារធាតុ	1633	1	saratheat	sarthéatŏ
686	អ	1632	1	or	'â
687	ទិន្នន័យ	1630	1	teneaney	tĭnnônoăy
688	ម៉ែត្រ	1630	1	maet	mêtr
689	ចម្រៀង	1623	1	chomrieng	châmriĕng
690	ឆ្លើយតប	1623	1	chhlaeuytop	chhlaeuytâb
691	រាប់	1623	1	roap	roăb
692	កសិកម្ម	1621	1	kasekam	kâsĕkâmm
693	ពុំ	1621	1	pum	pŭm
694	បង់	1618	1	bong	báng
695	ផល	1617	1	phol	phâl
696	វ័យ	1617	1	vey	voăy
697	ហិរញ្ញវត្ថុ	1613	1	heranhvoattho	hĕrônhnhôvtthŏ
698	ទោះជា	1609	1	tuohchea	tŏăhchéa
699	បង	1609	1	bong	bâng
700	ត្រួតពិនិត្យ	1607	1	truotpine	truŏtpĭnĭty
701	បទពិសោធន៍	1607	1	botpisaot	bâtpĭsaôthôn
702	ទាមទារ	1606	1	teamtea	téamtéar
703	សីហា	1606	1	seyha	seiha
704	ម្តង	1605	1	mdong	mdâng
705	ពាន់	1598	1	poan	poăn
706	ព្រះសីហនុ	1595	1	preahseyhanu	preăhseihnŭ
707	ការិយាល័យ	1586	1	kareyalay	karĭyéaloăy
708	កក្កដា	1585	1	kakatda	kâkkâda
709	សុខ	1582	1	sok	sŏkh
710	ទំនើប	1580	1	tumneup	tumneub
711	វ	1577	1	vor	vô
712	សង្គ្រាម	1575	1	songkream	sângkréam
713	ប្រឈម	1574	1	prochhom	prâchhôm
714	យន្តហោះ	1574	1	yunhoh	yôntâhaôh
715	សប្បាយ	1564	1	sabay	sâbbay
716	នាម	1562	1	neam	néam
717	ឧសភា	1561	1	usaphea	ŏsphéa
718	ផ្ទាល់ខ្លួន	1560	1	phtoalkluon	phtoălkhluŏn
719	ព្រំដែន	1559	1	prumdaen	prumdên
720	របប	1559	1	robop	rôbâb
721	នៅឡើយ	1553	1	novlaeuy	nŏulaeuy
722	មើលឃើញ	1552	1	meulkheunh	meulkheunh
723	ធ្នូ	1546	1	thnu	thnu
724	កងទ័ព	1540	1	kongtoap	kângtoăp
725	ធ្វើជា	1539	1	thveuchea	thveuchéa
726	ឯង	1533	1	aeng	êng
727	រោងចក្រ	1532	1	roungchak	roŭngchâkr
728	បាល់	1526	1	bal	băl
729	វាយប្រហារ	1524	1	veayproha	véayprâhar
730	រាងកាយ	1522	1	reangkay	réangkay
731	ផ្សាយ	1520	1	phsay	phsay
732	ប្រមូល	1519	1	promoul	prâmul
733	ក្រៅពី	1518	1	kravpi	kraupi
734	មីនា	1514	1	minea	minéa
735	ត្រឹម	1510	1	trem	trœ̆m
736	សិស្ស	1509	1	seh	sĕss
737	ងាយ	1508	1	ngeay	ngéay
738	ជឿ	1508	1	cheu	chœă
739	សញ្ញា	1502	1	sonha	sânhnhéa
740	បើកបរ	1501	1	baeukbor	baeukbâr
741	ស្តីពី	1498	1	sdeypi	sdeipi
742	អាស៊ាន	1498	1	asean	aséan
743	ទឹកចិត្ត	1493	1	tekchet	tœ̆kchĕtt
744	លិច	1491	1	lech	lĭch
745	ក្រុមប្រឹក្សា	1489	1	krompreksa	krŏmprœ̆ksa
746	ហាង	1489	1	hang	hang
747	ពេញនិយម	1488	1	penhniyum	pénhnĭyôm
748	អី	1486	1	ey	ei
749	ធ្ងន់ធ្ងរ	1474	1	thnguntngor	thngónthngôr
750	គណនី	1472	1	keanani	kônni
751	ព្រមព្រៀង	1472	1	promprieng	prômpriĕng
752	ទំនិញ	1467	1	tumnenh	tumnĭnh
753	ទៅវិញ	1459	1	tovvenh	tŏuvĭnh
754	ទំព័រ	1455	1	tumpoa	tumpoăr
755	ដឹកជញ្ជូន	1450	1	dekchunhchun	dœ̆kchônhchun
756	សម្រេចចិត្ត	1450	1	somrachet	sâmréchchĕtt
757	ទាក់ទាញ	1448	1	teakteanh	teăktéanh
758	រដូវ	1448	1	rodev	rôdov
759	បញ្ជា	1447	1	banhchea	bânhchéa
760	សក់	1446	1	sok	sák
761	រួមទាំង	1445	1	ruomteang	ruŏmteăng
762	សាកល្បង	1443	1	saklbong	saklbâng
763	ជាងគេ	1441	1	cheangke	chéangké
764	សុខាភិបាល	1441	1	sokhaphibal	sŏkhaphĭbal
765	សង្គ្រោះ	1439	1	songkruoh	sângkrŏăh
766	ក្តៅ	1437	1	kdav	kdau
767	សម្រួល	1437	1	somruol	sâmruŏl
768	ពិតប្រាកដ	1435	1	petprakot	pĭtprakâd
769	មាត់	1434	1	moat	moăt
770	នរណា	1427	1	nona	nôrna
771	នារី	1424	1	neari	néari
772	លី	1423	1	li	li
773	រៀល	1422	1	riel	riĕl
774	មេរោគ	1421	1	merouk	méroŭk
775	គូ	1412	1	ku	ku
776	បញ្ចេញ	1410	1	banhchenh	bânhchénh
777	ប្រព្រឹត្ត	1402	1	propret	prâprœ̆tt
778	គោលបំណង	1401	1	koulbomnong	koŭlbâmnâng
779	ភ្នំ	1401	1	phnum	phnum
780	វត្ត	1396	1	voat	vôtt
781	សិល្បៈ	1395	1	selapa	sĕlbă
782	បក្ស	1393	1	pak	bâks
783	បណ្តុះបណ្តាល	1390	1	bondohbondal	bândŏhbândal
784	ឧស្សាហកម្ម	1389	1	uhsahakam	ŏssahkâmm
785	ចែករំលែក	1388	1	chaekrumlaek	chêkrumlêk
786	អនាគត	1388	1	anakut	'ânéakôt
787	មេសា	1386	1	mesa	mésa
788	ទប់ស្កាត់	1385	1	tupskat	tóbskăt
789	យុទ្ធសាស្ត្រ	1384	1	yuttheasah	yŭtthôsastr
790	សហប្រតិបត្តិការ	1381	1	sahaprotebatka	sâhprâtĕbâtdĕkar
791	ខ្លី	1380	1	khley	khlei
792	ពិបាក	1380	1	pibak	pĭbak
793	បំណង	1379	1	bomnong	bâmnâng
794	ការអនុវត្ត	1378	1	kaanuvoat	karô'nŭvôtt
795	កុម្ភៈ	1378	1	kumphea	kŏmpheă
796	ផ្ទៃ	1374	1	phtey	phtey
797	ខ្មៅ	1373	1	khmav	khmau
798	ទឹកដី	1372	1	tekdey	tœ̆kdei
799	តែង	1365	1	taeng	têng
800	ឧត្តមសេនីយ៍	1365	1	utdomseney	ŏtdâmséniy
801	ធនធាន	1364	1	thunthean	thônthéan
802	រចនា	1361	1	rachana	rôchnéa
803	បញ្ជី	1352	1	bonhchi	bânhchi
804	ត្រៀម	1350	1	triem	triĕm
805	អាវុធ	1349	1	avut	avŭth
806	ភ្លើង	1345	1	phleung	phleung
807	ឆ្លងកាត់	1343	1	chhlongkat	chhlângkăt
808	ភ្ញាក់ផ្អើល	1343	1	phnheakpaeul	phnheăkph'aeul
809	ចិញ្ចឹម	1340	1	chenhchem	chĕnhchœ̆m
810	ពីនេះ	1340	1	pinih	pinéh
811	សន្តិភាព	1340	1	sontepheap	sântĕphéap
812	ឃើញថា	1338	1	kheunhtha	kheunhtha
813	មាស	1338	1	meah	méas
814	ដោយឡែក	1337	1	daoylaek	daôylêk
815	បុក	1337	1	bok	bŏk
816	ផ្សារ	1336	1	phsa	phsar
817	ទីនេះ	1334	1	tinih	tinéh
818	ក្លិប	1333	1	klep	klĕb
819	លួច	1331	1	luoch	luŏch
820	វិភាគ	1321	1	vipheak	vĭphéak
821	ឡាន	1320	1	lan	lan
822	ការ៉ាត់	1314	1	karat	karăt
823	តួនាទី	1314	1	tuoneati	tuŏnéati
824	អាទិត្យ	1312	1	atet	atĭty
825	បាត់ដំបង	1311	1	batdombong	bătdâmbâng
826	ពោល	1309	1	poul	poŭl
827	ក្រហម	1308	1	krohom	krâhâm
828	ទាប	1308	1	teap	téab
829	តែមួយ	1305	1	taemuoy	têmuŏy
830	រសៀល	1304	1	rosiel	rôsiĕl
831	សមាគម	1301	1	samakum	sâméakôm
832	អាស៊ី	1297	1	asi	asi
833	យ៉ាងណាក៏ដោយ	1292	1	yangnakordaoy	yangnakâdaôy
834	គ្រូពេទ្យ	1290	1	krupet	krupéty
835	ប្រពន្ធ	1290	1	propun	prâpônth
836	ក្រុមគ្រួសារ	1289	1	kromkruosa	krŏmkruŏsar
837	ស្មើ	1288	1	smaeu	smaeu
838	ចាំ	1287	1	cham	chăm
839	ប្រាសាទ	1286	1	prasat	prasat
840	ឯកជន	1285	1	aekachun	êkchôn
841	គ្រប់គ្រាន់	1283	1	krupkroan	króbkroăn
842	កង់	1280	1	kong	káng
843	រំពឹង	1279	1	rumpeng	rumpœ̆ng
844	វេទិកា	1279	1	vetika	vétĭka
845	អំពាវនាវ	1279	1	ompeaveaneav	'âmpéavnéav
846	សៀវភៅ	1273	1	sievphov	siĕvphŏu
847	ជ	1272	1	chor	chô
848	ប្រែ	1272	1	prae	prê
849	ប្រគល់	1270	1	prokul	prâkól
850	ផលប៉ះពាល់	1268	1	pholpahpoal	phâlpăhpoăl
851	រង់ចាំ	1266	1	rungcham	róngchăm
852	ថ្ម	1263	1	thmor	thmâ
853	កាល	1260	1	kal	kal
854	ទាំងស្រុង	1256	1	teangsrong	teăngsrŏng
855	ចាប់តាំងពី	1255	1	chaptangpi	chăbtăngpi
856	មេដឹកនាំ	1255	1	medeknoam	médœ̆knŏâm
857	ឥទ្ធិពល	1255	1	etthipul	ĕtthĭpôl
858	អភិបាល	1253	1	aphibal	'âphĭbal
859	ថែមទៀត	1249	1	thaemtiet	thêmtiĕt
860	ពេក	1249	1	pek	pék
861	នីមួយ	1246	1	nimuoy	nimuŏy
862	មុខងារ	1246	1	mukngea	mŭkhngéar
863	រីកចម្រើន	1246	1	rikchomraeun	rikchâmreun
864	ស្នើ	1246	1	snaeu	snaeu
865	គណៈកម្មាធិការ	1245	1	keanakamathika	kônăkâmméathĭkar
866	សំណាង	1245	1	somnang	sâmnang
867	ស្នាក់នៅ	1245	1	snaknov	snăknŏu
868	ជំនឿ	1241	1	chumneu	chumnœă
869	ផ្ទុក	1240	1	phtuk	phtŭk
870	បង្ក្រាប	1239	1	bongkrap	bângkrab
871	ឈរ	1236	1	chhor	chhôr
872	ខ្យល់	1231	1	khyol	khyál
873	ទាំងមូល	1231	1	teangmul	teăngmul
874	ចោទប្រកាន់	1228	1	chaotprokan	chaôtprâkăn
875	ឆ្ងាយ	1222	1	chhngay	chhngay
876	រៀងរាល់	1222	1	riengroal	riĕngroăl
877	សូវ	1222	1	sev	sov
878	អ៊ុយក្រែន	1220	1	uykraen	ŭykrên
879	ផ្គត់ផ្គង់	1218	1	phkutpkung	phkótphkóng
880	ប្តូរ	1216	1	pdou	pdor
881	មជ្ឈមណ្ឌល	1216	1	machchheamundul	môchchhômndôl
882	ប្រយោជន៍	1215	1	proyaoch	prâyoŭchôn
883	ទូទៅ	1214	1	tutov	tutŏu
884	រីក	1214	1	rik	rik
885	ដាច់	1211	1	dach	dăch
886	រួមគ្នា	1207	1	ruomknea	ruŏmknéa
887	ដំណាក់កាល	1206	1	domnakal	dâmnăkkal
888	ព្រៃ	1204	1	prey	prey
889	ជំនួស	1201	1	chumnuoh	chumnuŏs
890	ប្តី	1201	1	pdey	pdei
891	បណ្ឌិត	1198	1	bondet	bândĭt
892	តាមដាន	1197	1	tamdan	tamdan
893	សិទ្ធិមនុស្ស	1194	1	setmnuh	sĕtthĭmnŭss
894	អំឡុងពេល	1189	1	omlongpel	'âmlŏngpél
895	សង្ឃឹម	1187	1	songkhem	sângkhœ̆m
896	បង្វិល	1186	1	bongvel	bângvĭl
897	តេស្ត	1185	1	teh	tést
898	សុទ្ធតែ	1180	1	sotae	sŏtthôtê
899	ឆាប់	1177	1	chhap	chhăb
900	អាក្រក់	1177	1	akrok	akrók
901	ថែរក្សា	1176	1	thaereaksa	thêrksa
902	សម័យ	1176	1	samay	sâmoăy
903	ស្រលាញ់	1174	1	srolanh	srâloănh
904	នាយក	1173	1	neayuok	néayôk
905	រឹងមាំ	1173	1	rengmoam	rœ̆ngmŏâm
906	សំណង់	1173	1	somnong	sâmnáng
907	ត្រង់	1172	1	trong	tráng
908	មានតែ	1166	1	meantae	méantê
909	ម្តងទៀត	1165	1	mdongtiet	mdângtiĕt
910	ឥណ្ឌា	1161	1	endea	ĕndéa
911	ទទួលស្គាល់	1160	1	totuolskoal	tôtuŏlskoăl
912	ប្រចាំថ្ងៃ	1160	1	prochamtngay	prâchămthngai
913	ឈប់	1159	1	chhup	chhób
914	ពង្រីក	1156	1	pungrik	pôngrik
915	ល្ងាច	1155	1	lngeach	lngéach
916	សហព័ន្ធ	1152	1	sahapoan	sâhpoănth
917	ចែក	1151	1	chaek	chêk
918	ទម្រង់	1150	1	tumrung	tômróng
919	ប៉ុស្តិ៍	1150	1	poh	pŏsdĕ
920	ជំនាន់	1148	1	chumnoan	chumnoăn
921	ទាំងឡាយ	1147	1	teanglay	teănglay
922	ទម្ងន់	1146	1	tumngun	tômngón
923	ទទួលខុសត្រូវ	1145	1	totuolkhohtrouv	tôtuŏlkhŏstrov
924	ហេតុការណ៍	1143	1	haetka	hétŏkarôn
925	នាំពាក្យ	1141	1	noampeak	nŏâmpéaky
926	វត្ថុ	1141	1	voattho	vôtthŏ
927	មហាជន	1140	1	morhachun	môhachôn
928	គ្រូ	1133	1	kru	kru
929	ស្នេហា	1133	1	sneha	snéha
930	ញ៉ាំ	1128	1	nham	nhăm
931	ផ្ទុះ	1128	1	phtuh	phtŭh
932	សំណាក់	1128	1	somnak	sâmnăk
933	ទាញយក	1126	1	teanhyok	téanhyôk
934	តំណែង	1125	1	domnaeng	tâmnêng
935	ពិន្ទុ	1124	1	pentu	pĭntŭ
936	ការបរទេស	1123	1	kaborrateh	karbârtés
937	កោះ	1113	1	koh	kaôh
938	ប្រពៃណី	1112	1	propeyney	prâpeynei
939	មុខរបរ	1108	1	mukrobor	mŭkhârbâr
940	ធ្ងន់	1105	1	thngun	thngón
941	រាលដាល	1103	1	realdal	réaldal
942	ទន្លេ	1100	1	tunle	tônlé
943	ល្បឿន	1099	1	lbeun	lbœăn
944	វត្តមាន	1098	1	voatamean	vôtdâméan
945	ស្រស់ស្អាត	1095	1	srohsat	sráss'at
946	ហេតុផល	1095	1	haetphol	hétŏphâl
947	ចាប់ខ្លួន	1094	1	chapkluon	chăbkhluŏn
948	ថែមទាំង	1091	1	thaemteang	thêmteăng
949	អង្គភាព	1089	1	ongkeapheap	'ângkôphéap
950	ម្សិលមិញ	1088	1	mselmenh	msĭlmĭnh
951	បង្រៀន	1087	1	bongrien	bângriĕn
952	តែប៉ុណ្ណោះ	1083	1	taeponoh	têpŏnnaôh
953	ឈឺ	1081	1	chheu	chhœ
954	សព្វថ្ងៃ	1081	1	soptngay	sâpvôthngey
955	ផ្តោត	1080	1	phdaot	phdaôt
956	ប្រជុំ	1077	1	prochum	prâchŭm
957	ចាកចេញ	1075	1	chakchenh	chakchénh
958	បទល្មើស	1071	1	botlmeuh	bâtlmeus
959	ស្រាប់តែ	1071	1	sraptae	srăbtê
960	អាវ	1071	1	av	av
961	គ្រឿងញៀន	1070	1	kreungnhien	krœăngnhiĕn
962	ទៀតផង	1069	1	tietphong	tiĕtphâng
963	ស្នើសុំ	1068	1	snaeusom	snaeusom
964	បុរាណ	1067	1	boran	bŏréan
965	ផ្លែ	1064	1	phlae	phlê
966	ច្បាស់លាស់	1063	1	chbahloah	chbăsloăs
967	បន្តបន្ទាប់	1061	1	bontorbontoap	bântâbntoăb
968	សុបិន	1061	1	soben	sŏbĕn
969	ប្រេង	1059	1	preng	préng
970	រ៉ូឡែត	1059	1	roulaet	rolêt
971	ឪពុក	1056	1	evpuk	âupŭk
972	ដែន	1053	1	daen	dên
973	បង្កើតឡើង	1053	1	bongkaeutlaeung	bângkaeutlaeung
974	គណៈកម្មការ	1052	1	keanakameaka	kônăkâmmôkar
975	លិខិត	1048	1	likhet	lĭkhĕt
976	កងកម្លាំង	1047	1	kongkomlang	kângkâmleăng
977	ទេសចរ	1045	1	tesachor	téschâr
978	នាំគ្នា	1045	1	noamknea	nŏâmknéa
979	រាជាណាចក្រ	1045	1	reacheanachak	réachéanachâkr
980	សា	1044	1	sa	sa
981	ជួញដូរ	1042	1	chuonhdou	chuŏnhdor
982	ផលិតកម្ម	1041	1	phorletakam	phâlĭtkâmm
983	ប្រវត្តិសាស្ត្រ	1040	1	provoatesah	prâvôtdĕsastr
984	ជាងមុន	1039	1	cheangmun	chéangmŭn
985	លទ្ធភាព	1038	1	lattheapheap	lôtthôphéap
986	គួរឲ្យ	1035	1	kuoaoy	kuŏraô
987	សោះ	1034	1	soh	saôh
988	ទូរទស្សន៍	1033	1	tureatuoh	turtôssân
989	បំផ្លាញ	1033	1	bomplanh	bâmphlanh
990	ប៉ូលិស	1033	1	poulih	polĭs
991	ប្អូន	1033	1	poun	p'on
992	ឈុត	1032	1	chhut	chhŭt
993	ប្រកួតប្រជែង	1032	1	prokuotprochaeng	prâkuŏtprâchêng
994	រដូវកាល	1029	1	rodevkal	rôdovkal
995	លំដាប់	1028	1	lumdap	lumdăb
996	នី	1027	1	ni	ni
997	ពីព្រោះ	1027	1	pipruoh	piprŏăh
998	បេះដូង	1026	1	behdoung	béhdong
999	រិះគន់	1026	1	rihkun	rĭhkón
1000	ដំណោះស្រាយ	1025	1	domnohsray	dâmnaôhsray
1001	សង្គ្រោះជាតិ	1025	1	songkruohcheat	sângkrŏăhchéatĕ
1002	កសិករ	1023	1	kasekor	kâsĕkâr
1003	យុត្តិធម៌	1020	1	yutethoa	yŭtdĕthôrm
1004	វីរុស	1020	1	viruh	virŭs
1005	ប្រាកដ	1019	1	prakot	prakâd
1006	វាយតម្លៃ	1019	1	veaydomlay	véaytâmley
1007	សូម្បីតែ	1018	1	soumbeytae	sombeitê
1008	បណ្តោយ	1016	1	bondaoy	bândaôy
1009	សម្ភារៈ	1015	1	somphearea	sâmphéareă
1010	ចន្លោះ	1014	1	chonloh	chânlŏăh
1011	រំភើប	1011	1	rumpheup	rumpheub
1012	ខិតខំ	1010	1	khetkhom	khĕtkhâm
1013	ហ៊ាន	1009	1	hean	héan
1014	អគារ	1008	1	akea	'âkéar
1015	ជួល	1006	1	chuol	chuŏl
1016	កំណើត	1005	1	komnaeut	kâmnaeut
1017	ក្រោយមក	1004	1	kraoymok	kraôymôk
1018	ទីនោះ	1004	1	tinuh	tinŏăh
1019	សុខា	1002	1	sokkha	sŏkha
1020	អត្ថប្រយោជន៍	1000	1	atthaproyaoch	'âtthâbrôyoŭchôn
1021	កត្តា	999	1	kata	kâtda
1022	ចាញ់	995	1	chanh	chănh
1023	ពានរង្វាន់	993	1	peanrungvoan	péanrôngvoăn
1024	សកម្ម	992	1	sakam	sâkâmm
1025	លោកជំទាវ	991	1	loukchumteav	loŭkchumtéav
1026	យុទ្ធនាការ	989	1	yuttheaneaka	yŭtthônéakar
1027	ជីវភាព	987	1	chiveapheap	chivphéap
1028	មើលទៅ	987	1	meultov	meultŏu
1029	ពេញលេញ	985	1	penhlenh	pénhlénh
1030	លែង	985	1	laeng	lêng
1031	បណ្តឹង	984	1	bondeng	bândœ̆ng
1032	ចលនា	982	1	cholana	châlnéa
1033	ហៅថា	981	1	havtha	hautha
1034	និយម	978	1	niyum	nĭyôm
1035	ប្រតិបត្តិ	975	1	protebat	prâtĕbâtdĕ
1036	បន្តទៀត	972	1	bontortiet	bântâtiĕt
1037	ទទួលទាន	971	1	totuoltean	tôtuŏltéan
1038	ទាហាន	970	1	teahean	téahan
1039	ទៅទៀត	970	1	tovtiet	tŏutiĕt
1040	ខិត	967	1	khet	khĕt
1041	ដាំ	967	1	dam	dăm
1042	នីតិវិធី	966	1	nitevithi	nitĕvĭthi
1043	កាសែត	963	1	kasaet	kasêt
1044	ឆ្នោត	963	1	chhnaot	chhnaôt
1045	សន្លឹក	958	1	sonlek	sânlœ̆k
1046	កត់សម្គាល់	955	1	kotsomkoal	kátsâmkoăl
1047	គោលការណ៍	954	1	koulka	koŭlkarôn
1048	ខ្នង	953	1	khnong	khnâng
1049	ស្ពាន	952	1	spean	spéan
1050	ជាន់ខ្ពស់	951	1	choankpuoh	choănkhpós
1051	រកស៊ី	951	1	roksi	rôksi
1052	ខ្លាច	950	1	khlach	khlach
1053	គេង	948	1	keng	kéng
1054	បន្ទាយមានជ័យ	948	1	bonteaymeanchey	bântéayméanchoăy
1055	ទុកចិត្ត	947	1	tukchet	tŭkchĕtt
1056	ខុសគ្នា	945	1	khohknea	khŏsknéa
1057	ខ្លាំងណាស់	945	1	khlangnah	khlăngnăs
1058	នៅឯ	944	1	novae	nŏuê
1059	លើកកម្ពស់	944	1	leukompuoh	leukkâmpós
1060	ហេតុ	944	1	haet	hétŏ
1061	សិន	941	1	sen	sĕn
1062	អភិបាលខេត្ត	941	1	aphibalkhaet	'âphĭbalkhétt
1063	អ្នកនាង	941	1	neakneang	'nâknéang
1064	វិធីសាស្ត្រ	937	1	vithisah	vĭthisastr
1065	អំណោយ	937	1	omnaoy	'âmnaôy
1066	ទោស	934	1	touh	toŭs
1067	ចាត់	933	1	chat	chăt
1068	កម្ម	931	1	kam	kâmm
1069	ហិង្សា	931	1	hengsa	hĕngséa
1070	អាជីព	931	1	achip	achip
1071	តម្រូវ	930	1	domrev	tâmruv
1072	ព្រៃឈើ	930	1	preychheu	preychheu
1073	រួចហើយ	930	1	ruochhaeuy	ruŏchhaeuy
1074	បដិសេធ	929	1	padesaet	bâdĕséth
1075	លក្ខខណ្ឌ	928	1	leakkhan	lôkkhâkhând
1076	វិទ្យុ	928	1	vityu	vĭtyŭ
1077	អេ	928	1	e	é
1078	ចំណេញ	926	1	chomnenh	châmnénh
1079	ទស្សនកិច្ច	924	1	tuohsanakech	tôssânkĕchch
1080	ជឿជាក់	922	1	cheucheak	chœăcheăk
1081	ព្រម	922	1	prom	prôm
1082	អគ្គ	922	1	akea	'âkk
1083	ភាពយន្ត	921	1	pheapyun	phéapyônt
1084	មិនដែល	920	1	mendael	mĭndêl
1085	គ្រោង	919	1	kroung	kroŭng
1086	ប្រជាធិបតេយ្យ	919	1	procheathepatay	prâchéathĭbtéyy
1087	ផ្ញើ	919	1	phnhaeu	phnhaeu
1088	ពេញចិត្ត	919	1	penhchet	pénhchĕtt
1089	ជម្លោះ	918	1	chumluoh	chômlŏăh
1090	សង្ឃ	917	1	song	sângkh
1091	ទិសដៅ	916	1	tehdav	tĭsdau
1092	ចូរ	915	1	chou	chor
1093	មធ្យម	915	1	meatyum	môthyôm
1094	និស្សិត	914	1	niset	nĭssĕt
1095	ខូចខាត	913	1	khouchkhat	khochkhat
1096	ជំហាន	912	1	chumhean	chumhan
1097	រីឯ	912	1	riae	riê
1098	ហានិភ័យ	911	1	haniphey	hanĭphoăy
1099	ចេញផ្សាយ	909	1	chenhpsay	chénhphsay
1100	វិជ្ជាជីវៈ	909	1	vecheachivea	vĭchchéachiveă
1101	វិល	907	1	vel	vĭl
1102	រំលោភ	905	1	rumloup	rumloŭph
1103	ឥណទាន	905	1	enatean	ĕntéan
1104	តវ៉ា	903	1	torva	tâva
1105	កែវ	902	1	kaev	kêv
1106	ចំណេះដឹង	901	1	chomnehdeng	châmnéhdœ̆ng
1107	សភា	901	1	saphea	sâphéa
1108	កំណើន	899	1	komnaeun	kâmnaeun
1109	សំរាប់	899	1	somrap	sâmroăb
1110	មហារីក	898	1	moharik	môharik
1111	សរសៃ	898	1	sosay	sârsai
1112	សាខា	898	1	sakha	sakha
1113	ទ្វារ	893	1	tvea	tvéar
1114	ពេទ្យ	893	1	paet	péty
1115	ទោះ	892	1	tuoh	tŏăh
1116	ផ្ទេរ	890	1	phte	phtér
1117	សេរី	886	1	serey	séri
1118	សព	885	1	sop	sâp
1119	តា	884	1	ta	ta
1120	ឈឺចាប់	882	1	chheuchap	chhœchăb
1121	ខ	881	1	khor	khâ
1122	រស់	881	1	ruoh	rós
1123	ឧកញ៉ា	881	1	oknha	ŏknha
1124	រយ	880	1	roy	rôy
1125	នាំចេញ	878	1	noamchenh	nŏâmchénh
1126	សល់	876	1	sol	sál
1127	សំណួរ	875	1	somnuo	sâmnuŏr
1128	ពន្លឺ	874	1	punleu	pônlœ
1129	ធាតុ	873	1	theat	théatŏ
1130	សាសនា	873	1	sahsna	sasnéa
1131	លេច	872	1	lech	léch
1132	វេជ្ជបណ្ឌិត	869	1	vecheabondet	véchchôbndĭt
1133	រូបថត	868	1	rupthot	rubthât
1134	ដូចនេះ	867	1	douchneh	dochnéh
1135	វិទ្យាសាស្ត្រ	867	1	vityeasah	vĭtyéasastr
1136	ខ្វះ	866	1	khvah	khvăh
1137	ទ	866	1	tor	tô
1138	ផ្អែក	866	1	phaek	ph'êk
1139	កុំព្យូទ័រ	865	1	kompyuteu	kompyutoăr
1140	ប្រដាល់	865	1	prodal	prâdăl
1141	សហភាព	865	1	sahapheap	sâhphéap
1142	ពាក់កណ្តាល	863	1	peakondal	peăkkândal
1143	ស្រា	862	1	sra	sra
1144	ខំប្រឹងប្រែង	861	1	khomprengpraeng	khâmprœ̆ngprêng
1145	គ្រប់យ៉ាង	861	1	krupyang	króbyang
1146	មហាផ្ទៃ	861	1	mohaptey	môhaphtey
1147	ឯករាជ្យ	861	1	aekareach	êkréachy
1148	ទឹកប្រាក់	860	1	tekprak	tœ̆kprăk
1149	នេសាទ	855	1	nesat	nésat
1150	ចុះផ្សាយ	853	1	chohpsay	chŏhphsay
1151	វែង	853	1	vaeng	vêng
1152	យល់ដឹង	852	1	yuldeng	yóldœ̆ng
1153	មិនគួរ	850	1	menkuo	mĭnkuŏr
1154	ពន្ធនាគារ	849	1	puntheaneakea	pônthônéakéar
1155	រៀបរាប់	849	1	rieproap	riĕbroăb
1156	អគ្គិសនី	849	1	akisani	'âkkĭsni
1157	ថែទាំ	847	1	thaetoam	thêtŏâm
1158	បំពាក់	847	1	bompeak	bâmpeăk
1159	សហប្រជាជាតិ	847	1	sahaprocheacheat	sâhprâchéachéatĕ
1160	មតិ	845	1	meate	môtĕ
1161	ជាក់លាក់	844	1	cheakleak	cheăkleăk
1162	ផុត	843	1	phot	phŏt
1163	លម្អិត	842	1	lumet	lôm'ĕt
1164	អាកាស	842	1	akah	akas
1165	កូនស្រី	841	1	kounsrey	konsrei
1166	ពិចារណា	840	1	picharana	pĭcharna
1167	ខៀវ	839	1	khiev	khiĕv
1168	ទីភ្នាក់ងារ	839	1	tipneakngea	tiphneăkngéar
1169	ស៊ើបអង្កេត	839	1	seupongket	seub'ângkét
1170	ជួសជុល	836	1	chuohchul	chuŏschŭl
1171	ទន្ទឹម	836	1	tuntem	tôntœ̆m
1172	អាស្រ័យ	836	1	asray	asrăy
1173	សុក្រ	835	1	sok	sŏkr
1174	ស្តីពីការ	835	1	sdeypika	sdeipikar
1175	ស្វែងយល់	835	1	svaengyul	svêngyól
1176	គំរូ	834	1	kumru	kumru
1177	ត្រាំ	834	1	tram	trăm
1178	តាំង	833	1	tang	tăng
1179	សម្ពាធ	833	1	sompeat	sâmpéath
1180	ចំណូល	832	1	chomnoul	châmnol
1181	បើសិន	832	1	baeusen	baeusĕn
1182	ប្រុងប្រយ័ត្ន	831	1	prongproyat	prŏngprâyoătn
1183	ទ្រព្យសម្បត្តិ	830	1	troapsombat	trôpyôsmbâtdĕ
1184	ជូនដំណឹង	827	1	chundomneng	chundâmnœ̆ng
1185	ឪពុកម្តាយ	827	1	evpukmday	âupŭkmday
1186	បន្ទាន់	825	1	bontoan	bântoăn
1187	ប្រកប	824	1	prokop	prâkâb
1188	អង្គុយ	824	1	ongkuy	'ângkŭy
1189	ឧបត្ថម្ភ	824	1	upatthom	ŏbtthâmph
1190	រៀបការ	823	1	riepka	riĕbkar
1191	ទុក្ខ	822	1	tuk	tŭkkh
1192	វិបត្តិ	822	1	vibat	vĭbâtdĕ
1193	ចម្រុះ	821	1	chomroh	châmrŭh
1194	កញ្ចប់	820	1	kanhchop	kânhcháb
1195	គីឡូម៉ែត្រ	820	1	kiloumaet	kilomêtr
1196	ដែក	820	1	daek	dêk
1197	នាំយក	820	1	noamyok	nŏâmyôk
1198	ឆ្ពោះទៅ	819	1	chhpuohtov	chhpŏăhtŏu
1199	ពន្ធ	818	1	pun	pônth
1200	ព្រះវិហារ	816	1	preahvihea	preăhvĭhar
1201	សណ្ឋាគារ	816	1	sonthakea	sânthakéar
1202	អាស៊ីអាគ្នេយ៍	815	1	asiakne	asi'aknéy
1203	ចាត់ទុកថា	812	1	chatuktha	chăttŭktha
1204	ដំឡើង	812	1	domlaeung	dâmlaeung
1205	ព្រួយបារម្ភ	812	1	pruoybarom	pruŏybarômph
1206	អនុប្រធាន	812	1	anuprothean	'ânŭbrôthéan
1207	ក្រ	809	1	kror	krâ
1208	គន្លឹះ	809	1	kunleh	kônlœ̆h
1209	គុណ	808	1	kun	kŭn
1210	ចរចា	808	1	chorcha	chârcha
1211	សារៈសំខាន់	808	1	sarasomkhan	sareăsâmkhăn
1212	មិត្តភក្តិ	807	1	metpheak	mĭtdâphkdĕ
1213	សាមញ្ញ	807	1	samanh	samônhnh
1214	អេក្រង់	805	1	ekrong	ékróng
1215	ជានិច្ច	804	1	cheanech	chéanĭchch
1216	បួន	803	1	buon	buŏn
1217	ជាន់	802	1	choan	choăn
1218	វិជ្ជមាន	802	1	vecheamean	vĭchchôméan
1219	ផ្ទុយ	800	1	phtuy	phtŭy
1220	ប្រែប្រួល	798	1	praepruol	prêpruŏl
1221	រឹង	798	1	reng	rœ̆ng
1222	លុះ	798	1	luh	lŭh
1223	អូ	798	1	ou	o
1224	សំណុំរឿង	797	1	somnomreung	sâmnomrœăng
1225	ស្តេច	797	1	sdach	sdéch
1226	មណ្ឌល	795	1	mundul	môndôl
1227	ហេតុអ្វី	795	1	haetvey	hétŏ'vei
1228	ទើបតែ	794	1	teuptae	teubtê
1229	ខួប	793	1	khuop	khuŏb
1230	ជំនួប	793	1	chumnuop	chumnuŏb
1231	តុ	793	1	tok	tŏ
1232	ពុធ	793	1	put	pŭth
1233	ប្រហារ	792	1	proha	prâhar
1234	ឧទាហរណ៍	790	1	uteahor	ŏtéahrôn
1235	សម្រាក	789	1	somrak	sâmréak
1236	ស្នាម	786	1	snam	snam
1237	បញ្ឈប់	784	1	banhchhup	bânhchhób
1238	រដ្ឋសភា	783	1	roatsaphea	rôdthâsphéa
1239	ក្រីក្រ	782	1	kreykror	kreikr
1240	ណ	782	1	nor	nâ
1241	អង្គារ	782	1	ongkea	'ângkéar
1242	កំហុស	781	1	komhoh	kâmhŏs
1243	ចែកចាយ	778	1	chaekchay	chêkchay
1244	កាយ	777	1	kay	kay
1245	ចាត់ការ	777	1	chatka	chătkar
1246	ចោទ	777	1	chaot	chaôt
1247	បន្ទុក	777	1	bontuk	bântŭk
1248	សាកលវិទ្យាល័យ	776	1	sakolvityealay	sakâlvĭtyéaloăy
1249	ច្រក	774	1	chrok	chrâk
1250	មិនចង់	773	1	menchong	mĭncháng
1251	បោះ	772	1	boh	baôh
1252	មធ្យោបាយ	772	1	matyoubay	môthyoŭbay
1253	រក្សាទុក	772	1	reaksatuk	rôksatŭk
1254	អញ្ចឹង	772	1	onhcheng	'ânhchœ̆ng
1255	ជជែក	771	1	chochaek	chôchêk
1256	បន្លែ	770	1	bonlae	bânlê
1257	ស្រូវ	770	1	srev	srov
1258	កំពង់ចាម	769	1	kompungcham	kâmpóngcham
1259	កក់	768	1	kok	kák
1260	ជាទី	768	1	cheati	chéati
1261	បកស្រាយ	766	1	boksray	bâksray
1262	សាលាដំបូង	765	1	saladomboung	saléadâmbong
1263	វ័យក្មេង	764	1	veykmeng	voăykméng
1264	នាវា	763	1	neavea	néavéa
1265	ប្លែក	762	1	plaek	plêk
1266	ឌីជីថល	760	1	dichithol	dichithâl
1267	ឧ	759	1	ao	ŏ
1268	អង្គរ	757	1	ongkor	'ângkôr
1269	ហូរ	756	1	hou	hor
1270	ជំនន់	755	1	chumnun	chumnón
1271	ជំនួញ	755	1	chumnuonh	chumnuŏnh
1272	រាង	755	1	reang	réang
1273	សម្របសម្រួល	755	1	somropsomruol	sâmrôbsâmruŏl
1274	អត្រា	755	1	atra	'âtréa
1275	ប្រដាប់	754	1	prodap	prâdăb
1276	ដោត	753	1	daot	daôt
1277	នាយកដ្ឋាន	752	1	neayuokathan	néaykâdthan
1278	ផលប្រយោជន៍	752	1	pholproyaoch	phâlprâyoŭchôn
1279	អូស្ត្រាលី	752	1	oustrali	ostrali
1280	រំលឹក	751	1	rumlek	rumlœ̆k
1281	កាប់	749	1	kap	kăb
1282	ចប់	749	1	chop	cháb
1283	សំដៅ	749	1	somdav	sâmdau
1284	ហត្ថលេខា	749	1	hatthalekha	hâtthâlékha
1285	អាកាសធាតុ	749	1	akahsatheat	akasthéatŏ
1286	កាំភ្លើង	748	1	kampleung	kămphleung
1287	ញឹកញាប់	748	1	nheknhoap	nhœ̆knhoăb
1288	រលាក	748	1	roleak	rôléak
1289	ចាត់ទុក	745	1	chatuk	chăttŭk
1290	មាន់	743	1	moan	moăn
1291	មេបញ្ជាការ	743	1	mebonhcheaka	mébnhchéakar
1292	រង្ស៊ី	743	1	reangsi	rôngsi
1293	រួចមក	743	1	ruochmok	ruŏchmôk
1294	ជាទូទៅ	742	1	cheatutov	chéatutŏu
1295	ម៉ាឡេស៊ី	742	1	malesi	malési
1296	ស្តារ	742	1	sda	sdar
1297	ទៅរក	741	1	tovrok	tŏurôk
1298	ឯក	741	1	aek	êk
1299	ធ្មេញ	740	1	thmenh	thménh
1300	បែក	740	1	baek	bêk
1301	ព្រមាន	740	1	promean	prôméan
1302	តន្ត្រី	739	1	dontrey	tântrei
1303	សន្យា	739	1	sonya	sânyéa
1304	ចន្ទ	737	1	chan	chânt
1305	ម្ចាស់ផ្ទះ	737	1	mchahpteah	mchăsphteăh
1306	ភ្លៀង	736	1	phlieng	phliĕng
1307	ម៉ា	735	1	ma	ma
1308	ទម្លាប់	733	1	tumloap	tômloăb
1309	ប្រធានបទ	733	1	protheanbot	prâthéanbât
1310	យ៉ាងណាមិញ	733	1	yangnamenh	yangnamĭnh
1311	គ្រូបង្វឹក	732	1	krubongvek	krubngvœ̆k
1312	ឆ្នេរ	731	1	chhne	chhnér
1313	ពីមុន	731	1	pimun	pimŭn
1314	ស្វាគមន៍	731	1	svakum	svakmôn
1315	ទីកន្លែង	729	1	tikonlaeng	tiknlêng
1316	បង្ការ	729	1	bongka	bângkar
1317	វ៉ា	729	1	va	va
1318	សម្រស់	729	1	somroh	sâmrós
1319	អូន	729	1	oun	on
1320	បារម្ភ	728	1	barom	barômph
1321	ជួរ	725	1	chuo	chuŏr
1322	ប្តឹង	725	1	pdeng	pdœ̆ng
1323	មូលនិធិ	725	1	mulnithi	mulnĭthĭ
1324	ស្ថានការណ៍	723	1	sthanka	sthankarôn
1325	គង់	719	1	kung	kóng
1326	ដីធ្លី	719	1	deytli	deithli
1327	តិចតួច	719	1	techtuoch	tĕchtuŏch
1328	ស្វាយរៀង	719	1	svayrieng	svayriĕng
1329	ទីបំផុត	718	1	tibomphot	tibâmphŏt
1330	ភរិយា	718	1	pheariyea	phôrĭyéa
1331	កំពត	717	1	kompot	kâmpôt
1332	ចម្ងាយ	717	1	chomngay	châmngéay
1333	កាបូប	715	1	kaboup	kabob
1334	ច័ន្ទ	715	1	chan	chănt
1335	ជាធម្មតា	715	1	cheathoameada	chéathômmôta
1336	ស្លាកលេខ	715	1	slaklek	slaklékh
1337	ត្រជាក់	714	1	trocheak	trâcheăk
1338	ផែនដី	714	1	phaendey	phêndei
1339	ហាត់ប្រាណ	714	1	hatpran	hătpran
1340	សាក	712	1	sak	sak
1341	ស្មាតហ្វូន	712	1	smatfoun	smathvon
1342	ស្នងការ	710	1	snongka	snângkar
1343	ច្រៀង	709	1	chrieng	chriĕng
1344	អនាម័យ	708	1	anamay	'ânéamoăy
1345	ទីមួយ	707	1	timuoy	timuŏy
1346	អង្ករ	706	1	ongkor	'ângkâr
1347	ចងចាំ	705	1	chongcham	chângchăm
1348	ឌី	705	1	di	di
1349	ទំនង	705	1	tumnong	tumnông
1350	ធ	705	1	thor	thô
1351	បន្តផ្ទាល់	701	1	bontorptoal	bântâphtoăl
1352	បាយ	700	1	bay	bay
1353	ប្រវត្តិ	700	1	provoat	prâvôtdĕ
1354	ក្បែរ	698	1	kbae	kbêr
1355	ព្រហស្បតិ៍	698	1	prohoah	prôhsbâtĕ
1356	ពន្យល់	697	1	punyul	pônyól
1357	ស្បែកជើង	697	1	sbaekcheung	sbêkcheung
1358	ហាក់ដូចជា	697	1	hakdouchea	hăkdochchéa
1359	សកល	696	1	sakol	sâkâl
1360	ប្រឡង	695	1	prolong	prâlâng
1361	សាធារណរដ្ឋ	695	1	satheareanaroat	sathéarônrôdth
1362	មិនល្អ	694	1	menlor	mĭnôl'
1363	បាក់	693	1	bak	băk
1364	ផឹក	693	1	phek	phœ̆k
1365	អាល្លឺម៉ង់	693	1	aleumong	allœmáng
1366	រាជ	692	1	reach	réach
1367	សរសើរ	692	1	sosaeu	sârsaeur
1368	បន្ទូល	691	1	bontul	bântul
1369	រៀង	690	1	rieng	riĕng
1370	ជុំ	689	1	chum	chŭm
1371	ជម្ងឺ	688	1	chumngeu	chômngœ
1372	អម	688	1	om	'âm
1373	ស្មារតី	686	1	smardey	smartei
1374	ប៉ះ	682	1	pah	păh
1375	ស្រាល	682	1	sral	sral
1376	ទម្លាក់	681	1	tumleak	tômleăk
1377	អត្តសញ្ញាណ	681	1	atasanhan	'âtdâsânhnhéan
1378	រូបរាង	680	1	rupreang	rubréang
1379	ប្រារព្ធ	679	1	prarup	prarôpth
1380	អន្តរាគមន៍	679	1	ontarakum	'ântâréakmôn
1381	កាហ្វេ	678	1	kafe	kahvé
1382	ជម្រាប	677	1	chumreap	chômréab
1383	សមរម្យ	677	1	somrum	sâmrômy
1384	កិច្ចសន្យា	675	1	kechsonya	kĕchchâsnyéa
1385	ថ្លែងការណ៍	675	1	thlaengka	thlêngkarôn
1386	កិត្តិយស	674	1	keteyuoh	kĕtdĕyôs
1387	កំពង់ធំ	673	1	kompungthum	kâmpóngthum
1388	កឹម	672	1	kem	kœ̆m
1389	កែ	671	1	kae	kê
1390	អ៊ីចឹង	671	1	icheng	ichœ̆ng
1391	ដេក	670	1	dek	dék
1392	ចេញទៅ	669	1	chenhtov	chénhtŏu
1393	សង្កេត	669	1	songket	sângkét
1394	ទទួលការ	668	1	totuolka	tôtuŏlkar
1395	ភ្លេច	667	1	phlech	phléch
1396	ហាក់	666	1	hak	hăk
1397	តស៊ូ	665	1	torsu	tâsu
1398	កំពង់ឆ្នាំង	663	1	kompungchnang	kâmpóngchhnăng
1399	ចូលឆ្នាំ	662	1	choulchnam	cholchhnăm
1400	កែប្រែ	661	1	kaeprae	kêprê
1401	ខួរក្បាល	661	1	khuokbal	khuŏrkbal
1402	ទូរសព្ទ	661	1	tureasap	tursâpt
1403	ទស្សនៈ	660	1	tuohsana	tôssâneă
1404	បណ្តោះអាសន្ន	660	1	bondohason	bândaôh'asânn
1405	មិត្តភាព	658	1	metapheap	mĭtdâphéap
1406	គោក	657	1	kouk	koŭk
1407	ប្រាក់ចំណូល	657	1	prakchomnoul	prăkchâmnol
1408	ផ្អាក	657	1	phak	ph'ak
1409	ពេជ្រ	655	1	pech	péchr
1410	ស៊េរី	655	1	seri	séri
1411	ទល់	654	1	tul	tól
1412	ព្រោះតែ	654	1	pruohtae	prŏăhtê
1413	រួចរាល់	654	1	ruochroal	ruŏchroăl
1414	ស្នាដៃ	654	1	snaday	snadai
1415	អំឡុង	653	1	omlong	'âmlŏng
1416	ដុត	652	1	dot	dŏt
1417	សាលារៀន	652	1	salarien	saléariĕn
1418	គ្រោះ	651	1	kruoh	krŏăh
1419	ចល័ត	651	1	chalat	châloăt
1420	ឆ្អឹង	651	1	chheng	chh'œ̆ng
1421	ផ្កា	651	1	phka	phka
1422	ភ្នាក់ងារ	651	1	phneakngea	phneăkngéar
1423	ឆ្លើយ	649	1	chhlaeuy	chhlaeuy
1424	តោន	649	1	taon	taôn
1425	បន្ទះ	649	1	bonteah	bânteăh
1426	រំលង	649	1	rumlong	rumlông
1427	ទិស	648	1	teh	tĭs
1428	សំណើ	648	1	somnaeu	sâmnaeu
1429	ជើងឯក	647	1	cheungaek	cheungêk
1430	ញ	647	1	nhor	nhô
1431	សំរាម	647	1	somram	sâmréam
1432	ចំណាត់ថ្នាក់	646	1	chomnatnak	châmnătthnăk
1433	ទូលំទូលាយ	646	1	tulumtuleay	tulumtuléay
1434	លាប	646	1	leap	léab
1435	ហេង	646	1	heng	héng
1436	សន្និសីទ	645	1	soniset	sânnĭseit
1437	បំបែក	644	1	bombaek	bâmbêk
1438	រាជធានី	644	1	reachtheani	réachthéani
1439	ជី	643	1	chi	chi
1440	បោះពុម្ព	640	1	bohpum	baôhpŭmp
1441	ប្រអប់	640	1	proop	prâ'áb
1442	ប្រៀបធៀប	640	1	priepthiep	priĕbthiĕb
1443	រួមចំណែក	640	1	ruomchomnaek	ruŏmchâmnêk
1444	សហគ្រាស	639	1	sahakreah	sâhkréas
1445	ឆាប់រហ័ស	638	1	chhaprohah	chhăbrôhăs
1446	កង	637	1	kong	kâng
1447	សាកសួរ	637	1	saksuo	saksuŏr
1448	កំពង់ស្ពឺ	636	1	kompungspeu	kâmpóngspœ
1449	រឿងរ៉ាវ	636	1	reungrav	rœăngrav
1450	រំខាន	636	1	rumkhan	rumkhan
1451	អភិរក្ស	636	1	aphireak	'âphĭrôks
1452	រ៉ែ	634	1	rae	rê
1453	ឈ្មួញ	633	1	chhmuonh	chhmuŏnh
1454	ម៉ាក់	632	1	mak	măk
1455	តានតឹង	631	1	tanteng	tantœ̆ng
1456	សក្តានុពល	631	1	sakdanupul	sâkdanŭpôl
1457	ទារក	630	1	tearuok	téarôk
1458	ពលករ	630	1	puleakor	pôlkâr
1459	ដូចដែល	629	1	douchdael	dochdêl
1460	ព្រឹទ្ធសភា	628	1	pretsaphea	prœ̆tthôsphéa
1461	ហោច	628	1	haoch	haôch
1462	ច្នៃប្រឌិត	626	1	chnayprodet	chnaibrôdĭt
1463	ជាមុន	626	1	cheamun	chéamŭn
1464	ពាន	626	1	pean	péan
1465	ស្ទើរតែ	626	1	steutae	steurtê
1466	បែរជា	625	1	baechea	bêrchéa
1467	ទោះបី	624	1	tuohbey	tŏăhbei
1468	បរាជ័យ	624	1	parachey	bâréachoăy
1469	ប្រវែង	622	1	provaeng	prâvêng
1470	កាមេរ៉ា	621	1	kamera	kaméra
1471	ស្តង់ដារ	621	1	stongda	sdángdar
1472	ឮ	621	1	leu	lœ
1473	ប្រមូលផ្តុំ	620	1	promoulpdom	prâmulphdom
1474	កាន់កាប់	619	1	kankap	kănkăb
1475	ខូច	619	1	khouch	khoch
1476	ត្រលប់	618	1	trorlop	trâlób
1477	មាតិកា	617	1	meateka	méatĕka
1478	រី	617	1	ri	ri
1479	ឯកភាព	617	1	aekapheap	êkphéap
1480	ក្លាយ	616	1	klay	klay
1481	ខាន	616	1	khan	khan
1482	ដណ្តើម	616	1	dondaeum	dândaeum
1483	ទីលំនៅ	616	1	tilumnov	tilumnŏu
1484	ទូក	616	1	tuk	tuk
1485	ពុករលួយ	616	1	pukroluoy	pŭkârluŏy
1486	អ្វីខ្លះ	614	1	veyklah	'veikhlăh
1487	អនុ	613	1	anu	'ânŭ
1488	ដៃដល់	612	1	daydol	daidál
1489	ត្រៀមខ្លួន	612	1	triemkluon	triĕmkhluŏn
1490	ស្វាមី	612	1	svamey	svami
1491	អ៊ីរ៉ង់	611	1	irong	iráng
1492	សម្លៀកបំពាក់	610	1	somliekbompeak	sâmliĕkbâmpeăk
1493	លាយ	609	1	leay	léay
1494	ល្បីល្បាញ	609	1	lbeylbanh	lbeilbanh
1495	ពូជ	608	1	puch	puch
1496	ហ្វីលីពីន	608	1	filipin	hveilipin
1497	រហ័ស	607	1	rohah	rôhăs
1498	បំភ្លឺ	606	1	bompleu	bâmphlœ
1499	សម្អាត	605	1	somat	sâm'at
1500	លូតលាស់	604	1	lutloah	lutloăs
1501	ការណ៍	603	1	ka	karôn
1502	បរិយាកាស	603	1	pareyakah	bârĭyéakas
1503	លាង	601	1	leang	léang
1504	បរិមាណ	599	1	pareman	bârĭméan
1505	រោគសញ្ញា	598	1	rouksanha	roŭksânhnhéa
1506	សៅរ៍	598	1	sav	saur
1507	តារាង	597	1	tarang	taréang
1508	ឱសថ	597	1	aosot	aôsâth
1509	គេច	596	1	kech	kéch
1510	យោបល់	595	1	youbol	yoŭbál
1511	គ្រា	594	1	krea	kréa
1512	ទិដ្ឋភាព	594	1	tetthapheap	tĭdthâphéap
1513	ស៊ុត	594	1	sut	sŭt
1514	បឹង	593	1	beng	bœ̆ng
1515	ទូទាត់	592	1	tutoat	tutoăt
1516	បំពង់	592	1	bompung	bâmpóng
1517	ជ្រាប	591	1	chreap	chréab
1518	សេរីភាព	591	1	sereypheap	sériphéap
1519	អ៊ីស្រាអែល	591	1	israael	isra'êl
1520	សម្តី	590	1	somdey	sâmdei
1521	ស្នងការដ្ឋាន	590	1	snongkaratthan	snângkardthan
1522	បៃតង	589	1	baytong	baitâng
1523	សម្ងាត់	589	1	somngat	sâmngoăt
1524	ទណ្ឌកម្ម	588	1	toandeakam	tôndôkâmm
1525	ក្សត្រ	586	1	ksat	ksâtr
1526	ខ្មែរក្រហម	586	1	khmaekrohom	khmêrkrâhâm
1527	គីមី	586	1	kimi	kimi
1528	សំបុត្រ	586	1	sombot	sâmbŏtr
1529	កញ្ចក់	585	1	kanhchok	kânhchák
1530	ផ្ទៃពោះ	584	1	phteypuoh	phteypŏăh
1531	ភារកិច្ច	584	1	pheareakech	phéarkĕchch
1532	ឡាវ	584	1	lav	lav
1533	បែងចែក	583	1	baengchaek	bêngchêk
1534	ពុល	583	1	pul	pŭl
1535	អបអរសាទរ	583	1	oporsator	'âb'ârsatôr
1536	ឆាក	580	1	chhak	chhak
1537	អចលនទ្រព្យ	579	1	acholanatroap	'âchlôntrôpy
1538	កែលម្អ	578	1	kaelumor	kêlôm'
1539	តៃវ៉ាន់	578	1	tayvan	taivăn
1540	ស្រែ	578	1	srae	srê
1541	កោះកុង	577	1	kohkong	kaôhkŏng
1542	ជ្រុល	577	1	chrul	chrŭl
1543	ទំនុកចិត្ត	577	1	tumnukchet	tumnŭkchĕtt
1544	ខ្ទង់	575	1	khtung	khtóng
1545	ទៅវិញទៅមក	575	1	tovvenhtovmok	tŏuvĭnhtŏumôk
1546	បង្ខំ	573	1	bongkhom	bângkhâm
1547	រសជាតិ	573	1	ruohcheat	rôschéatĕ
1548	កម្ពស់	572	1	kompuoh	kâmpós
1549	អត្ថន័យ	572	1	atthaney	'âtthânoăy
1550	ជួបជុំ	571	1	chuopchum	chuŏbchŭm
1551	សម្លេង	571	1	somleng	sâmléng
1552	ជ្រូក	569	1	chruk	chruk
1553	តទៅ	568	1	tortov	tâtŏu
1554	បេក្ខជន	568	1	pekkhachun	békkhâchôn
1555	កែច្នៃ	567	1	kaechnay	kêchnai
1556	កោតសរសើរ	567	1	kaotsosaeu	kaôtsârsaeur
1557	មីយ៉ាន់ម៉ា	567	1	miyanma	miyănma
1558	វិទ្យាល័យ	567	1	vityealay	vĭtyéaloăy
1559	អ៊ិន	567	1	en	ĭn
1560	កាកបាទក្រហម	566	1	kakabatkrohom	kakbatkrâhâm
1561	ដោះ	565	1	doh	daôh
1562	ស្រស់	565	1	sroh	srás
1563	កងរាជអាវុធហត្ថ	564	1	kongreachavuthat	kângréach'avŭthhâtth
1564	ប្រឈមមុខ	564	1	prochhomuk	prâchhmômŭkh
1565	ស្រវឹង	564	1	sroveng	srâvœ̆ng
1566	ស្រេច	564	1	srach	sréch
1567	ចម្បង	563	1	chombong	châmbâng
1568	ធី	561	1	thi	thi
1569	ស្តាំ	561	1	sdam	sdăm
1570	សហ	560	1	saha	sâh
1571	ដូចម្តេច	556	1	douchmdech	dochmdéch
1572	កាត	554	1	kat	kat
1573	ប្រិយមិត្ត	554	1	preyamet	prĕymĭtt
1574	អ៊ីមែល	554	1	imael	imêl
1575	បទចម្រៀង	553	1	botchomrieng	bâtchâmriĕng
1576	ទង្វើ	551	1	tungveu	tôngveu
1577	អនុម័ត	551	1	anumat	'ânŭmoăt
1578	យូ	548	1	yu	yu
1579	លើកលែង	548	1	leuklaeng	leuklêng
1580	ស្រដៀង	548	1	srodieng	srâdiĕng
1581	ហ	548	1	hor	hâ
1582	អំណរគុណ	548	1	omnorkun	'âmnârkŭn
1583	ផ្លូវចិត្ត	547	1	phlevchet	phlovchĕtt
1584	ចាន់	545	1	chan	chăn
1585	ឧបនាយក	545	1	upaneayuok	ŏbnéayôk
1586	ឆ្វេង	544	1	chhveng	chhvéng
1587	វីតាមីន	544	1	vitamin	vitamin
1588	ហេដ្ឋារចនាសម្ព័ន្ធ	543	1	hettharachanasompoan	hédtharôchnéasmpoănth
1589	ញាតិ	542	1	nheat	nhéatĕ
1590	ឧត្តម	542	1	utdom	ŏtdâm
1591	គំរាមកំហែង	540	1	kumreamkomhaeng	kumréamkâmhêng
1592	ផ្លែឈើ	540	1	phlaechheu	phlêchheu
1593	ខ្ចី	539	1	khchey	khchei
1594	ទិវា	539	1	tivea	tĭvéa
1595	បេសកកម្ម	539	1	pesakakam	bésâkkâmm
1596	គី	538	1	ki	ki
1597	គីឡូក្រាម	538	1	kiloukram	kilokram
1598	មេគង្គ	538	1	mekung	mékôngk
1599	អាហ្វ្រិក	538	1	afrik	ahvrĕk
1600	ដង្ហើម	537	1	donghaeum	dânghaeum
1601	សង	537	1	song	sâng
1602	ចង	536	1	chong	châng
1603	ដែនដី	536	1	daendey	dêndei
1604	តាកែវ	536	1	takaev	takêv
1605	ភូមិសាស្ត្រ	536	1	phumisah	phumĭsastr
1606	ប្រជែង	535	1	prochaeng	prâchêng
1607	ពួកវា	535	1	puokvea	puŏkvéa
1608	ខ្លាញ់	534	1	khlanh	khlănh
1609	ដំណាំ	534	1	domnam	dâmnăm
1610	ភ័យខ្លាច	534	1	pheyklach	phoăykhlach
1611	វិញ្ញាណ	534	1	vinhean	vĭnhnhéan
1612	ប័ណ្ណ	533	1	ban	bănn
1613	ប្រតិកម្ម	533	1	protekam	prâtĕkâmm
1614	ហាមឃាត់	533	1	hamkhoat	hamkhoăt
1615	គោ	532	1	kou	koŭ
1616	ភព	532	1	phup	phôp
1617	សុខទុក្ខ	532	1	soktuk	sŏkhtŭkkh
1618	បរិភោគ	531	1	borriphouk	bârĭphoŭk
1619	រចនាសម្ព័ន្ធ	531	1	rachanasampoan	rôchnéasmpoănth
1620	ស៊ីសង	531	1	sisong	sisâng
1621	នៅស្រុក	530	1	novsrok	nŏusrŏk
1622	នាំចូល	529	1	noamchoul	nŏâmchol
1623	យល់ព្រម	529	1	yulprom	yólprôm
1624	ជៀសវាង	528	1	chiehveang	chiĕsvéang
1625	ផ្តាច់	528	1	phdach	phdăch
1626	ស្រួល	528	1	sruol	sruŏl
1627	អភិបាលរង	528	1	aphibalrong	'âphĭbalrông
1628	បោះបង់	527	1	bohbong	baôhbáng
1629	សកម្មជន	527	1	sakamchun	sâkâmmôchôn
1630	សម្បូរ	527	1	sombou	sâmbor
1631	ស្ថានទូត	526	1	sthantut	sthantut
1632	ស្មោះត្រង់	526	1	smohtrong	smaôhtráng
1633	មេធាវី	525	1	metheavi	méthéavi
1634	ខ្លឹមសារ	524	1	khlemsa	khlœ̆msar
1635	ឥតខ្ចោះ	524	1	etkchoh	ĕtkhchaôh
1636	ប្រមុខ	522	1	promuk	prâmŭkh
1637	សត្វព្រៃ	521	1	satprey	sâtvôprey
1638	ណាត់	518	1	nat	năt
1639	ទាញ	517	1	teanh	téanh
1640	មា	517	1	mea	méa
1641	រាតត្បាត	517	1	reatbat	réattbat
1642	សណ្តាប់ធ្នាប់	517	1	sondaptnoap	sândăbthnoăb
1643	អរគុណ	517	1	orkun	'ârkŭn
1644	ហោះហើរ	516	1	hohaeu	haôhhaeur
1645	ខ្នាត	515	1	khnat	khnat
1646	ច្របូកច្របល់	515	1	chroboukchrobol	chrâbokchrâbál
1647	ត្រ	515	1	tror	trâ
1648	គូសបញ្ជាក់	514	1	kuhbanhcheak	kusbânhcheăk
1649	មី	513	1	mi	mi
1650	មីន	513	1	min	min
1651	អេស្ប៉ាញ	512	1	espanh	ésbanh
1652	កៅអី	510	1	kavey	kau'ei
1653	ចម្លង	510	1	chomlong	châmlông
1654	តេ	510	1	te	té
1655	ម៉ូដែល	510	1	moudael	modêl
1656	ចម្លើយ	508	1	chomlaeuy	châmleuy
1657	បាតុកម្ម	508	1	patokam	batŏkâmm
1658	មន្ត្រីរាជការ	507	1	muntreyreacheaka	môntreiréachkar
1659	រដ្ឋលេខាធិការ	507	1	roatlekhathika	rôdthâlékhathĭkar
1660	ខ្វះខាត	506	1	khvahkhat	khvăhkhat
1661	ចុះបញ្ជី	506	1	chohbanhchi	chŏhbânhchi
1662	ធន់	506	1	thun	thón
1663	ស៊ីវិល	505	1	sivel	sivĭl
1664	ស្ករ	505	1	skor	skâr
1665	ខ្សោយ	504	1	khsaoy	khsaôy
1666	ឆ្កែ	504	1	chhkae	chhkê
1667	អាណត្តិ	504	1	anat	anâtdĕ
1668	ផ្សំ	503	1	phsom	phsâm
1669	សេ	503	1	se	sé
1670	ហេតុនេះ	502	1	haetnih	hétŏnéh
1671	ស្រាប់	500	1	srap	srăb
1672	ដាច់ខាត	499	1	dachkhat	dăchkhat
1673	រ៉ាត	499	1	rat	rat
1674	កម្រ	498	1	komror	kâmr
1675	តែងតាំង	498	1	taengtang	têngtăng
1676	រួមភេទ	498	1	ruomphet	ruŏmphét
1677	សំ	498	1	som	sâm
1678	ស្រែក	498	1	sraek	srêk
1679	តភ្ជាប់	497	1	torpchoap	tâphchoăb
1680	តុបតែង	497	1	toptaeng	tŏbtêng
1681	ប្រជាប្រិយភាព	497	1	procheapreyeapheap	prâchéaprĕyphéap
1682	ពូកែ	497	1	pukae	pukê
1683	អាង	497	1	ang	ang
1684	មិញ	496	1	menh	mĭnh
1685	ហិកតា	496	1	hechta	hĕkta
1686	កម្មសិទ្ធិ	495	1	kamaset	kâmmôsĕtthĭ
1687	អ៊ី	494	1	i	i
1688	ជនបទ	492	1	chuneabot	chônbât
1689	កូដ	491	1	kout	kod
1690	វិទ្យាស្ថាន	491	1	vetyeasthan	vĭtyéasthan
1691	សមិទ្ធផល	491	1	samettheaphol	sâmĭtthôphâl
1692	តំណាងរាស្ត្រ	490	1	domnangreah	tâmnangréastr
1693	ទ្វីប	490	1	tvip	tvib
1694	ធម៌	490	1	thoa	thôrm
1695	ប្រកាន់	490	1	prokan	prâkăn
1696	ជិតខាង	489	1	chetkhang	chĭtkhang
1697	ដោះលែង	488	1	dohlaeng	daôhlêng
1698	ប៉ា	488	1	pa	pa
1699	ប៉េកាំង	487	1	pekang	pékăng
1700	ពណ៌ស	487	1	poasor	pônârs
1701	រំលាយ	487	1	rumleay	rumléay
1702	តារាស្រី	486	1	darasrey	taréasrei
1703	ប្រទេសជាតិ	484	1	protehcheat	prâtéschéatĕ
1704	សន្ទនា	484	1	sonteanea	sântônéa
1705	ដា	482	1	da	da
1706	សញ្ជាតិ	482	1	sanhcheat	sânhchéatĕ
1707	សភាព	482	1	sapheap	sâphéap
1708	បញ្ចុះតម្លៃ	481	1	banhchohdomlay	bânhchŏhtâmley
1709	សម្ពោធ	481	1	sompout	sâmpoŭth
1710	សាកសព	481	1	saksop	saksâp
1711	បាកា	480	1	baka	baka
1712	សម្រាល	480	1	somral	sâmréal
1713	ស្ងួត	479	1	snguot	snguŏt
1714	ហ្វឹកហាត់	479	1	vekhat	hvœ̆khăt
1715	កំសាន្ត	478	1	komsan	kâmsant
1716	ទទួលរង	478	1	totuolrong	tôtuŏlrông
1717	បុរី	478	1	borey	bŏri
1718	បៀ	478	1	bie	biĕ
1719	ប្រាថ្នា	477	1	pratna	prathna
1720	ត្បូងឃ្មុំ	476	1	tboungkmum	tbongkhmŭm
1721	ទោ	475	1	tou	toŭ
1722	ផ្លូវភេទ	475	1	phlevphet	phlovphét
1723	សង្គមស៊ីវិល	475	1	songkumsivel	sângkômsivĭl
1724	ស្ម័គ្រចិត្ត	475	1	smakchet	smăkrôchĕtt
1725	អក្សរ	475	1	asor	'âksâr
1726	ប៉ៃលិន	474	1	paylen	pailĭn
1727	រារាំង	474	1	reareang	réareăng
1728	វះកាត់	474	1	veahkat	veăhkăt
1729	ឡុង	474	1	long	lŏng
1730	ទ័ព	473	1	toap	toăp
1731	ម្ខាង	471	1	mkhang	mkhang
1732	រមណីយដ្ឋាន	471	1	rumeaniyeathan	rômneiydthan
1733	លាក់	471	1	leak	leăk
1734	អធិការដ្ឋាន	471	1	athikarathan	'âthĭkardthan
1735	តួ	470	1	tuo	tuŏ
1736	ទស្សន៍ទាយ	470	1	tuohteay	tôssântéay
1737	នុយក្លេអ៊ែរ	470	1	nuykleae	nŭyklé'êr
1738	ប្រាំ	470	1	pram	prăm
1739	ក្រដាស	469	1	krodah	krâdas
1740	គីម	469	1	kim	kim
1741	តែមួយគត់	469	1	taemuoykut	têmuŏykót
1742	របរ	469	1	robor	rôbâr
1743	កម្ពុជាថ្មី	468	1	kampucheatmey	kâmpŭchéathmei
1744	ចោរ	468	1	chao	chaôr
1745	មេត្តា	468	1	meta	métda
1746	អាទិភាព	468	1	atipheap	atĭphéap
1747	សម្ព័ន្ធ	467	1	sompoan	sâmpoănth
1748	ថ្វាយ	466	1	thvay	thvay
1749	នៅក្បែរ	466	1	novkbae	nŏukbêr
1750	ប៊ុន	466	1	bun	bŭn
1751	រាត្រី	466	1	reatrey	réatrei
1752	ជួបប្រទះ	465	1	chuoproteah	chuŏbprâteăh
1753	ដុំ	465	1	dom	dom
1754	ស៊ីរី	465	1	siri	siri
1755	ក្លិន	464	1	klen	klĕn
1756	សួន	464	1	suon	suŏn
1757	ប្រណាំង	462	1	pronang	prânăng
1758	បំបាត់	461	1	bombat	bâmbăt
1759	ក្រចេះ	459	1	krocheh	krâchéh
1760	ឆ្នើម	459	1	chhnaeum	chhnaeum
1761	ដួល	459	1	duol	duŏl
1762	រុក្ខជាតិ	458	1	rukkhacheat	rŭkkhâchéatĕ
1763	សន្សំ	457	1	sonsom	sânsâm
1764	សម្បត្តិ	457	1	sombat	sâmbâtdĕ
1765	គូស្នេហ៍	456	1	kusnae	kusnéh
1766	ចៅក្រម	456	1	chavkrom	chaukrôm
1767	ទ្រព្យ	456	1	troap	trôpy
1768	រៀនសូត្រ	456	1	riensout	riĕnsotr
1769	អគ្គនាយក	455	1	akeaneayuok	'âkkônéayôk
1770	មីស៊ីល	454	1	misil	misil
1771	ដើមឈើ	453	1	daeumchheu	daeumchheu
1772	សំណូមពរ	453	1	somnoumpor	sâmnompôr
1773	ចក្រភព	452	1	chakrorphup	châkrôphôp
1774	ហួស	452	1	huoh	huŏs
1775	បារី	451	1	barey	bari
1776	រ៉ា	451	1	ra	ra
1777	សេដ្ឋី	451	1	setthey	sédthei
1778	ខេង	450	1	kheng	khéng
1779	រថភ្លើង	450	1	rutpleung	rôthphleung
1780	អញ	450	1	anh	'ânh
1781	អនុវត្តន៍	449	1	anuvoat	'ânŭvôtdân
1782	កូនចៅ	448	1	kounchav	konchau
1783	ប្តេជ្ញាចិត្ត	447	1	pdachnhachet	pdéchnhéachĕtt
1784	គណៈ	446	1	keana	kônă
1785	បោក	446	1	baok	baôk
1786	យក្ស	446	1	yeak	yôks
1787	ប្រាកដជា	444	1	prakotchea	prakâdchéa
1788	យន្តការ	444	1	yuntaka	yôntâkar
1789	ងាក	443	1	ngeak	ngéak
1790	ព្រះបាទ	443	1	preahbat	preăhbat
1791	ម៉ាណែត	443	1	manaet	manêt
1792	សមស្រប	443	1	somsrop	sâmsrâb
1793	ជក់	442	1	chuok	chók
1794	ទឹកកក	442	1	tekok	tœ̆kkâk
1795	ស្វ័យប្រវត្តិ	442	1	svayprovoat	svăyprâvôtdĕ
1796	ពហុ	441	1	peahu	pôhŏ
1797	ចេះតែ	440	1	chehtae	chéhtê
1798	ប្រយ័ត្ន	440	1	proyat	prâyoătn
1799	ករុណា	438	1	karuna	kârŭna
1800	ទីលាន	438	1	tilean	tiléan
1801	នំ	438	1	num	num
1802	ហា	438	1	ha	ha
1803	ដកស្រង់	437	1	doksrong	dâksráng
1804	វរ	437	1	vor	vôr
1805	ទ្វេ	436	1	tve	tvé
1806	អេស	436	1	eh	és
1807	ឆន្ទៈ	435	1	chhantea	chhânteă
1808	ដូស	435	1	douh	dos
1809	ព្រៃវែង	435	1	preyvaeng	preyvêng
1810	ចំណងជើង	434	1	chomnongcheung	châmnângcheung
1811	សម្គាល់	434	1	somkoal	sâmkoăl
1812	កីឡដ្ឋាន	433	1	keylatthan	keildthan
1813	ឡូត	433	1	lout	lot
1814	ប្រទះឃើញ	432	1	proteahkheunh	prâteăhkheunh
1815	ហាម	432	1	ham	ham
1816	ទៀតទេ	431	1	tiete	tiĕtté
1817	រាប់ពាន់	431	1	roapoan	roăbpoăn
1818	ការទូត	430	1	katut	kartut
1819	រុករក	430	1	rukrok	rŭkrôk
1820	អធិការ	430	1	atheka	'âthĭkar
1821	ណោះ	429	1	noh	naôh
1822	យីហោ	428	1	yihao	yihaô
1823	កម្តៅ	427	1	komdav	kâmdau
1824	បរិសុទ្ធ	427	1	borresot	bârĭsŏtth
1825	ភស្តុតាង	427	1	phoahtang	phôsdŏtang
1826	វិវាទ	427	1	viveat	vĭvéat
1827	ផ្ទាំង	426	1	phteang	phteăng
1828	ពីរបី	424	1	pibey	pirbei
1829	ពោះ	424	1	puoh	pŏăh
1830	មាត្រា	424	1	meatra	méatra
1831	ក្លែងក្លាយ	423	1	klaengklay	klêngklay
1832	មេដាយ	423	1	meday	méday
1833	វាល	423	1	veal	véal
1834	សិក្ខាសាលា	423	1	sekhasala	sĕkkhasaléa
1835	ស្នេហ៍	423	1	snae	snéh
1836	អធិបតីភាព	423	1	athepadeyeapheap	'âthĭbteiphéap
1837	គណៈអភិបាល	422	1	keanaaphibal	kônă'âphĭbal
1838	ហុងកុង	422	1	hongkong	hŏngkŏng
1839	វេបសាយ	421	1	vepsay	vébsay
1840	ខោ	420	1	khao	khaô
1841	ជ័យជម្នះ	420	1	cheychumneah	choăychômneăh
1842	លោកយាយ	420	1	loukyeay	loŭkyéay
1843	សហជីព	420	1	sahachip	sâhchip
1844	អ៊ីតាលី	420	1	itali	itali
1845	បាត	419	1	bat	bat
1846	លុប	419	1	lup	lŭb
1847	សម្ភារ	419	1	somphea	sâmphéar
1848	សំណង	419	1	somnong	sâmnâng
1849	ដកហូត	418	1	dokhout	dâkhot
1850	ប្រសិទ្ធិ	418	1	prosetthi	prâsĕtthĭ
1851	ផ្តាច់ព្រ័ត្រ	418	1	phdachproat	phdăchproătr
1852	សុភមង្គល	418	1	sopheamungkul	sŏphmôngkôl
1853	ថយចុះ	417	1	thoychoh	thâychŏh
1854	ទន់	417	1	tun	tón
1855	បំណុល	417	1	bomnol	bâmnŏl
1856	លោកគ្រូ	417	1	loukru	loŭkkru
1857	សិង្ហបុរី	417	1	senghaborey	sĕnghâbŏri
1858	រ៉ូ	416	1	rou	ro
1859	ស្ទឹងត្រែង	416	1	stengtraeng	stœ̆ngtrêng
1860	អគ្គលេខាធិការ	416	1	akealekhathika	'âkkôlékhathĭkar
1861	គ្រាប់បែក	415	1	kroabaek	kroăbbêk
1862	ធៀប	415	1	thiep	thiĕb
1863	ពោធិ៍សាត់	415	1	pousat	poŭthĭsăt
1864	រដ្ឋធានី	415	1	roattheani	rôdthâthéani
1865	រាំ	415	1	roam	rŏâm
1866	ប្រក្រតី	414	1	prokrordey	prâkrôtei
1867	វិមាន	414	1	vimean	vĭméan
1868	ចៀសវាង	413	1	chiehveang	chiĕsvéang
1869	ប្រសាច	413	1	prosach	prâsach
1870	ម្យ៉ាងទៀត	413	1	myangtiet	myangtiĕt
1871	កក់ក្តៅ	412	1	kokdav	kákkdau
1872	កំដៅ	411	1	komdav	kâmdau
1873	ទល់នឹង	411	1	tulneng	tólnœ̆ng
1874	នឹក	411	1	nek	nœ̆k
1875	ព្រហ្មទណ្ឌ	411	1	prumeatoan	prôhmôtônd
1876	ល្មើស	410	1	lmeuh	lmeus
1877	បញ្ញា	409	1	panha	bânhnhéa
1878	សាង	409	1	sang	sang
1879	សំណេះសំណាល	409	1	somnehsomnal	sâmnéhsâmnal
1880	ខ្សែភាពយន្ត	408	1	khsaepheapyun	khsêphéapyônt
1881	ក្របខ័ណ្ឌ	407	1	kropkhan	krâbkhănd
1882	ជញ្ជាំង	407	1	chunhcheang	chônhcheăng
1883	ភាន់ភាំង	407	1	phoanpheang	phoănpheăng
1884	ស្ទើរ	407	1	steu	steur
1885	ចេតនា	406	1	chetana	chétnéa
1886	ដេញ	406	1	denh	dénh
1887	សោកស្តាយ	406	1	saoksday	saôksday
1888	គិតគូរ	405	1	ketku	kĭtkur
1889	បាទ	405	1	bat	bat
1890	ភេសជ្ជៈ	405	1	phesachea	phésâchcheă
1891	អេឡិចត្រូនិច	405	1	elechtrounech	élĕchtronĭch
1892	កំប្លែង	404	1	komplaeng	kâmplêng
1893	កំពង់ផែ	404	1	kompungphae	kâmpóngphê
1894	ផ្សិត	404	1	phset	phsĕt
1895	ម្សៅ	404	1	msav	msŏu
1896	តួលេខ	402	1	tuolek	tuŏlékh
1897	ទូលាយ	402	1	tuleay	tuléay
1898	សាន	402	1	san	san
1899	ការដ្ឋាន	401	1	karatthan	kardthan
1900	ចៅ	401	1	chav	chau
1901	និងកីឡា	401	1	nengkeyla	nĭngkeila
1902	សង់	401	1	song	sáng
1903	សាច់ដុំ	400	1	sachdom	săchdom
1904	មនុស្សធម៌	399	1	monuhsathoa	mônŭssâthôrm
1905	ស្ថាន	399	1	sthan	sthan
1906	កន្លះ	398	1	konlah	kânleăh
1907	ស្ថានីយ	398	1	sthani	sthaniy
1908	ស្អែក	398	1	saek	s'êk
1909	ថ្លើម	397	1	thlaeum	thlaeum
1910	ប្តេជ្ញា	397	1	pdachnha	pdéchnhéa
1911	មានច្រើន	397	1	meanchraeun	méanchraeun
1912	យ៉ា	397	1	ya	ya
1913	ស្រោម	397	1	sraom	sraôm
1914	ហូប	397	1	houp	hob
1915	បឋម	396	1	pathom	bâthâm
1916	សង្សារ	396	1	songsa	sângsar
1917	សព្វ	395	1	sop	sâpv
1918	ខ្សាច់	393	1	khsach	khsăch
1919	ចែង	393	1	chaeng	chêng
1920	អាជ្ញាប័ណ្ណ	393	1	achnhaban	achnhéabănn
1921	តង់	392	1	tong	táng
1922	បទបញ្ជា	392	1	botbanhchea	bâtbânhchéa
1923	ប៉ោយប៉ែត	392	1	paoypaet	paôypêt
1924	ប្រាក់ខែ	392	1	prakkhae	prăkkhê
1925	យឺត	392	1	yeut	yœt
1926	អគ្គនាយកដ្ឋាន	392	1	akeaneayuokathan	'âkkônéaykâdthan
1927	ទ្រង់ទ្រាយ	391	1	trungtreay	tróngtréay
1928	ឥណ្ឌូនេស៊ី	391	1	endunesi	ĕndunési
1929	កៅស៊ូ	390	1	kavsu	kausu
1930	ផ្តួចផ្តើម	390	1	phduochpdaeum	phduŏchphdaeum
1931	ភាគហ៊ុន	390	1	pheakhun	phéakhŭn
1932	ភី	390	1	phi	phi
1933	ឧបសគ្គ	390	1	upasak	ŏbsâkk
1934	អ្នកនិពន្ធ	389	1	neaknipun	'nâknĭpônth
1935	ក្របខណ្ឌ	388	1	kropkhan	krâbkhând
1936	បណ្តេញ	388	1	bondenh	bândénh
1937	ពោរពេញ	388	1	poupenh	poŭrpénh
1938	ទំនប់	387	1	tumnup	tumnób
1939	ប៉ូលីស	387	1	poulih	polis
1940	អ៊ីម៉ែល	387	1	imael	imêl
1941	ឆក់	386	1	chhok	chhák
1942	ជម្រក	386	1	chumrok	chômrôk
1943	ចម្លែក	385	1	chomlaek	châmlêk
1944	ទឹកដោះគោ	385	1	tekdohkou	tœ̆kdaôhkoŭ
1945	មនុស្សជាតិ	385	1	meanuhsacheat	mônŭssâchéatĕ
1946	លូ	385	1	lu	lu
1947	សុទ្ធ	385	1	sot	sŏtth
1948	ឡា	385	1	la	la
1949	អាការៈ	385	1	akara	akareă
1950	រោម	384	1	roum	roŭm
1951	សន្និដ្ឋាន	384	1	sonetthan	sânnĭdthan
1952	កីឡាការិនី	383	1	keylakareni	keilakarĭni
1953	និមិត្ត	383	1	nimet	nĭmĭtt
1954	រាល់ថ្ងៃ	383	1	roaltngay	roălthngai
1955	ដូណាល់	382	1	dounal	donăl
1956	នុច	382	1	nuch	nŭch
1957	ប្រៀប	382	1	priep	priĕb
1958	ភ	381	1	phor	phô
1959	ជម្រុញ	380	1	chumrunh	chômrŭnh
1960	ណេត	380	1	net	nét
1961	ពិការ	380	1	pika	pĭkar
1962	ស្រុកកំណើត	380	1	srokomnaeut	srŏkkâmnaeut
1963	អវិជ្ជមាន	380	1	avecheamean	'âvĭchchôméan
1964	គណៈប្រតិភូ	379	1	keanaprotephu	kônăprâtĕphu
1965	គំរាម	379	1	kumream	kumréam
1966	ញៀន	379	1	nhien	nhiĕn
1967	ទុន	379	1	tun	tŭn
1968	មានជ័យ	379	1	meanchey	méanchoăy
1969	ស៊ីហ្គេម	379	1	sigem	sihkém
1970	សះស្បើយ	378	1	sahsbaeuy	săhsbaeuy
1971	ប្រឹងប្រែង	377	1	prengpraeng	prœ̆ngprêng
1972	ផ្ទៃក្នុង	377	1	phteyknong	phteyknŏng
1973	រត់គេច	377	1	rutkech	rótkéch
1974	សេនាបតី	377	1	senapadey	sénéabtei
1975	ក្មួយ	376	1	kmuoy	kmuŏy
1976	ឆ្លុះបញ្ចាំង	376	1	chhlohbanhchang	chhlŏhbânhchăng
1977	ពុទ្ធសាសនា	376	1	puttheasasna	pŭtthôsasnéa
1978	សម្លឹង	376	1	somleng	sâmlœ̆ng
1979	ខឹង	375	1	kheng	khœ̆ng
1980	ជិតស្និទ្ធ	375	1	chetsnet	chĭtsnĕtth
1981	ពិតមែន	375	1	petmaen	pĭtmên
1982	ព្រាង	375	1	preang	préang
1983	យំ	375	1	yum	yum
1984	ស្មុគស្មាញ	375	1	smoksmanh	smŏksmanh
1985	អាពាហ៍ពិពាហ៍	375	1	apeapipea	apéahpĭpéah
1986	ជំហរ	373	1	chumhor	chumhâr
1987	ប៊ូតុង	373	1	butong	butŏng
1988	រាសី	373	1	reasey	réasei
1989	គ្រឹះស្ថាន	372	1	krehsthan	krœ̆hsthan
1990	បន្ទាត់	372	1	bontoat	bântoăt
1991	លេចធ្លោ	372	1	lechtlou	léchthloŭ
1992	កាតា	371	1	kata	kata
1993	តំណ	371	1	domnor	tâmnâ
1994	បក	371	1	bok	bâk
1995	ងើប	370	1	ngeup	ngeub
1996	ភ័យ	370	1	phey	phoăy
1997	រោង	370	1	roung	roŭng
1998	ស៊ូ	370	1	su	su
1999	ស្វាយ	370	1	svay	svay
2000	អន្តោប្រវេសន៍	370	1	ontaoproveh	'ântaôbrôvésân
2001	ឈានមុខ	369	1	chheanmuk	chhéanmŭkh
2002	ទម្លាយ	369	1	tumleay	tômléay
2003	ភោជនីយដ្ឋាន	369	1	phoucheaniyatthan	phoŭchniydthan
2004	ភ្លឺ	369	1	phleu	phlœ
2005	ម៉ូដ	369	1	mout	mod
2006	រើស	369	1	reuh	reus
2007	កាស	368	1	kah	kas
2008	ទស្សនិកជន	368	1	tuohsanekachun	tôssânĭkchôn
2009	ទំហឹង	368	1	tumheng	tumhœ̆ng
2010	ពល	368	1	pul	pôl
2011	ឧស្ម័ន	368	1	usman	ŏsmăn
2012	ជូនពរ	367	1	chunpor	chunpôr
2013	ពៅ	367	1	pov	pŏu
2014	មណ្ឌលគិរី	367	1	mundulkiri	môndôlkĭri
2015	រា	367	1	rea	réa
2016	ឯកទេស	367	1	aekateh	êktés
2017	ឈ្នួល	366	1	chhnuol	chhnuŏl
2018	តួកគី	366	1	tuoki	tuŏkki
2019	ត្រង់ចំណុច	366	1	trongchomnoch	trángchâmnŏch
2020	គុន	365	1	kun	kŭn
2021	គ្របដណ្តប់	365	1	kropdondop	krôbdândáb
2022	ទូ	365	1	tu	tu
2023	លះបង់	365	1	leahbong	leăhbáng
2024	សងខាង	365	1	songkhang	sângkhang
2025	សាធារណការ	365	1	satheareanaka	sathéarônkar
2026	សាស្ត្រាចារ្យ	365	1	sahstracha	sastrachary
2027	ស្លាក	364	1	slak	slak
2028	កាតព្វកិច្ច	363	1	katapeakech	katpvôkĕchch
2029	ឃ្លាំង	363	1	khleang	khleăng
2030	ទេវតា	363	1	teveada	tévta
2031	ពឹងផ្អែក	363	1	pengpaek	pœ̆ngph'êk
2032	សារភាព	363	1	sarapheap	sarphéap
2033	ក្រណាត់	362	1	kronat	krânăt
2034	ឆ្លាតវៃ	362	1	chhlatvey	chhlatvey
2035	យាង	361	1	yeang	yéang
2036	លា	361	1	lea	léa
2037	វស្សា	361	1	voahsa	vôssa
2038	បែបណា	360	1	baepna	bêbna
2039	ប្រតិភូ	360	1	protephu	prâtĕphu
2040	ពន្យារ	360	1	punyea	pônyéar
2041	សិស្សានុសិស្ស	360	1	sehsanuseh	sĕssanŭsĕss
2042	ចឹង	359	1	cheng	chœ̆ng
2043	ថោក	359	1	thaok	thaôk
2044	ថៅកែ	359	1	thavkae	thaukê
2045	បង្អស់	358	1	bongoh	bâng'ás
2046	មិនឱ្យ	358	1	menaoy	mĭnaô
2047	កែសម្រួល	357	1	kaesomruol	kêsmruŏl
2048	នគរ	357	1	nokor	nôkôr
2049	ភៀសខ្លួន	357	1	phiehkluon	phiĕskhluŏn
2050	រោគ	357	1	rouk	roŭk
2051	ចម្ការ	356	1	chomka	châmkar
2052	ចំណាប់អារម្មណ៍	356	1	chomnaparom	châmnăb'arômmôn
2053	បម្រុង	356	1	bomrong	bâmrŭng
2054	បរិវេណ	356	1	pariven	bârĭvén
2055	ឱ	356	1	ao	aô
2056	ខ្លាំងក្លា	355	1	khlangkla	khlăngkla
2057	ឆេះ	355	1	chheh	chhéh
2058	ស្តុក	355	1	sdok	sdŏk
2059	ដប	354	1	dop	dâb
2060	ដេ	354	1	de	dé
2061	ទីប្រឹក្សា	353	1	tipreksa	tiprœ̆ksa
2062	ប៊ី	353	1	bi	bi
2063	ធុង	352	1	thung	thŭng
2064	អាណិត	352	1	anet	anĕt
2065	ចត្តាឡីស័ក	351	1	chataleysak	châtdaleisăk
2066	ចំណី	351	1	chomney	châmnei
2067	ស្ថិរភាព	351	1	stherapheap	sthĕrphéap
2068	ស្លុត	351	1	slot	slŏt
2069	ក្បួន	350	1	kbuon	kbuŏn
2070	ទេសរដ្ឋមន្ត្រី	350	1	tesaroatmuntrey	tésrôdthâmntrei
2071	និន្នាការ	350	1	neneaka	nĭnnéakar
2072	មែនទែន	350	1	maentaen	mêntên
2073	រាជអាជ្ញា	350	1	reachachnha	réach'achnhéa
2074	ទោះយ៉ាងណា	349	1	tuohyangna	tŏăhyangna
2075	ស្ថាបនា	349	1	sthapana	sthabnéa
2076	ខំ	348	1	khom	khâm
2077	ប្រឹក្សា	348	1	preksa	prœ̆ksa
2078	មូល	348	1	mul	mul
2079	លោកតា	348	1	loukta	loŭkta
2080	ប្រេស៊ីល	347	1	presil	présil
2081	រលូន	347	1	rolun	rôlun
2082	រំដោះ	347	1	rumdoh	rumdaôh
2083	លក់ដូរ	347	1	luokdou	lókdor
2084	លុបចោល	346	1	lupchaol	lŭbchaôl
2085	ដុះ	345	1	doh	dŏh
2086	បូម	345	1	boum	bom
2087	ម៉ៅ	345	1	mav	mau
2088	គណ	344	1	kun	kôn
2089	គំនូរ	344	1	kumnu	kumnur
2090	ទឹកនោមផ្អែម	344	1	teknoumpaem	tœ̆knoŭmph'êm
2091	ស្រទាប់	344	1	srotoap	srâtoăb
2092	ម៉ែ	343	1	mae	mê
2093	អនុសាសន៍	343	1	anusah	'ânŭsasân
2094	អេឡិចត្រូនិក	343	1	elechtrounech	élĕchtronĭk
2095	យន្ត	342	1	yun	yônt
2096	លាភ	342	1	leap	léaph
2097	ញញឹម	341	1	nhonhem	nhônhœ̆m
2098	ផ្តន្ទាទោស	341	1	phdonteatouh	phdântéatoŭs
2099	រូបិយប័ណ្ណ	341	1	rupeyaban	rubĕybănn
2100	លឿង	341	1	leung	lœăng
2101	សែនសុខ	341	1	saensok	sênsŏkh
2102	អតីតកាល	341	1	ateytakal	'âteitkal
2103	វេជ្ជសាស្ត្រ	340	1	vecheasah	véchchôsastr
2104	ស្រេង	340	1	sreng	sréng
2105	បេតុង	339	1	betong	bétŏng
2106	ប្រមាថ	339	1	promat	prâméath
2107	ល្អិត	339	1	let	l'ĕt
2108	វត្ថុតាង	339	1	voatthotang	vôtthŏtang
2109	ទ្រូង	338	1	trung	trung
2110	ផោន	338	1	phaon	phaôn
2111	ពិសោធន៍	338	1	pisaot	pĭsaôthôn
2112	ម៉ូត	338	1	mout	mot
2113	កំណែទម្រង់	337	1	komnaetumrung	kâmnêtmróng
2114	ទសវត្សរ៍	337	1	tuohsavoat	tôsvôtsâr
2115	ទំ	337	1	tum	tum
2116	ប្តីប្រពន្ធ	337	1	pdeypropun	pdeibrôpônth
2117	រាជា	337	1	reachea	réachéa
2118	គុក	336	1	kuk	kŭk
2119	ម៉ាស់	336	1	mah	măs
2120	រដ្ឋធម្មនុញ្ញ	336	1	roatthathoameanunh	rôdthâthômmônŭnhnh
2121	លំ	336	1	lum	lum
2122	ឃ្លាំមើល	335	1	khloameul	khlŏâmmeul
2123	ដូច្នោះ	335	1	douchnoh	dochnaôh
2124	ប៉ារីស	335	1	parih	paris
2125	ម្យ៉ាងវិញ	335	1	myangvenh	myangvĭnh
2126	សិល្បករ	335	1	selapakor	sĕlbâkâr
2127	ចំណង	334	1	chomnong	châmnâng
2128	វ៉ាស៊ីនតោន	334	1	vasintaon	vasintaôn
2129	សាយ	334	1	say	say
2130	ហាងឆេង	334	1	hangchheng	hangchhéng
2131	ឆ្ងាញ់	333	1	chhnganh	chhngănh
2132	ជំនុំជម្រះ	333	1	chumnumchumreah	chumnŭmchômreăh
2133	ជ្រើស	333	1	chreuh	chreus
2134	ផែន	333	1	phaen	phên
2135	សាធារណជន	333	1	satheareanachun	sathéarônchôn
2136	សោ	333	1	sao	saô
2137	ក្រចក	332	1	krochok	krâchâk
2138	ចំណាស់	332	1	chomnah	châmnăs
2139	ជ្រៅ	332	1	chrov	chrŏu
2140	ដ៏ខ្ពង់ខ្ពស់	332	1	dorkpungkpuoh	dâkhpóngkhpós
2141	ត្រា	332	1	tra	tra
2142	បរិច្ចាគ	332	1	borrichak	bârĭchchak
2143	សាក្សី	332	1	saksey	saksei
2144	អគ្គិភ័យ	332	1	akiphey	'âkkĭphoăy
2145	ចាយ	331	1	chay	chay
2146	តឹង	331	1	teng	tœ̆ng
2147	យុទ្ធជន	331	1	yuttheachun	yŭtthôchôn
2148	គ្រោះមហន្តរាយ	330	1	kruohmeahontaray	krŏăhmôhndâréay
2149	ជះ	330	1	cheah	cheăh
2150	ជ័យ	330	1	chey	choăy
2151	ថ្នល់	330	1	thnol	thnál
2152	យូរអង្វែង	330	1	yuongvaeng	yur'ângvêng
2153	ទៀងទាត់	329	1	tiengtoat	tiĕngtoăt
2154	ពិសោធ	329	1	pisaot	pĭsaôth
2155	រៀប	329	1	riep	riĕb
2156	កាណាដា	328	1	kanada	kanada
2157	ម្យ៉ាង	328	1	myang	myang
2158	បត់	327	1	bot	bát
2159	សេង	327	1	seng	séng
2160	និរន្តរភាព	326	1	nirontarapheap	nĭrndârphéap
2161	បើកចំហ	326	1	baeukchomhor	baeukchâmhâ
2162	រកប្រាក់	326	1	rokprak	rôkprăk
2163	សី	326	1	sey	sei
2164	កាក់	325	1	kak	kăk
2165	កាំបិត	325	1	kambet	kămbĕt
2166	ឃោសនា	325	1	khousna	khoŭsnéa
2167	ចរន្ត	325	1	charon	chârônt
2168	ឆ្លងដែន	325	1	chhlongdaen	chhlângdên
2169	ជូត	325	1	chut	chut
2170	ទឹកភ្នែក	325	1	tekpnaek	tœ̆kphnêk
2171	ប្លន់	325	1	plon	plán
2172	ភាគតិច	325	1	pheaktech	phéaktĕch
2173	ម្ហូប	325	1	mhoup	mhob
2174	សំបូរ	325	1	sombou	sâmbor
2175	អ្នកគ្រូ	325	1	neakru	'nâkkru
2176	ជាជាង	324	1	cheacheang	chéachéang
2177	ប្លង់	324	1	plong	pláng
2178	យោ	324	1	you	yoŭ
2179	សង្កត់ធ្ងន់	324	1	songkotngun	sângkátthngón
2180	ស្លឹក	324	1	slek	slœ̆k
2181	កម្ចាត់	323	1	komchat	kâmchăt
2182	កោសិកា	323	1	kaoseka	kaôsĕka
2183	ចំរើន	323	1	chomraeun	châmreun
2184	ជាជន	323	1	cheachun	chéachôn
2185	បូ	323	1	bou	bo
2186	មួយរយៈ	323	1	muoyroryea	muŏyôryeă
2187	គូរ	322	1	ku	kur
2188	អន្តរ	322	1	ontara	'ântâr
2189	បច្ចុប្បន្នភាព	321	1	pachobonapheap	bâchchŏbbânnôphéap
2190	ពោះវៀន	321	1	puohvien	pŏăhviĕn
2191	អាយ	321	1	ay	ay
2192	បំពាន	320	1	bompean	bâmpéan
2193	ប្រការ	320	1	proka	prâkar
2194	ពោធិ៍សែនជ័យ	320	1	pousaenchey	poŭthĭsênchoăy
2195	យល់ឃើញ	320	1	yulkheunh	yólkheunh
2196	សំណើម	320	1	somnaeum	sâmnaeum
2197	កំណត់ត្រា	319	1	komnotra	kâmnáttra
2198	លោត	319	1	lout	loŭt
2199	គឹម	318	1	kem	kœ̆m
2200	បណ្តើរ	318	1	bondaeu	bândaeur
2201	រូបមន្ត	318	1	rupamun	rubmônt
2202	បង្គោល	317	1	bongkoul	bângkoŭl
2203	ប្រុសស្រី	317	1	prohsrey	prŏssrei
2204	មោទនភាព	317	1	mouteanapheap	moŭtônphéap
2205	អូឡាំពិក	317	1	oulampek	olămpĭk
2206	ខកខាន	316	1	khokkhan	khâkkhan
2207	ទឹកឃ្មុំ	316	1	tekmum	tœ̆kkhmŭm
2208	ឡេង	316	1	leng	léng
2209	អាជីវករ	316	1	achiveakor	achivkâr
2210	កូរ៉ូណា	315	1	kourouna	korona
2211	ចាន	315	1	chan	chan
2212	ស្ថាបនិក	315	1	sthapanek	sthabnĭk
2213	ចម្បាំង	314	1	chombang	châmbăng
2214	ចរាចរ	314	1	chorachor	châréachâr
2215	ជាយូរ	314	1	cheayu	chéayur
2216	វាសនា	314	1	veasna	véasnéa
2217	សុវណ្ណ	314	1	sovan	sŏvônn
2218	ហ៊ុនសែន	314	1	hunsaen	hŭnsên
2219	ទាល់តែ	313	1	toaltae	toăltê
2220	បង្ហើប	313	1	bonghaeup	bânghaeub
2221	សូមអរគុណ	313	1	soumorkun	som'ârkŭn
2222	ស្រូប	313	1	sroup	srob
2223	ហោះ	313	1	hoh	haôh
2224	កិន	312	1	ken	kĕn
2225	ងងឹត	312	1	ngonget	ngôngœ̆t
2226	តប	312	1	top	tâb
2227	ទា	312	1	tea	téa
2228	ផ្កាយ	312	1	phkay	phkay
2229	លុបបំបាត់	312	1	lubombat	lŭbbâmbăt
2230	លំនៅដ្ឋាន	312	1	lumnovthan	lumnŏudthan
2231	អូស	312	1	ouh	os
2232	ទុកជា	311	1	tukchea	tŭkchéa
2233	ទេសភាព	311	1	tesapheap	tésphéap
2234	និយោជិត	311	1	niyouchet	nĭyoŭchĭt
2235	យានយន្ត	311	1	yeanyun	yéanyônt
2236	ទូរ	310	1	tu	tur
2237	បែកបាក់	310	1	baekbak	bêkbăk
2238	ពន្លត់	310	1	punlut	pônlót
2239	កុងត្រា	309	1	kongtra	kŏngtra
2240	ស្លា	309	1	sla	sla
2241	កំ	308	1	kom	kâm
2242	ជារឿយ	308	1	cheareuy	chéarœăy
2243	បូក	308	1	bouk	bok
2244	ផ្លាស់	308	1	phlah	phlăs
2245	កាត់ទោស	307	1	katouh	kăttoŭs
2246	ទេពកោសល្យ	307	1	tepkaosol	tépkaôsâly
2247	ប្រឡាយ	307	1	prolay	prâlay
2248	រលក	307	1	rolok	rôlôk
2249	ដួង	306	1	duong	duŏng
2250	ប្រែក្លាយ	306	1	praeklay	prêklay
2251	អំបិល	306	1	ombel	'âmbĕl
2252	រាវ	305	1	reav	réav
2253	សីតុណ្ហភាព	305	1	seytonhapheap	seitŏnhâphéap
2254	គួរសម	304	1	kuosom	kuŏrsâm
2255	ចៃដន្យ	304	1	chaydon	chaidâny
2256	រុញ	303	1	runh	rŭnh
2257	ឧទ្យាន	303	1	utyean	ŏtyéan
2258	កែង	302	1	kaeng	kêng
2259	ចង្អុល	302	1	chongol	châng'ŏl
2260	ទប់ទល់	302	1	tuptul	tóbtól
2261	សវនាការ	302	1	savanaka	sâvnéakar
2262	ស្ងប់ស្ងាត់	302	1	sngopsngat	sngábsngăt
2263	នរោត្តម	301	1	norroutdom	nôroŭtdâm
2264	ពលកម្ម	301	1	puleakam	pôlkâmm
2265	ម៉េង	301	1	meng	méng
2266	ករ	300	1	kor	kâr
2267	ខេមរភូមិន្ទ	300	1	khemraphumen	khémôrphumĭnt
2268	រតនគិរី	300	1	roatanakiri	rôtnôkĭri
2269	គ្រែ	299	1	krae	krê
2270	ជីក	299	1	chik	chik
2271	ថង់	299	1	thong	tháng
2272	ពិន័យ	299	1	piney	pĭnoăy
2273	អាថ៌កំបាំង	299	1	atkombang	arthkâmbăng
2274	ក្រឡាហោម	298	1	krolahaom	krâlahaôm
2275	សូ	298	1	sou	so
2276	តម្លាភាព	297	1	domlapheap	tâmléaphéap
2277	ធំធេង	297	1	thumtheng	thumthéng
2278	ពេញវ័យ	297	1	penhvey	pénhvoăy
2279	កេរ្តិ៍ឈ្មោះ	296	1	kechmuoh	kérdĕchhmŏăh
2280	ងាប់	296	1	ngoap	ngoăb
2281	បង្ហូរ	296	1	bonghou	bânghor
2282	បន្សល់	296	1	bonsol	bânsál
2283	ឡូ	296	1	lou	lo
2284	បង្កប់	295	1	bongkop	bângkáb
2285	ពិព័រណ៍	295	1	pipoa	pĭpoărôn
2286	សាច់ប្រាក់	295	1	sachprak	săchprăk
2287	អចិន្ត្រៃយ៍	295	1	achentray	'âchĕntraiy
2288	ចេក	294	1	chek	chék
2289	ដំបូល	294	1	domboul	dâmbol
2290	ពេលណា	294	1	pelna	pélna
2291	មរណភាព	294	1	meareanapheap	môrnâphéap
2292	លទ្ធិប្រជាធិបតេយ្យ	294	1	latthiprocheathepatay	lôtthĭbrôchéathĭbtéyy
2293	សិទ្ធ	294	1	set	sĕtth
2294	កំណាត់	293	1	komnat	kâmnăt
2295	ក្រាម	293	1	kram	kram
2296	ចំណុះ	293	1	chomnoh	châmnŏh
2297	មុខមាត់	293	1	mukmoat	mŭkhmoăt
2298	ដីកា	292	1	deyka	deika
2299	អប្សរា	292	1	absara	'âbsâréa
2300	ច្រើនណាស់	291	1	chraeunah	chraeunnăs
2301	ឋានៈ	291	1	thana	thaneă
2302	ធុន	291	1	thun	thŭn
2303	សង្វៀន	291	1	songvien	sângviĕn
2304	សន្លប់	291	1	sonlop	sânlób
2305	ស្ទឹង	291	1	steng	stœ̆ng
2306	អាគារ	291	1	akea	akéar
2307	ស្លៀកពាក់	290	1	sliekpeak	sliĕkpeăk
2308	កំរិត	289	1	komret	kâmrĭt
2309	ដាំដុះ	289	1	damdoh	dămdŏh
2310	បង្គាប់	289	1	bongkoap	bângkoăb
2311	ពុក	289	1	puk	pŭk
2312	ណែត	288	1	naet	nêt
2313	លំហូរ	288	1	lumhou	lumhor
2314	ដ្ឋាន	286	1	than	dthan
2315	វណ្ណៈ	286	1	vana	vônnă
2316	សប្បុរសជន	286	1	soborohsachun	sâbbŏrôschôn
2317	ខាតបង់	285	1	khatbong	khatbáng
2318	ត្រចៀក	285	1	trochiek	trâchiĕk
2319	បាងកក	285	1	bangkok	bangkâk
2320	ប៉ះទង្គិច	285	1	pahtungkech	păhtôngkĭch
2321	អារ	285	1	a	ar
2322	ចត	284	1	chot	chât
2323	ឈីប	283	1	chhip	chhib
2324	មេរៀន	283	1	merien	mériĕn
2325	រវល់	283	1	rovul	rôvól
2326	វឌ្ឍនភាព	283	1	voattheaneapheap	vôdthônphéap
2327	វិនិយោគិន	283	1	viniyouken	vĭnĭyoŭkĭn
2328	កង្វះ	282	1	kongvah	kângveăh
2329	កំណែ	282	1	komnae	kâmnê
2330	ចិញ្ចើម	282	1	chenhchaeum	chĕnhchaeum
2331	បញ្ចេញមតិ	282	1	banhchenhmeate	bânhchénhômtĕ
2332	ព្រឹត្តិបត្រ	282	1	pretebat	prœ̆tdĕbâtr
2333	ព្រះអម្ចាស់	282	1	preahomchah	preăh'âmchăs
2334	គម្លាត	281	1	kumleat	kômléat
2335	ចំណីអាហារ	281	1	chomneyaha	châmnei'ahar
2336	ដឹងទេ	281	1	dengte	dœ̆ngté
2337	ទូរស័ព្ទដៃ	281	1	tureasapday	tursăptôdai
2338	ធ្វើបាប	281	1	thveubap	thveubab
2339	បេតិកភណ្ឌ	281	1	petekaphoan	bétĕkphônd
2340	សង្ខេប	281	1	songkhaep	sângkhéb
2341	ជម្រុះ	280	1	chumruh	chômrŭh
2342	តូ	280	1	tou	to
2343	និពន្ធ	280	1	nipun	nĭpônth
2344	យុវវ័យ	280	1	yuveavey	yŭvvoăy
2345	លឺ	280	1	leu	lœ
2346	ក្រពះ	279	1	kropeah	krâpeăh
2347	ងូត	279	1	ngut	ngut
2348	ចម្រើន	279	1	chomraeun	châmreun
2349	ទីបី	279	1	tibey	tibei
2350	វ៉ាត់	279	1	vat	văt
2351	គយ	278	1	koy	kôy
2352	តួអង្គ	278	1	tuoong	tuŏ'ângk
2353	សត្រូវ	278	1	satrev	sâtruv
2354	សន្ទុះ	278	1	sontuh	sântŭh
2355	អប្បបរមា	278	1	apaparama	'âbbâbrôméa
2356	ផ្ទុះឡើង	277	1	phtuhlaeung	phtŭhlaeung
2357	ពិសា	277	1	pisa	pĭsa
2358	រយៈ	277	1	royea	rôyeă
2359	ចង្កូត	276	1	chongkout	chângkot
2360	ចំហៀង	276	1	chomhieng	châmhiĕng
2361	ដាវ	276	1	dav	dav
2362	តោះ	276	1	toh	taôh
2363	ផ្តាំផ្ញើ	276	1	phdampnhaeu	phdămphnhaeu
2364	វាស់	276	1	voah	voăs
2365	វិន័យ	276	1	viney	vĭnoăy
2366	វេន	276	1	ven	vén
2367	សាប៊ូ	276	1	sabu	sabu
2368	ស្វា	276	1	sva	sva
2369	គុណសម្បត្តិ	275	1	kunsombat	kŭnsâmbâtdĕ
2370	ជ្រាលជ្រៅ	275	1	chrealchrov	chréalchrŏu
2371	ថ	275	1	thor	thâ
2372	ទាត់	275	1	toat	toăt
2373	ផ្ញើសារ	275	1	phnhaeusa	phnhaeusar
2374	ហាត់	275	1	hat	hăt
2375	អឺរ៉ូ	275	1	eurou	œro
2376	ឯកអគ្គរដ្ឋទូត	275	1	aekakearoatthatut	êk'âkkôrdthâtut
2377	ចក្ខុវិស័យ	274	1	chakkhovisay	châkkhŏvĭsăy
2378	ទំនាស់	274	1	tumnoah	tumnoăs
2379	ពរ	274	1	por	pôr
2380	វេចខ្ចប់	274	1	vechkchop	véchkhcháb
2381	សរ	274	1	sor	sâr
2382	ឃ្លា	273	1	khlea	khléa
2383	ចេញចូល	273	1	chenhchoul	chénhchol
2384	ភូមា	273	1	phumea	phuméa
2385	ស្ថេរភាព	273	1	stherapheap	sthérphéap
2386	ស្លាប	273	1	slap	slab
2387	កុសល	272	1	kosol	kŏsâl
2388	ទ្រាំ	272	1	troam	trŏâm
2389	វាស់វែង	272	1	voahvaeng	voăsvêng
2390	សមាសធាតុ	272	1	samasatheat	sâméasthéatŏ
2391	អាកាសយានដ្ឋាន	272	1	akahsayeanatthan	akasyéandthan
2392	ខេម	271	1	khem	khém
2393	ជ្រុង	271	1	chrung	chrŭng
2394	ពពួក	271	1	popuok	pôpuŏk
2395	សុខចិត្ត	271	1	sokchet	sŏkhchĕtt
2396	អនុគ្រោះ	271	1	anukruoh	'ânŭkrŏăh
2397	កាលបរិច្ឆេទ	270	1	kalparechchhaet	kalôbrĭchchhét
2398	នាគ	270	1	neak	néak
2399	ប្រញាប់	270	1	pronhap	prânhoăb
2400	ម្ហូបអាហារ	270	1	mhoupaha	mhob'ahar
2401	សាំង	270	1	sang	săng
2402	អាសន្ន	270	1	ason	asânn
2403	គប្បី	269	1	koabey	kôbbei
2404	ពាក្យថា	269	1	peaktha	péakyôtha
2405	ពូ	269	1	pu	pu
2406	រំ	269	1	rum	rum
2407	លឹម	269	1	lem	lœ̆m
2408	សាមគ្គី	269	1	samaki	samôkki
2409	សំរេច	269	1	somrach	sâmréch
2410	ទប់	268	1	tup	tób
2411	ទីស្តីការ	268	1	tisdeyka	tisdeikar
2412	ធានារ៉ាប់រង	268	1	theanearaprong	théanéarăbrông
2413	ផេក	268	1	phek	phék
2414	សំលេង	268	1	somleng	sâmléng
2415	កាត់ដេរ	267	1	katde	kătdér
2416	ខ្សែក្រវាត់	267	1	khsaekrorvat	khsêkrôvoăt
2417	ទាក់ទិន	267	1	teakten	teăktĭn
2418	យោងទៅតាម	267	1	youngtovtam	yoŭngtŏutam
2419	ស្នូល	267	1	snoul	snol
2420	អាកាសចរណ៍	267	1	akahsachor	akasâchrôn
2421	ឆាយ	266	1	chhay	chhay
2422	នឹកស្មាន	266	1	neksman	nœ̆ksman
2423	នូ	266	1	nu	nu
2424	បកប្រែ	266	1	bokprae	bâkprê
2425	រលោង	266	1	roloung	rôloŭng
2426	វ៉ៃ	266	1	vay	vai
2427	ស៊ីជម្រៅ	266	1	sichumrov	sichmrŏu
2428	ហែលទឹក	266	1	haeltek	hêltœ̆k
2429	អាហ្វហ្គានីស្ថាន	266	1	afganisthan	ahvôhkéanisthan
2430	គម្ពីរ	265	1	kumpi	kômpir
2431	ដំរី	265	1	domrey	dâmri
2432	រយះ	265	1	royeah	rôyeăh
2433	អត្ថាធិប្បាយ	265	1	atthathibay	'âtthathĭbbay
2434	ខកចិត្ត	264	1	khokchet	khâkchĕtt
2435	ថែម	264	1	thaem	thêm
2436	យួន	264	1	yuon	yuŏn
2437	រើសអើង	264	1	reuhaeung	reus'aeung
2438	សម្ព័ន្ធមិត្ត	264	1	sompoantheamet	sâmpoănthômĭtt
2439	ស្រមៃ	264	1	sromay	srâmey
2440	គីឡូ	263	1	kilou	kilo
2441	ទាន	263	1	tean	téan
2442	បេ	263	1	be	bé
2443	យ៉ាងម៉េច	263	1	yangmech	yangméch
2444	សំអាត	263	1	somat	sâm'at
2445	ហេ	263	1	he	hé
2446	អាយុជីវិត	263	1	ayuchivet	ayŭchivĭt
2447	ទាន់សម័យ	262	1	toansamay	toănsâmoăy
2448	ស៊ុន	262	1	sun	sŭn
2449	កប់	261	1	kop	káb
2450	ដំ	261	1	dom	dâm
2451	បទសម្ភាសន៍	261	1	botsompheah	bâtsâmphéasân
2452	បុត្រ	261	1	bot	bŏtr
2453	មតិយោបល់	261	1	meateyoubol	môtĕyoŭbál
2454	វិធាន	261	1	vithean	vĭthéan
2455	សកលលោក	261	1	sakolouk	sâklôloŭk
2456	អធិបតី	261	1	athepadey	'âthĭbtei
2457	ក្តីសង្ឃឹម	260	1	kdeysongkhem	kdeisngkhœ̆m
2458	ជលផល	260	1	chuleaphol	chôlphâl
2459	ពិគ្រោះយោបល់	260	1	pikruohyoubol	pĭkrŏăhyoŭbál
2460	របង	260	1	robong	rôbâng
2461	ល្បាត	260	1	lbat	lbat
2462	អូរ	260	1	ou	or
2463	កងយោធពល	259	1	kongyoutheapul	kângyoŭthpôl
2464	សុខសន្តិភាព	259	1	soksontepheap	sŏkhsântĕphéap
2465	ហង្ស	259	1	hong	hângs
2466	អើយ	259	1	aeuy	aeuy
2467	មាតុភូមិ	258	1	meatophum	méatŏphumĭ
2468	យោគយល់	258	1	youkyul	yoŭkyól
2469	រាយ	258	1	reay	réay
2470	សមយុទ្ធ	258	1	somyut	sâmyŭtth
2471	ធនធានទឹក	257	1	thuntheantek	thônthéantœ̆k
2472	ភេរវកម្ម	257	1	phereaveakam	phérôvkâmm
2473	រំលោភបំពាន	257	1	rumloubompean	rumloŭphbâmpéan
2474	ក្លាហាន	256	1	klahan	klahan
2475	គួច	256	1	kuoch	kuŏch
2476	ដ្បិត	256	1	tbet	dbĕt
2477	ពពក	256	1	popok	pôpôk
2478	មេឃ	256	1	mek	mékh
2479	ឃួង	255	1	khuong	khuŏng
2480	ចោមចៅ	255	1	chaomchav	chaômchau
2481	តំលៃ	255	1	domlay	tâmley
2482	រង្វង់	255	1	rungvung	rôngvóng
2483	អិល	255	1	el	ĕl
2484	តទៅទៀត	254	1	tortovtiet	tâtŏutiĕt
2485	ព្រលាន	254	1	prolean	prôléan
2486	សូម្បី	254	1	soumbey	sombei
2487	ស្ថានីយ៍	254	1	sthani	sthaniy
2488	ឆ្លៀត	253	1	chhliet	chhliĕt
2489	ទស្សនាវដ្តី	253	1	tuohsanavoatdey	tôssânéavddei
2490	ប្លុក	253	1	blok	plŏk
2491	ពូទីន	253	1	putin	putin
2492	ពូល	253	1	pul	pul
2493	រន្ធត់	253	1	runthut	rônthót
2494	អត់ធ្មត់	253	1	otmut	'átthmót
2495	ឧក្រិដ្ឋកម្ម	253	1	ukretthakam	ŏkrĕdthâkâmm
2496	កំលាំង	252	1	komlang	kâmleăng
2497	កំឡុងពេល	252	1	komlongpel	kâmlŏngpél
2498	ច្រមុះ	252	1	chromoh	chrâmŭh
2499	បញ្ចាំង	252	1	banhchang	bânhchăng
2500	សិប្បកម្ម	252	1	sepakam	sĕbbâkâmm
2501	កិត្តិព្រឹទ្ធបណ្ឌិត	251	1	ketepretbondet	kĕtdĕprœ̆tthôbndĭt
2502	កេស	251	1	keh	kés
2503	ជាតិសាសន៍	251	1	cheatsah	chéatĕsasân
2504	ម៉េច	251	1	mech	méch
2505	រឹតតែ	251	1	retae	rœ̆ttê
2506	សួនច្បារ	251	1	suonchba	suŏnchbar
2507	ស៊ាំ	251	1	soam	sŏâm
2508	ហូ	251	1	hou	ho
2509	ឧបាសិកា	251	1	ubaseka	ŏbasĕka
2510	ចាត់ចែង	250	1	chatchaeng	chătchêng
2511	ផ្ទៀងផ្ទាត់	250	1	phtiengptoat	phtiĕngphtoăt
2512	ពាក្យសម្តី	250	1	peaksomdey	péakyôsmdei
2513	រោច	250	1	rouch	roŭch
2514	សួត	250	1	suot	suŏt
2515	អំ	250	1	om	'âm
2516	កំលោះ	249	1	komloh	kâmlŏăh
2517	ក្បត់	249	1	kbot	kbát
2518	បេក្ខភាព	249	1	paekkhapheap	békkhâphéap
2519	ព្យុះ	249	1	pyuh	pyŭh
2520	អ្នកឧកញ៉ា	249	1	neakoknha	'nâkŏknha
2521	កែប	248	1	kaep	kêb
2522	បន្លាស់	248	1	bonlah	bânloăs
2523	បិសាច	248	1	beysach	bĕsach
2524	ប៉ុណ្ណា	248	1	pona	pŏnna
2525	ភ្ញាក់	248	1	phnheak	phnheăk
2526	ម៉ូ	248	1	mou	mo
2527	កោះហៅ	247	1	kohav	kaôhhau
2528	ទេព	247	1	tep	tép
2529	បន្តិចបន្តួច	247	1	bontechbontuoch	bântĕchbântuŏch
2530	វិនាទី	247	1	vineati	vĭnéati
2531	សុន្ទរកថា	247	1	sonteareakatha	sŏntôrkâtha
2532	អបអរ	247	1	opor	'âb'âr
2533	ដូនពេញ	246	1	dounpenh	donpénh
2534	ទៅមើល	246	1	tovmeul	tŏumeul
2535	ប៉ុនប៉ង	246	1	ponpong	pŏnpâng
2536	គម	245	1	kom	kôm
2537	ឆ្នាំង	245	1	chhnang	chhnăng
2538	តោ	245	1	tao	taô
2539	ទទឹង	245	1	toteng	tôtœ̆ng
2540	បូជា	245	1	bouchea	bochéa
2541	ផ្តាសាយ	245	1	phdasay	phdasay
2542	សៅ	245	1	sav	sau
2543	អាសនៈ	245	1	asana	asneă
2544	ចរិត	244	1	charet	chârĭt
2545	ច្រឡំ	244	1	chrolom	chrâlâm
2546	ទៀន	244	1	tien	tiĕn
2547	ឡាយ	244	1	lay	lay
2548	ជឿនលឿន	243	1	cheunleun	chœănlœăn
2549	ដើរតួ	243	1	daeutuo	daeurtuŏ
2550	ប្រូតេអ៊ីន	243	1	proutein	proté'in
2551	ផ្សាយផ្ទាល់	243	1	phsayptoal	phsayphtoăl
2552	ពិពណ៌នា	243	1	pipoareanea	pĭpôrnnéa
2553	ភ្លៀងធ្លាក់	243	1	phliengtleak	phliĕngthleăk
2554	ម្តុំ	243	1	mdom	mdom
2555	ល្មម	243	1	lmom	lmôm
2556	កង្វល់	242	1	kongvol	kângvól
2557	ចីរភាព	242	1	chereapheap	cheirphéap
2558	ច្រកទ្វារ	242	1	chroktvea	chrâktvéar
2559	ទ្រទ្រង់	242	1	trotrung	trôtróng
2560	ផ្សា	242	1	phsa	phsa
2561	ព្យួរ	242	1	pyuo	pyuŏr
2562	វិទ្យា	242	1	vityea	vĭtyéa
2563	ឡេ	242	1	le	lé
2564	គត់	241	1	kut	kót
2565	ត្រកូល	241	1	trokoul	trâkol
2566	បទដ្ឋាន	241	1	botthan	bâtdthan
2567	យោង	241	1	young	yoŭng
2568	កាលៈទេសៈ	240	1	kalatesa	kaleătésă
2569	ជំពាក់	240	1	chumpeak	chumpeăk
2570	ផលវិបាក	240	1	pholvibak	phâlvĭbak
2571	លក្ខណៈសម្បត្តិ	240	1	leakkhanasombat	lôkkhânăsâmbâtdĕ
2572	ស្មៅ	240	1	smav	smau
2573	ថ្លៃថ្នូរ	239	1	thlaytnou	thlaithnor
2574	របាំង	239	1	robang	rôbăng
2575	ជំនួយការ	238	1	chumnuoyka	chumnuŏykar
2576	ម៉ាស	238	1	mah	mas
2577	យេស៊ូវ	238	1	yesuv	yésuv
2578	រស្មី	238	1	reasmey	rôsmi
2579	សំណល់	238	1	somnol	sâmnál
2580	ក្រែម	237	1	kraem	krêm
2581	ទាល់តែសោះ	237	1	toaltaesoh	toăltêsaôh
2582	ប្រសាទ	237	1	prosat	prâsat
2583	ពិគ្រោះ	237	1	pikruoh	pĭkrŏăh
2584	ម៉ែន	237	1	maen	mên
2585	យ៉ាងណាក្តី	237	1	yangnakdey	yangnakdei
2586	រិទ្ធ	237	1	ret	rĭtth
2587	លង់	237	1	lung	lóng
2588	សម្បទាន	237	1	sampatean	sâmbâtéan
2589	ស្លៀក	237	1	sliek	sliĕk
2590	ហ្វូង	237	1	voung	hvong
2591	គ្រឿងផ្សំ	236	1	kreungpsom	krœăngphsâm
2592	ច្រើនតែ	236	1	chraeuntae	chraeuntê
2593	ជ័រ	236	1	choa	choăr
2594	តុល្យភាព	236	1	tolyapheap	tŏlyôphéap
2595	ថ្នាំញៀន	236	1	thnamnhien	thnămnhiĕn
2596	បូព៌ា	236	1	boupea	bopéar
2597	ខាត	235	1	khat	khat
2598	ទួលគោក	235	1	tuolkouk	tuŏlkoŭk
2599	រឹតបន្តឹង	235	1	retbonteng	rœ̆tbântœ̆ng
2600	វេ	235	1	ve	vé
2601	វ៉ាន់	235	1	van	văn
2602	សមាធិ	235	1	samathi	sâméathĭ
2603	ស្រមោល	235	1	sromaol	srâmoŭl
2604	អាហារូបករណ៍	235	1	aharupakor	aharubâkrôn
2605	ឆ្មា	234	1	chhma	chhma
2606	ជាមន្ត្រី	234	1	cheamuntrey	chéamntrei
2607	ផ្អែមល្ហែម	234	1	phaemlhaem	ph'êmlhêm
2608	រដ្ឋប្រហារ	234	1	roatproha	rôdthâbrôhar
2609	រុក្ខាប្រមាញ់	234	1	rukkhapromanh	rŭkkhabrômoănh
2610	អវកាស	234	1	aveakah	'âvkas
2611	អេដស៍	234	1	et	édâs
2612	កខ្វក់	233	1	kokvok	kâkhvók
2613	ប៉ាគីស្ថាន	233	1	pakisthan	pakisthan
2614	ផ្តើម	233	1	phdaeum	phdaeum
2615	សាល	233	1	sal	sal
2616	ស្ងាត់	233	1	sngat	sngăt
2617	ស្ទីល	233	1	stil	stil
2618	ការនាំចូល	232	1	kanoamchoul	karnŏâmchol
2619	ខ្វល់	232	1	khvol	khvál
2620	ឆ្លាត	232	1	chhlat	chhlat
2621	សង្គ្រោះបន្ទាន់	232	1	songkruohbontoan	sângkrŏăhbântoăn
2622	សន្លាក់	232	1	sonlak	sânleăk
2623	សរីរាង្គ	232	1	sareyreang	sâriréangk
2624	ភិក្ខុ	231	1	phikkho	phĭkkhŏ
2625	លាមក	231	1	leamuok	léamôk
2626	សុភាព	231	1	sopheap	sŏphéap
2627	អាមេរិកាំង	231	1	amerikang	amérĭkăng
2628	អ៊ីនធឺ	231	1	intheu	inthœ
2629	ឥស្លាម	231	1	ehslam	ĕslam
2630	ក្រោក	230	1	kraok	kraôk
2631	ឆ្ងល់	230	1	chhngol	chhngál
2632	ជំ	230	1	chum	chum
2633	ដង្កោ	230	1	dongkao	dângkaô
2634	តាខ្មៅ	230	1	takmav	takhmau
2635	ពូជសាសន៍	230	1	puchsah	puchsasân
2636	សង្វាក់	230	1	songvak	sângveăk
2637	ហុងដា	230	1	hongda	hŏngda
2638	ចំណាក	229	1	chomnak	châmnak
2639	ទូរគមនាគមន៍	229	1	tureakeameaneakum	turkômnéakmôn
2640	ទំនេរ	229	1	tumne	tumnér
2641	បង្អែក	229	1	bongaek	bâng'êk
2642	ប្រណិត	229	1	pronet	prânĕt
2643	ផា	229	1	pha	pha
2644	សំបក	229	1	sombok	sâmbâk
2645	ឥណ្ឌូណេស៊ី	229	1	endunesi	ĕndunési
2646	គន្លង	228	1	kunlong	kônlông
2647	ជំទាស់	228	1	chumtoah	chumtoăs
2648	បត់បែន	228	1	botbaen	bátbên
2649	បំផុស	228	1	bomphoh	bâmphŏs
2650	ព្យាករណ៍	228	1	pyeakor	pyéakrôn
2651	សម្បុរ	228	1	sombol	sâmbŏr
2652	សុំទោស	228	1	somtouh	somtoŭs
2653	ជួន	227	1	chuon	chuŏn
2654	ធុរកិច្ច	227	1	thureakech	thŭrkĕchch
2655	បង្អួច	227	1	bonguoch	bâng'uŏch
2656	បំរើ	227	1	bomraeu	bâmreu
2657	ប្រា	227	1	pra	pra
2658	មុខតំណែង	227	1	mukdomnaeng	mŭkhtâmnêng
2659	រំឭក	227	1	rumlek	rumlœ̆k
2660	សមាជិកសភា	227	1	samacheksaphea	sâméachĭkâsphéa
2661	សមាសភាព	227	1	samasapheap	sâméasphéap
2662	សុំការ	227	1	somka	somkar
2663	សេចក្តីសុខ	227	1	sechkdeysok	séchkdeisŏkh
2664	សំដែង	227	1	somdaeng	sâmdêng
2665	អាយុកាល	227	1	ayukal	ayŭkal
2666	អ៊ីរ៉ាក់	227	1	irak	irăk
2667	កំប៉ុង	226	1	kompong	kâmpŏng
2668	ដឹងច្បាស់	226	1	dengchbah	dœ̆ngchbăs
2669	បឋមសិក្សា	226	1	pathomaseksa	bâthmôsĕksa
2670	លេប	226	1	lep	léb
2671	ស្រក	226	1	srok	srâk
2672	អាវុធហត្ថ	226	1	avuthat	avŭthhâtth
2673	ខ្លាំងពេក	225	1	khlangpek	khlăngpék
2674	ច្រានចោល	225	1	chranchaol	chranchaôl
2675	ឈប់សម្រាក	225	1	chhupsomrak	chhóbsâmréak
2676	បែកធ្លាយ	225	1	baektleay	bêkthléay
2677	ផ្តួល	225	1	phduol	phduŏl
2678	ពន្លឿន	225	1	punleun	pônlœăn
2679	រទេះ	225	1	roteh	rôtéh
2680	លែងលះ	225	1	laengleah	lêngleăh
2681	សេនា	225	1	sena	sénéa
2682	ស្តើង	225	1	sdaeung	sdaeung
2683	អត្តពលិក	225	1	atapulek	'âtdâplĭk
2684	កម្មការិនី	224	1	kamakarini	kâmmôkarĭni
2685	កាលណា	224	1	kalna	kalna
2686	ចូ	224	1	chou	cho
2687	ជេរ	224	1	che	chér
2688	ឈ្លានពាន	224	1	chhleanpean	chhléanpéan
2689	បង់ពន្ធ	224	1	bongpun	bángpônth
2690	អនុស្សាវរីយ៍	224	1	anusavri	'ânŭssavriy
2691	គណៈរដ្ឋមន្ត្រី	223	1	keanaroatmuntrey	kônărôdthâmntrei
2692	គ្រង	223	1	krong	krông
2693	ជួនកាល	223	1	chuonkal	chuŏnkal
2694	ដំឡូង	223	1	domloung	dâmlong
2695	សុន	223	1	son	sŏn
2696	ចំណាំ	222	1	chomnam	châmnăm
2697	ជល់	222	1	chul	chól
2698	បែរ	222	1	bae	bêr
2699	ផ្តាច់មុខ	222	1	phdachmuk	phdăchmŭkh
2700	សាមគ្គីភាព	222	1	sameakipheap	samôkkiphéap
2701	ស្មា	222	1	sma	sma
2702	ខ្លា	221	1	khla	khla
2703	ចម្លាក់	221	1	chomlak	châmleăk
2704	ច្បារអំពៅ	221	1	chbaompov	chbar'âmpŏu
2705	ញុះញង់	221	1	nhuhnhung	nhŭhnhóng
2706	ដុស	221	1	doh	dŏs
2707	ដើមកំណើត	221	1	daeumkomnaeut	daeumkâmnaeut
2708	ធាត់	221	1	thoat	thoăt
2709	នាឡិកា	221	1	nealeka	néalĕka
2710	បដិវត្តន៍	221	1	padevoat	bâdĕvôtdân
2711	បំពុល	221	1	bompul	bâmpŭl
2712	សម្រក	221	1	somrok	sâmrôk
2713	ជើងទឹក	220	1	cheungtek	cheungtœ̆k
2714	ផ្លាក	220	1	phlak	phlak
2715	ផ្សារភ្ជាប់	220	1	phsapchoap	phsarphchoăb
2716	មើលថែ	220	1	meulthae	meulthê
2717	សហគ្រិន	220	1	sahakren	sâhkrĭn
2718	អ័រម៉ូន	220	1	oamoun	'ărmon
2719	ឃាតកម្ម	219	1	kheatakam	khéatkâmm
2720	ចំណាត់ការ	219	1	chomnatka	châmnătkar
2721	បំណែក	219	1	bomnaek	bâmnêk
2722	មួក	219	1	muok	muŏk
2723	រលាយ	219	1	roleay	rôléay
2724	លាងសម្អាត	219	1	leangsomat	léangsâm'at
2725	វិវត្ត	219	1	vivoat	vĭvôtt
2726	ដោះដូរ	218	1	dohdou	daôhdor
2727	អាកប្បកិរិយា	218	1	akapakereya	akâbbâkĕrĭyéa
2728	គល់	217	1	kul	kól
2729	ប្រឹង	217	1	preng	prœ̆ng
2730	រ័ត្ន	217	1	roat	roătn
2731	ហិរញ្ញប្បទាន	217	1	heranhpatean	hĕrônhnhôbbâtéan
2732	ហុង	217	1	hong	hŏng
2733	ឡី	217	1	ley	lei
2734	អាស៊ីត	217	1	asit	asit
2735	ដេញថ្លៃ	216	1	denhtlay	dénhthlai
2736	បរិបទ	216	1	parebot	bârĭbât
2737	បើទោះបី	216	1	baeutuohbey	baeutŏăhbei
2738	ពន្ធដារ	216	1	punda	pônthôdar
2739	រូ	216	1	ru	ru
2740	កន្សែង	215	1	konsaeng	kânsêng
2741	ខោអាវ	215	1	khaoav	khaô'av
2742	គ្រាន់	215	1	kroan	kroăn
2743	បំប្លែង	215	1	bomplaeng	bâmplêng
2744	ម៉ាត់	215	1	mat	măt
2745	វាយលុក	215	1	veayluk	véaylŭk
2746	សង្កត់	215	1	songkot	sângkát
2747	សិរី	215	1	seri	sĕri
2748	ឆាបឆេះ	214	1	chhapchheh	chhabchhéh
2749	ជប់លៀង	214	1	chuplieng	chóbliĕng
2750	ប្រើថ្នាំ	214	1	praeutnam	praeuthnăm
2751	លើកស្ទួយ	214	1	leukstuoy	leukstuŏy
2752	សម្បូរបែប	214	1	somboubaep	sâmborbêb
2753	ស្តាយ	214	1	sday	sday
2754	ហ្វេន	214	1	fen	hvén
2755	កែម	213	1	kaem	kêm
2756	ត្រីមាស	213	1	treymeah	treiméas
2757	ទីបញ្ចប់	213	1	tibonhchop	tibnhcháb
2758	សេះ	213	1	seh	séh
2759	ស្រង់	213	1	srong	sráng
2760	អ៊ូ	213	1	u	u
2761	កម្រាល	212	1	komral	kâmréal
2762	ឈ្លោះ	212	1	chhluoh	chhlŏăh
2763	ត្នោត	212	1	tnaot	tnaôt
2764	ថ្កោលទោស	212	1	thkaoltouh	thkaôltoŭs
2765	លិង្គ	212	1	leng	lĭngk
2766	សំលៀក	212	1	somliek	sâmliĕk
2767	ឧត្តរមានជ័យ	212	1	utdormeanchey	ŏtdârméanchoăy
2768	កត់ត្រា	211	1	kotra	káttra
2769	កាដូ	211	1	kadou	kado
2770	ការ៉េ	211	1	kare	karé
2771	ជ័យជំនះ	211	1	cheychumneah	choăychumneăh
2772	ថយ	211	1	thoy	thây
2773	ថ្ងៃត្រង់	211	1	thngaytrong	thngaitróng
2774	ទទូច	211	1	totuch	tôtuch
2775	និស្ស័យ	211	1	nihsay	nĭssăy
2776	ផុស	211	1	phoh	phŏs
2777	រេ	211	1	re	ré
2778	សាហាវ	211	1	sahav	sahav
2779	ចំការមន	210	1	chomkamon	châmkarmôn
2780	ទេស	210	1	teh	tés
2781	ប្រល័យ	210	1	prolay	prâloăy
2782	ប្រាជ្ញា	210	1	prachnha	prachnhéa
2783	ប្រាស្រ័យ	210	1	prasray	prasrăy
2784	ពា	210	1	pea	péa
2785	សម្ផស្ស	210	1	somphoah	sâmphâss
2786	កកស្ទះ	209	1	koksteah	kâksteăh
2787	ដង្ហែ	209	1	donghae	dânghê
2788	ដើរលេង	209	1	daeuleng	daeurléng
2789	បាប	209	1	bap	bab
2790	ពង្រាយ	209	1	pungreay	pôngréay
2791	លំនៅឋាន	209	1	lumnovthan	lumnŏuthan
2792	ឫ	209	1	re	rœ̆
2793	កម្ទេច	208	1	komtech	kâmtéch
2794	ទ្រី	208	1	tri	tri
2795	នោម	208	1	noum	noŭm
2796	ប្រចាំខែ	208	1	prochamkhae	prâchămkhê
2797	ប្រទាន	208	1	protean	prâtéan
2798	ផ្តាច់ការ	208	1	phdachka	phdăchkar
2799	មង្គលការ	208	1	mungkulka	môngkôlkar
2800	មេឃុំ	208	1	mekhum	mékhŭm
2801	លំនាំ	208	1	lumnoam	lumnŏâm
2802	សេនីយ៍ឯក	208	1	seneyaek	séniyêk
2803	អគ្គស្នងការ	208	1	akeasnongka	'âkkôsnôngkar
2804	ក្រាស់	207	1	krah	krăs
2805	អយ្យការ	207	1	ayaka	'âyyôkar
2806	ឥរិយាបថ	207	1	ereyabot	ĕrĭyéabâth
2807	ឧតុនិយម	207	1	utoniyum	ŏtŏnĭyôm
2808	ក្រមុំ	206	1	kromom	krâmŭm
2809	ជាប់ចោទ	206	1	choapchaot	choăbchaôt
2810	ណូ	206	1	nou	no
2811	ទំងន់	206	1	tumngun	tumngón
2812	ទ្រឹស្តី	206	1	trehsdey	trœ̆sdei
2813	បន្លំ	206	1	bonlom	bânlum
2814	ប្រសិនជា	206	1	prosenchea	prâsĕnchéa
2815	យុគសម័យ	206	1	yuksamay	yŭkôsmoăy
2816	រ៉ានី	206	1	rani	rani
2817	ល្អណាស់	206	1	lornah	l'ânăs
2818	សូត្រ	206	1	sout	sotr
2819	គាំពារ	205	1	koampea	kŏâmpéar
2820	ដប់	205	1	dop	dáb
2821	ទន្លេសាប	205	1	tunlesap	tônlésab
2822	ទូច	205	1	tuch	tuch
2823	ធា	205	1	thea	théa
2824	ផឹកស៊ី	205	1	pheksi	phœ̆ksi
2825	ផែនទី	205	1	phaenti	phênti
2826	ព្រំ	205	1	prum	prum
2827	មកម្ល៉េះ	205	1	mokmleh	môkmléh
2828	រកា	205	1	roka	rôka
2829	រឹបអូស	205	1	repouh	rœ̆b'os
2830	វិនិច្ឆ័យ	205	1	vinichchhay	vĭnĭchchhăy
2831	ឡ	205	1	lor	lâ
2832	តម្កល់	204	1	domkol	tâmkál
2833	ទីណា	204	1	tina	tina
2834	ព្រះពុទ្ធ	204	1	preahput	preăhpŭtth
2835	រំលែក	204	1	rumlaek	rumlêk
2836	រះ	204	1	reah	reăh
2837	សាស្ត្រ	204	1	sah	sastr
2838	ស្រាបៀរ	204	1	srabie	srabiĕr
2839	អកុសល	204	1	akosol	'âkŏsâl
2840	អាណាព្យាបាល	204	1	anapyeabal	anapyéabal
2841	ទីប្រជុំជន	203	1	tiprochumchun	tibrôchŭmchôn
2842	បំប៉ន	203	1	bompon	bâmpân
2843	ផ្ទៃមុខ	203	1	phteymuk	phteymŭkh
2844	អ៊ុក	203	1	uk	ŭk
2845	ក្រពេញ	202	1	kropenh	krâpénh
2846	និទាន	202	1	nitean	nĭtéan
2847	បវរកញ្ញា	202	1	bovorkanha	bâvrôkânhnhéa
2848	បៃ	202	1	bay	bai
2849	សាក់	202	1	sak	săk
2850	ស័ក្តិ	202	1	sak	săkdĕ
2851	អតិបរមា	202	1	ateparama	'âtĕbârméa
2852	ជើងចាស់	201	1	cheungchah	cheungchăs
2853	បាតុករ	201	1	patokor	batŏkâr
2854	មីង	201	1	ming	ming
2855	ស្ថិតិ	201	1	sthete	sthĕtĕ
2856	ស្បូន	201	1	sboun	sbon
2857	កុរ	200	1	kol	kŏr
2858	ឃាត	200	1	kheat	khéat
2859	ទិដ្ឋាការ	200	1	tetthaka	tĭdthakar
2860	ប្រកាន់ខ្ជាប់	200	1	prokankchoap	prâkănkhchoăb
2861	សីលធម៌	200	1	selathoa	seilthôrm
2862	ខាំ	199	1	kham	khăm
2863	ខេ	199	1	khe	khé
2864	ខេមបូឌា	199	1	khemboudea	khémbodéa
2865	តី	199	1	tey	tei
2866	ទូត	199	1	tut	tut
2867	បោកប្រាស់	199	1	baokprah	baôkprăs
2868	ផ្អែម	199	1	phaem	ph'êm
2869	ព្រៃឡង់	199	1	preylong	preyláng
2870	រាម	199	1	ream	réam
2871	អង្គរវត្ត	199	1	ongkorvoat	'ângkôrvôtt
2872	អត្តឃាត	199	1	atakheat	'âtdâkhéat
2873	កុន	198	1	kon	kŏn
2874	ក្បាច់	198	1	kbach	kbăch
2875	ដូង	198	1	doung	dong
2876	ដំបូន្មាន	198	1	dombounmean	dâmbonméan
2877	ពស់	198	1	puoh	pós
2878	មាតា	198	1	meada	méata
2879	មុខសញ្ញា	198	1	muksanha	mŭkhsânhnhéa
2880	ស៊ិន	198	1	sen	sĭn
2881	កែទម្រង់	197	1	kaetumrung	kêtmróng
2882	បណ្ណាល័យ	197	1	bonalay	bânnaloăy
2883	ផ្អើល	197	1	phaeul	ph'aeul
2884	វីឡា	197	1	vila	vila
2885	ដើមទុន	196	1	daeumtun	daeumtŭn
2886	ពុំទាន់	196	1	pumtoan	pŭmtoăn
2887	វិសោធនកម្ម	196	1	visaotheaneakam	vĭsaôthônkâmm
2888	សីហនុ	196	1	seyhanu	seihnŭ
2889	អេហ្ស៊ីប	196	1	ezip	éhsib
2890	ឳ	196	1	av	au
2891	កម្រៃ	195	1	komray	kâmrey
2892	ភ្ជុំបិណ្ឌ	195	1	phchumben	phchŭmbĕnd
2893	រមាស់	195	1	romoah	rômoăs
2894	រុះរើ	195	1	ruhreu	rŭhreu
2895	ល្វែង	195	1	lvaeng	lvêng
2896	វិជ្ជា	195	1	vechea	vĭchchéa
2897	សិចស៊ី	195	1	sechsi	sĕchsi
2898	ហ្សា	195	1	za	hsa
2899	កប៉ាល់	194	1	kapal	kâpăl
2900	គេហដ្ឋាន	194	1	kehathan	kéhdthan
2901	ភូមិភាគ	194	1	phumpheak	phumĭphéak
2902	ហូឡង់	194	1	houlong	holáng
2903	គណនា	193	1	keananea	kônnéa
2904	ជណ្តើរ	193	1	chundaeu	chôndaeur
2905	ដូរ	193	1	dou	dor
2906	បែបបទ	193	1	baebot	bêbbât
2907	ម៉ាស្សា	193	1	masa	massa
2908	យាយ	193	1	yeay	yéay
2909	សប្បុរសធម៌	193	1	soborohsathoa	sâbbŏrôsthôrm
2910	សេតវិមាន	193	1	setavimean	sétvĭméan
2911	សេសសល់	193	1	sehsol	séssál
2912	អាចារ្យ	193	1	acha	achary
2913	ខុន	192	1	khon	khŏn
2914	ខុនដូ	192	1	khondou	khŏndo
2915	ខ្មោច	192	1	khmaoch	khmaôch
2916	ជាក់	192	1	cheak	cheăk
2917	តាលីបង់	192	1	talibong	talibáng
2918	បណ្ណ	192	1	ban	bânn
2919	បណ្តុះ	192	1	bondoh	bândŏh
2920	បាក់តេរី	192	1	bakteri	băktéri
2921	បាល់ទះ	192	1	balteah	bălteăh
2922	ប្រាំពីរ	192	1	prampi	prămpir
2923	ពង	192	1	pong	pông
2924	រួបរួម	192	1	ruopruom	ruŏbruŏm
2925	សម្រុក	192	1	somrok	sâmrŭk
2926	សហការី	192	1	saharey	sâhkari
2927	សុពលភាព	192	1	sopuleapheap	sŏpôlphéap
2928	សេនីយ៍	192	1	seney	séniy
2929	ហិ	192	1	he	hĕ
2930	ហោ	192	1	hao	haô
2931	ប្រកែក	191	1	prokaek	prâkêk
2932	សាន់	191	1	san	săn
2933	សើច	191	1	saeuch	saeuch
2934	ឧស្សាហ៍	191	1	uhsa	ŏssah
2935	ចៀស	190	1	chieh	chiĕs
2936	ជ័យលាភី	190	1	cheyleaphi	choăyléaphi
2937	ថែ	190	1	thae	thê
2938	រុំ	190	1	rum	rŭm
2939	វារីអគ្គិសនី	190	1	veariakisani	véari'âkkĭsni
2940	អាវយឺត	190	1	avyeut	avyœt
2941	គំរោង	189	1	kumroung	kumroŭng
2942	ចង្ក្រាន	189	1	chongkran	chângkran
2943	មិនបាច់	189	1	menbach	mĭnbăch
2944	រួចផុត	189	1	ruochphot	ruŏchphŏt
2945	ក្រឡេកមើល	188	1	krolekmeul	krâlékmeul
2946	តម្រង់	188	1	domrong	tâmróng
2947	តម្លើង	188	1	domlaeung	tâmleung
2948	មមាញឹក	188	1	momeanhek	môméanhœ̆k
2949	ម្រាមដៃ	188	1	mreamday	mréamdai
2950	រើ	188	1	reu	reu
2951	ស្ទឹងមានជ័យ	188	1	stengmeanchey	stœ̆ngméanchoăy
2952	អគ្គីភ័យ	188	1	akiphey	'âkkiphoăy
2953	អ៊ីស្លាម	188	1	islam	islam
2954	ទាស់	187	1	toah	toăs
2955	ទូល	187	1	tul	tul
2956	ធូលី	187	1	thuli	thuli
2957	ប៉ាស៊ីហ្វិក	187	1	pasifek	pasihvĕk
2958	ពិសិដ្ឋ	187	1	piset	pĭsĕdth
2959	ភ្លោះ	187	1	phluoh	phlŏăh
2960	សង្គមកិច្ច	187	1	songkumokech	sângkômkĕchch
2961	ហ្វឹកហ្វឺន	187	1	vekveun	hvœ̆khvœn
2962	ច្នៃ	186	1	chnay	chnai
2963	ដកចេញ	186	1	dokchenh	dâkchénh
2964	យាន	186	1	yean	yéan
2965	អាសយដ្ឋាន	186	1	asayatthan	asyôdthan
2966	ក្រៀមក្រំ	185	1	kriemkrom	kriĕmkrâm
2967	គ្រីប	185	1	krip	krib
2968	ដិន	185	1	den	dĕn
2969	បញ្ចុះ	185	1	banhchoh	bânhchŏh
2970	ផ្តោតសំខាន់	185	1	phdaotsomkhan	phdaôtsâmkhăn
2971	ហ្វ	185	1	for	hvâ
2972	ក្រូច	184	1	krouch	kroch
2973	គ្លីនិក	184	1	klinik	klinĭk
2974	ប្រតិបត្តិករ	184	1	protebatkor	prâtĕbâtdĕkâr
2975	ផ្ទះបាយ	184	1	phteahbay	phteăhbay
2976	ភ័ក្តិ	184	1	pheak	phoăkdĕ
2977	ផ្លែផ្កា	183	1	phlaepka	phlêphka
2978	ព្រលឹង	183	1	proleng	prôlœ̆ng
2979	សង្ហា	183	1	songha	sângha
2980	សំណាក	183	1	somnak	sâmnak
2981	ឌុប	182	1	dup	dŭb
2982	ម៉ុង	182	1	mong	mŏng
2983	លីវ	182	1	liv	liv
2984	សិទ្ធិសេរីភាព	182	1	setsereypheap	sĕtthĭsériphéap
2985	សុខុន	182	1	sokhon	sŏkhŏn
2986	អាំង	182	1	ang	ăng
2987	ខា	181	1	kha	kha
2988	ដោយដៃ	181	1	daoyday	daôydai
2989	តាមពិតទៅ	181	1	tampetov	tampĭttŏu
2990	បូកសរុប	181	1	bouksarop	bokâsrŭb
2991	បួស	181	1	buoh	buŏs
2992	ភេ	181	1	phe	phé
2993	វង្ស	181	1	vung	vôngs
2994	ស្ត្រេស	181	1	streh	strés
2995	កុហក	180	1	kohok	kŏhâk
2996	ក្រុមប្រឹក្សាភិបាល	180	1	krompreksaphibal	krŏmprœ̆ksaphĭbal
2997	ក្រែង	180	1	kraeng	krêng
2998	ឆា	180	1	chha	chha
2999	ជាប់គាំង	180	1	choapkeang	choăbkeăng
3000	ឃ្លាន	156	1	khlean	khléan
3001	ឆ្កួត	110	1	chhkuot	chhkuŏt
3002	សួស្តី	88	1	suosdey	suŏsdei
3003	សុខសប្បាយ	73	1	soksabay	sŏkhsâbbay
3004	ចាស	47	1	chah	chas
3005	ប៉ាម៉ាក់	46	1	pamak	pamăk
3006	អត់អី	16	1	otey	'át'ei
3007	អរុណ	6	1	arun	'ârŭn
