# text	final	key
sous dey	1	sOsdEy
sous dey	0	sOsdEy
suosdey	1	sOsdEy
suosdey	0	sOsdEy
sousdey bong	1	sOsdEybON
sousdey bong	0	sOsdEybON
orkun	1	OkOn
orkun	0	OkOn
arkun bong	1	AkOnbON
arkun bong	0	AkOnbON
orkun chraen	1	OkOncrEn
orkun chraen	0	OkOncrEn
sok sabay te	1	sOksAbAytE
sok sabay te	0	sOksAbAytE
soksabay	1	sOksAbAy
soksabay	0	sOksAbAy
sok sabay jea te	1	sOksAbAycJtE
sok sabay jea te	0	sOksAbAycJtE
knhom sok sabay	1	kYOmsOksAbAy
knhom sok sabay	0	kYOmsOksAbAy
lea sen hoy	1	lJsEYOy
lea sen hoy	0	lJsEYOy
som tos	1	sOmtO
som tos	0	sOmtOs
ot ey te	1	OtEytE
ot ey te	0	OtEytE
chas	1	cA
chas	0	cAs
bat	1	bAt
bat	0	bAt
ot te	1	OtE
ot te	0	OtE
nham bai	1	YAmbAy
nham bai	0	YAmbAy
nham bay hoy nov	1	YAmbAyhOynOv
nham bay hoy nov	0	YAmbAyhOynOv
klean bai	1	klJnbAy
klean bai	0	klJnbAy
chhnganh nas	1	cNAYnA
chhnganh nas	0	cNAYnAs
nham ey	1	YAmEy
nham ey	0	YAmEy
tov nham bai	1	tOvYAmbAy
tov nham bai	0	tOvYAmbAy
teuk	1	tEk
teuk	0	tEk
kafe	1	kAfE
kafe	0	kAfE
bay cha	1	bAycA
bay cha	0	bAycA
ot mean te	1	OtmJntE
ot mean te	0	OtmJntE
mean te	1	mJntE
mean te	0	mJntE
knhom ot deng te	1	kYOmOtdENtE
knhom ot deng te	0	kYOmOtdENtE
jg tov	1	cktOv
jg tov	0	cktOv
chong tov na	1	cONtOvnA
chong tov na	0	cONtOvnA
tov na	1	tOvnA
tov na	0	tOvnA
mok pi na	1	mOkpEnA
mok pi na	0	mOkpEnA
nov na	1	nOvnA
nov na	0	nOvnA
nov pteah	1	nOvptJ
nov pteah	0	nOvptJh
tov sala	1	tOvsAlA
tov sala	0	tOvsAlA
tov rean	1	tOvrJn
tov rean	0	tOvrJn
tveu ey	1	tvEOEy
tveu ey	0	tvEOEy
kompung tveu ey	1	kOmpONtvEOEy
kompung tveu ey	0	kOmpONtvEOEy
tveu ka	1	tvEkA
tveu ka	0	tvEkA
chol chet	1	cOlcEt
chol chet	0	cOlcEt
srolanh oun	1	srOlAYOn
srolanh oun	0	srOlAYOn
bong srolanh oun	1	bONsrOlAYOn
bong srolanh oun	0	bONsrOlAYOn
nek oun	1	nEkOn
nek oun	0	nEkOn
nek bong nas	1	nEkbONnA
nek bong nas	0	nEkbONnAs
min deng te	1	mEndENtE
min deng te	0	mEndENtE
ban hoy	1	bAYOy
ban hoy	0	bAYOy
ot ban te	1	OtbAntE
ot ban te	0	OtbAntE
ban te	1	bAntE
ban te	0	bAntE
cham bontech	1	cAmbOntEc
cham bontech	0	cAmbOntEc
mok leng	1	mOklEN
mok leng	0	mOklEN
tov leng	1	tOvlEN
tov leng	0	tOvlEN
deng te	1	dENtE
deng te	0	dENtE
yol te	1	yOltE
yol te	0	yOltE
knhom yol hoy	1	kYOmyOlhOy
knhom yol hoy	0	kYOmyOlhOy
chea mouy	1	cJmOy
chea mouy	0	cJmOy
mdong tiet	1	mdONtJt
mdong tiet	0	mdONtJt
pel na	1	pElnA
pel na	0	pElnA
tngai nis	1	tNAynE
tngai nis	0	tNAynEs
saek	1	sEk
saek	0	sEk
msel minh	1	msElmEY
msel minh	0	msElmEY
yub nis	1	yObnE
yub nis	0	yObnEs
pel prik	1	pElprEk
pel prik	0	pElprEk
arun sous dey	1	ArOnsOsdEy
arun sous dey	0	ArOnsOsdEy
reatrey sous dey	1	rJtrEysOsdEy
reatrey sous dey	0	rJtrEysOsdEy
kom kheng	1	kOmkEN
kom kheng	0	kOmkEN
kom pibak chet	1	kOmpEbAkcEt
kom pibak chet	0	kOmpEbAkcEt
pibak chet	1	pEbAkcEt
pibak chet	0	pEbAkcEt
sabay chet	1	sAbAycEt
sabay chet	0	sAbAycEt
ot ey te bong	1	OtEytEbON
ot ey te bong	0	OtEytEbON
luy	1	lOy
luy	0	lOy
ponman	1	pOnmAn
ponman	0	pOnmAn
tlai ponman	1	tlAypOnmAn
tlai ponman	0	tlAypOnmAn
tlai nas	1	tlAynA
tlai nas	0	tlAynAs
thok	1	tOk
thok	0	tOk
kom tlai pek	1	kOmtlAypEk
kom tlai pek	0	kOmtlAypEk
chit	1	cEt
chit	0	cEt
chngay	1	cNAy
chngay	0	cNAy
srok khmer	1	srOkmE
srok khmer	0	srOkmEr
phnom penh	1	pnOmpEY
phnom penh	0	pnOmpEY
siem reap	1	sJmrJp
siem reap	0	sJmrJp
kampuchea	1	kAmpOcJ
kampuchea	0	kAmpOcJ
khmer	1	kmE
khmer	0	kmEr
pheasa khmer	1	pJsAkmE
pheasa khmer	0	pJsAkmEr
niyay khmer	1	nEyAykmE
niyay khmer	0	nEyAykmEr
ches niyay khmer te	1	cEsnEyAykmEtE
ches niyay khmer te	0	cEsnEyAykmEtE
ot ches te	1	OtcEstE
ot ches te	0	OtcEstE
bong pros	1	bONprO
bong pros	0	bONprOs
bong srey	1	bONsrEy
bong srey	0	bONsrEy
pa mak	1	pAmAk
pa mak	0	pAmAk
mae	1	mE
mae	0	mE
kmeng	1	kmEN
kmeng	0	kmEN
mit pheak	1	mEtpJk
mit pheak	0	mEtpJk
songsa	1	sONsA
songsa	0	sONsA
saat	1	sAt
saat	0	sAt
srey saat	1	srEysAt
srey saat	0	srEysAt
saat nas	1	sAtnA
saat nas	0	sAtnAs
lor	1	lO
lor	0	lOr
lor nas	1	lOnA
lor nas	0	lOnAs
ot lor te	1	OtlOtE
ot lor te	0	OtlOtE
chkuot	1	ckOt
chkuot	0	ckOt
chos aeng	1	cOsEN
chos aeng	0	cOsEN
aeng	1	EN
aeng	0	EN
ke	1	kE
ke	0	kE
yeung	1	yEN
yeung	0	yEN
neak	1	nJk
neak	0	nJk
louk	1	lOk
louk	0	lOk
ot mean luy te	1	OtmJnlOytE
ot mean luy te	0	OtmJnlOytE
tov psar	1	tOvpsA
tov psar	0	tOvpsAr
tinh	1	tEY
tinh	0	tEY
lok	1	lOk
lok	0	lOk
tinh ey	1	tEYEy
tinh ey	0	tEYEy
ot toan	1	OtQn
ot toan	0	OtQn
mok vinh	1	mOkvEY
mok vinh	0	mOkvEY
tov pteah	1	tOvptJ
tov pteah	0	tOvptJh
cham	1	cAm
cham	0	cAm
ot cham te	1	OtcAmtE
ot cham te	0	OtcAmtE
kom plech	1	kOmplEc
kom plech	0	kOmplEc
chnam thmey	1	cnAmtmEy
chnam thmey	0	cnAmtmEy
sous dey chnam thmey	1	sOsdEycnAmtmEy
sous dey chnam thmey	0	sOsdEycnAmtmEy
rean khmer	1	rJnkmE
rean khmer	0	rJnkmEr
tngai saek	1	tNAysEk
tngai saek	0	tNAysEk
mouy	1	mOy
mouy	0	mOy
pi	1	pE
pi	0	pE
bei	1	bEy
bei	0	bEy
ot mean wifi te	1	OtmJnvEfEtE
ot mean wifi te	0	OtmJnvEfEtE
ok bong	1	OkbON
ok bong	0	OkbON
sousdey	1	sOsdEy
sousdey	0	sOsdEy
sousdeybong	1	sOsdEybON
sousdeybong	0	sOsdEybON
arkunbong	1	AkOnbON
arkunbong	0	AkOnbON
orkunchraen	1	OkOncrEn
orkunchraen	0	OkOncrEn
soksabayte	1	sOksAbAytE
soksabayte	0	sOksAbAytE
soksabayjeate	1	sOksAbAycJtE
soksabayjeate	0	sOksAbAycJtE
knhomsoksabay	1	kYOmsOksAbAy
knhomsoksabay	0	kYOmsOksAbAy
leasenhoy	1	lJsEYOy
leasenhoy	0	lJsEYOy
somtos	1	sOmtO
somtos	0	sOmtOs
oteyte	1	OtEytE
oteyte	0	OtEytE
otte	1	OtE
otte	0	OtE
nhambai	1	YAmbAy
nhambai	0	YAmbAy
nhambayhoynov	1	YAmbAyhOynOv
nhambayhoynov	0	YAmbAyhOynOv
kleanbai	1	klJnbAy
kleanbai	0	klJnbAy
chhnganhnas	1	cNAYnA
chhnganhnas	0	cNAYnAs
nhamey	1	YAmEy
nhamey	0	YAmEy
tovnhambai	1	tOvYAmbAy
tovnhambai	0	tOvYAmbAy
baycha	1	bAycA
baycha	0	bAycA
otmeante	1	OtmJntE
otmeante	0	OtmJntE
meante	1	mJntE
meante	0	mJntE
knhomotdengte	1	kYOmOtdENtE
knhomotdengte	0	kYOmOtdENtE
jgtov	1	cktOv
jgtov	0	cktOv
chongtovna	1	cONtOvnA
chongtovna	0	cONtOvnA
tovna	1	tOvnA
tovna	0	tOvnA
mokpina	1	mOkpEnA
mokpina	0	mOkpEnA
novna	1	nOvnA
novna	0	nOvnA
novpteah	1	nOvptJ
novpteah	0	nOvptJh
tovsala	1	tOvsAlA
tovsala	0	tOvsAlA
tovrean	1	tOvrJn
tovrean	0	tOvrJn
tveuey	1	tvEOEy
tveuey	0	tvEOEy
kompungtveuey	1	kOmpONtvEOEy
kompungtveuey	0	kOmpONtvEOEy
tveuka	1	tvEkA
tveuka	0	tvEkA
cholchet	1	cOlcEt
cholchet	0	cOlcEt
srolanhoun	1	srOlAYOn
srolanhoun	0	srOlAYOn
bongsrolanhoun	1	bONsrOlAYOn
bongsrolanhoun	0	bONsrOlAYOn
nekoun	1	nEkOn
nekoun	0	nEkOn
nekbongnas	1	nEkbONnA
nekbongnas	0	nEkbONnAs
mindengte	1	mEndENtE
mindengte	0	mEndENtE
banhoy	1	bAYOy
banhoy	0	bAYOy
otbante	1	OtbAntE
otbante	0	OtbAntE
bante	1	bAntE
bante	0	bAntE
chambontech	1	cAmbOntEc
chambontech	0	cAmbOntEc
mokleng	1	mOklEN
mokleng	0	mOklEN
tovleng	1	tOvlEN
tovleng	0	tOvlEN
dengte	1	dENtE
dengte	0	dENtE
yolte	1	yOltE
yolte	0	yOltE
knhomyolhoy	1	kYOmyOlhOy
knhomyolhoy	0	kYOmyOlhOy
cheamouy	1	cJmOy
cheamouy	0	cJmOy
mdongtiet	1	mdONtJt
mdongtiet	0	mdONtJt
pelna	1	pElnA
pelna	0	pElnA
tngainis	1	tNAynE
tngainis	0	tNAynEs
mselminh	1	msElmEY
mselminh	0	msElmEY
yubnis	1	yObnE
yubnis	0	yObnEs
pelprik	1	pElprEk
pelprik	0	pElprEk
arunsousdey	1	ArOnsOsdEy
arunsousdey	0	ArOnsOsdEy
reatreysousdey	1	rJtrEysOsdEy
reatreysousdey	0	rJtrEysOsdEy
komkheng	1	kOmkEN
komkheng	0	kOmkEN
kompibakchet	1	kOmpEbAkcEt
kompibakchet	0	kOmpEbAkcEt
pibakchet	1	pEbAkcEt
pibakchet	0	pEbAkcEt
sabaychet	1	sAbAycEt
sabaychet	0	sAbAycEt
oteytebong	1	OtEytEbON
oteytebong	0	OtEytEbON
tlaiponman	1	tlAypOnmAn
tlaiponman	0	tlAypOnmAn
tlainas	1	tlAynA
tlainas	0	tlAynAs
komtlaipek	1	kOmtlAypEk
komtlaipek	0	kOmtlAypEk
srokkhmer	1	srOkmE
srokkhmer	0	srOkmEr
phnompenh	1	pnOmpEY
phnompenh	0	pnOmpEY
siemreap	1	sJmrJp
siemreap	0	sJmrJp
pheasakhmer	1	pJsAkmE
pheasakhmer	0	pJsAkmEr
niyaykhmer	1	nEyAykmE
niyaykhmer	0	nEyAykmEr
chesniyaykhmerte	1	cEsnEyAykmEtE
chesniyaykhmerte	0	cEsnEyAykmEtE
otcheste	1	OtcEstE
otcheste	0	OtcEstE
bongpros	1	bONprO
bongpros	0	bONprOs
bongsrey	1	bONsrEy
bongsrey	0	bONsrEy
pamak	1	pAmAk
pamak	0	pAmAk
mitpheak	1	mEtpJk
mitpheak	0	mEtpJk
sreysaat	1	srEysAt
sreysaat	0	srEysAt
saatnas	1	sAtnA
saatnas	0	sAtnAs
lornas	1	lOnA
lornas	0	lOnAs
otlorte	1	OtlOtE
otlorte	0	OtlOtE
chosaeng	1	cOsEN
chosaeng	0	cOsEN
otmeanluyte	1	OtmJnlOytE
otmeanluyte	0	OtmJnlOytE
tovpsar	1	tOvpsA
tovpsar	0	tOvpsAr
tinhey	1	tEYEy
tinhey	0	tEYEy
ottoan	1	OtQn
ottoan	0	OtQn
mokvinh	1	mOkvEY
mokvinh	0	mOkvEY
tovpteah	1	tOvptJ
tovpteah	0	tOvptJh
otchamte	1	OtcAmtE
otchamte	0	OtcAmtE
komplech	1	kOmplEc
komplech	0	kOmplEc
chnamthmey	1	cnAmtmEy
chnamthmey	0	cnAmtmEy
sousdeychnamthmey	1	sOsdEycnAmtmEy
sousdeychnamthmey	0	sOsdEycnAmtmEy
reankhmer	1	rJnkmE
reankhmer	0	rJnkmEr
tngaisaek	1	tNAysEk
tngaisaek	0	tNAysEk
otmeanwifite	1	OtmJnvEfEtE
otmeanwifite	0	OtmJnvEfEtE
okbong	1	OkbON
okbong	0	OkbON
sok sabay te?	1	sOksAbAytE
sok sabay te?	0	sOksAbAytE
Orkun Bong!	1	OkOnbON
Orkun Bong!	0	OkOnbON
send photo mok	1	sEndpOtOmOk
send photo mok	0	sEndpOtOmOk
iPhone thmey	1	EpOnEtmEy
iPhone thmey	0	EpOnEtmEy
knhom chmous sreymom	1	kYOmcmOsrEymOm
knhom chmous sreymom	0	kYOmcmOsrEymOm
xyzq bong	1	syzkbON
xyzq bong	0	syzkbON
or kun	1	OkOn
or kun	0	OkOn
orkunbong	1	OkOnbON
orkunbong	0	OkOnbON
bong luy	1	bONlOy
bong luy	0	bONlOy
Kâmpŭchéa	1	kAmpOcJ
Kâmpŭchéa	0	kAmpOcJ
l'or nas	1	lOnA
l'or nas	0	lOnAs
123 te	1	tE
123 te	0	tE
te, te. te	1	tEtEtE
te, te. te	0	tEtEtE
sok saba	1	sOksAbA
sok saba	0	sOksAbA
orku	1	OkO
orku	0	OkO
hello?	1	hElO
hello?	0	hElO
jg tov na	1	cktOvnA
jg tov na	0	cktOvnA
sous dey bong, sok sabay te?	1	sOsdEybONsOksAbAytE
sous dey bong, sok sabay te?	0	sOsdEybONsOksAbAytE
nham bai hoy nov bong	1	YAmbAyhOynOvbON
nham bai hoy nov bong	0	YAmbAyhOynOvbON
sous	1	sO
sous	0	sOs
dey	1	dEy
dey	0	dEy
bong	1	bON
bong	0	bON
arkun	1	AkOn
arkun	0	AkOn
chraen	1	crEn
chraen	0	crEn
sok	1	sOk
sok	0	sOk
sabay	1	sAbAy
sabay	0	sAbAy
te	1	tE
te	0	tE
jea	1	cJ
jea	0	cJ
knhom	1	kYOm
knhom	0	kYOm
lea	1	lJ
lea	0	lJ
sen	1	sEn
sen	0	sEn
hoy	1	hOy
hoy	0	hOy
som	1	sOm
som	0	sOm
tos	1	tO
tos	0	tOs
ot	1	Ot
ot	0	Ot
ey	1	Ey
ey	0	Ey
nham	1	YAm
nham	0	YAm
bai	1	bAy
bai	0	bAy
bay	1	bAy
bay	0	bAy
nov	1	nOv
nov	0	nOv
klean	1	klJn
klean	0	klJn
chhnganh	1	cNAY
chhnganh	0	cNAY
nas	1	nA
nas	0	nAs
tov	1	tOv
tov	0	tOv
cha	1	cA
cha	0	cA
mean	1	mJn
mean	0	mJn
deng	1	dEN
deng	0	dEN
jg	1	ck
jg	0	ck
chong	1	cON
chong	0	cON
na	1	nA
na	0	nA
mok	1	mOk
mok	0	mOk
pteah	1	ptJ
pteah	0	ptJh
sala	1	sAlA
sala	0	sAlA
rean	1	rJn
rean	0	rJn
tveu	1	tvE
tveu	0	tvE
kompung	1	kOmpON
kompung	0	kOmpON
ka	1	kA
ka	0	kA
chol	1	cOl
chol	0	cOl
chet	1	cEt
chet	0	cEt
srolanh	1	srOlAY
srolanh	0	srOlAY
oun	1	On
oun	0	On
nek	1	nEk
nek	0	nEk
min	1	mEn
min	0	mEn
ban	1	bAn
ban	0	bAn
bontech	1	bOntEc
bontech	0	bOntEc
leng	1	lEN
leng	0	lEN
yol	1	yOl
yol	0	yOl
chea	1	cJ
chea	0	cJ
mdong	1	mdON
mdong	0	mdON
tiet	1	tJt
tiet	0	tJt
pel	1	pEl
pel	0	pEl
tngai	1	tNAy
tngai	0	tNAy
nis	1	nE
nis	0	nEs
msel	1	msEl
msel	0	msEl
minh	1	mEY
minh	0	mEY
yub	1	yOb
yub	0	yOb
prik	1	prEk
prik	0	prEk
arun	1	ArOn
arun	0	ArOn
reatrey	1	rJtrEy
reatrey	0	rJtrEy
kom	1	kOm
kom	0	kOm
kheng	1	kEN
kheng	0	kEN
pibak	1	pEbAk
pibak	0	pEbAk
tlai	1	tlAy
tlai	0	tlAy
pek	1	pEk
pek	0	pEk
srok	1	srOk
srok	0	srOk
phnom	1	pnOm
phnom	0	pnOm
penh	1	pEY
penh	0	pEY
siem	1	sJm
siem	0	sJm
reap	1	rJp
reap	0	rJp
pheasa	1	pJsA
pheasa	0	pJsA
niyay	1	nEyAy
niyay	0	nEyAy
ches	1	cE
ches	0	cEs
pros	1	prO
pros	0	prOs
srey	1	srEy
srey	0	srEy
pa	1	pA
pa	0	pA
mak	1	mAk
mak	0	mAk
mit	1	mEt
mit	0	mEt
pheak	1	pJk
pheak	0	pJk
chos	1	cO
chos	0	cOs
psar	1	psA
psar	0	psAr
toan	1	tQn
toan	0	tQn
vinh	1	vEY
vinh	0	vEY
plech	1	plEc
plech	0	plEc
chnam	1	cnAm
chnam	0	cnAm
thmey	1	tmEy
thmey	0	tmEy
wifi	1	vEfE
wifi	0	vEfE
ok	1	Ok
ok	0	Ok
te?	1	tE
te?	0	tE
Orkun	1	OkOn
Orkun	0	OkOn
Bong!	1	bON
Bong!	0	bON
send	1	sEnd
send	0	sEnd
photo	1	pOtO
photo	0	pOtO
iPhone	1	EpOnE
iPhone	0	EpOnE
chmous	1	cmO
chmous	0	cmOs
sreymom	1	srEymOm
sreymom	0	srEymOm
xyzq	1	syzk
xyzq	0	syzk
or	1	O
or	0	Or
kun	1	kOn
kun	0	kOn
l'or	1	lO
l'or	0	lOr
123	1	
123	0	
te,	1	tE
te,	0	tE
te.	1	tE
te.	0	tE
saba	1	sAbA
saba	0	sAbA
bong,	1	bON
bong,	0	bON
bann	1	bAn
bann	0	bAn
kar	1	kA
kar	0	kAr
kha	1	kA
kha	0	kA
kah	1	kA
kah	0	kAh
kas	1	kA
kas	0	kAs
neng	1	nEN
neng	0	nEN
ning	1	nEN
ning	0	nEN
nueng	1	nEN
nueng	0	nEN
noeng	1	nEN
noeng	0	nEN
dael	1	dEl
dael	0	dEl
del	1	dEl
del	0	dEl
knong	1	knON
knong	0	knON
nuv	1	nOv
nuv	0	nOv
nou	1	nO
nou	0	nO
nuh	1	nO
nuh	0	nOh
nuoh	1	nO
nuoh	0	nOh
nor	1	nO
nor	0	nOr
no	1	nO
no	0	nO
noh	1	nO
noh	0	nOh
naoh	1	nO
naoh	0	nOh
nu	1	nO
nu	0	nO
nus	1	nO
nus	0	nOs
roboh	1	rObO
roboh	0	rObOh
robuoh	1	rObO
robuoh	0	rObOh
robuos	1	rObO
robuos	0	rObOs
robor	1	rObO
robor	0	rObOr
robas	1	rObA
robas	0	rObAs
robar	1	rObA
robar	0	rObAr
nak	1	nAk
nak	0	nAk
nih	1	nE
nih	0	nEh
neh	1	nE
neh	0	nEh
ni	1	nE
ni	0	nE
cheah	1	cJ
cheah	0	cJh
chieh	1	cJ
chieh	0	cJh
chies	1	cJ
chies	0	cJs
tha	1	tA
tha	0	tA
ta	1	tA
ta	0	tA
luok	1	lOk
luok	0	lOk
daoy	1	dOy
daoy	0	dOy
pir	1	pE
pir	0	pEr
phi	1	pE
phi	0	pE
phe	1	pE
phe	0	pE
tou	1	tO
tou	0	tO
tor	1	tO
tor	0	tOr
touh	1	tO
touh	0	tOh
tous	1	tO
tous	0	tOs
tuoh	1	tO
tuoh	0	tOh
to	1	tO
to	0	tO
thor	1	tO
thor	0	tOr
tho	1	tO
tho	0	tO
tuo	1	tO
tuo	0	tO
tu	1	tO
tu	0	tO
tur	1	tO
tur	0	tOr
toh	1	tO
toh	0	tOh
taoh	1	tO
taoh	0	tOh
tao	1	tO
tao	0	tO
haeuy	1	hEy
haeuy	0	hEy
hery	1	hEy
hery	0	hEy
men	1	mEn
men	0	mEn
meun	1	mEn
meun	0	mEn
moen	1	mEn
moen	0	mEn
maen	1	mEn
maen	0	mEn
ney	1	nEy
ney	0	nEy
chhnam	1	cnAm
chhnam	0	cnAm
ach	1	Ac
ach	0	Ac
muoy	1	mOy
muoy	0	mOy
daeumbey	1	dEmbEy
daeumbey	0	dEmbEy
daeumbei	1	dEmbEy
daeumbei	0	dEmbEy
thveu	1	tvE
thveu	0	tvE
tve	1	tvE
tve	0	tvE
tngay	1	tNAy
tngay	0	tNAy
thngai	1	tNAy
thngai	0	tNAy
muk	1	mOk
muk	0	mOk
mukh	1	mOk
mukh	0	mOk
muok	1	mOk
muok	0	mOk
ti	1	tE
ti	0	tE
tae	1	tE
tae	0	tE
taeu	1	tE
taeu	0	tE
teh	1	tE
teh	0	tEh
tis	1	tE
tis	0	tEs
thi	1	tE
thi	0	tE
tes	1	tE
tes	0	tEs
thae	1	tE
thae	0	tE
the	1	tE
the	0	tE
leu	1	lE
leu	0	lE
leuh	1	lE
leuh	0	lEh
leus	1	lE
leus	0	lEs
li	1	lE
li	0	lE
lueu	1	lE
lueu	0	lE
loe	1	lE
loe	0	lE
le	1	lE
le	0	lE
dol	1	dOl
dol	0	dOl
duol	1	dOl
duol	0	dOl
dal	1	dAl
dal	0	dAl
noah	1	nQ
noah	0	nQh
proteh	1	prOtE
proteh	0	prOtEh
prates	1	prAtE
prates	0	prAtEs
keu	1	kE
keu	0	kE
kueu	1	kE
kueu	0	kE
koe	1	kE
koe	0	kE
khae	1	kE
khae	0	kE
khe	1	kE
khe	0	kE
kae	1	kE
kae	0	kE
ki	1	kE
ki	0	kE
keh	1	kE
keh	0	kEh
kes	1	kE
kes	0	kEs
aoy	1	Oy
aoy	0	Oy
oy	1	Oy
oy	0	Oy
ao	1	O
ao	0	O
oh	1	O
oh	0	Oh
ou	1	O
ou	0	O
o	1	O
o	0	O
ouh	1	O
ouh	0	Oh
ous	1	O
ous	0	Os
os	1	O
os	0	Os
our	1	O
our	0	Or
u	1	O
u	0	O
au	1	O
au	0	O
somrap	1	sOmrAp
somrap	0	sOmrAp
samroab	1	sAmrQb
samroab	0	sAmrQb
tam	1	tAm
tam	0	tAm
vea	1	vJ
vea	0	vJ
trevban	1	trEvbAn
trevban	0	trEvbAn
trouvban	1	trOvbAn
trouvban	0	trOvbAn
trovban	1	trOvbAn
trovban	0	trOvbAn
kor	1	kO
kor	0	kOr
kuo	1	kO
kuo	0	kO
kuor	1	kO
kuor	0	kOr
kou	1	kO
kou	0	kO
ko	1	kO
ko	0	kO
khoh	1	kO
khoh	0	kOh
khos	1	kO
khos	0	kOs
ku	1	kO
ku	0	kO
koh	1	kO
koh	0	kOh
kaoh	1	kO
kaoh	0	kOh
khor	1	kO
khor	0	kOr
khao	1	kO
khao	0	kO
kur	1	kO
kur	0	kOr
paeul	1	pEl
paeul	0	pEl
phaeul	1	pEl
phaeul	0	pEl
trev	1	trEv
trev	0	trEv
trouv	1	trOv
trouv	0	trOv
trov	1	trOv
trov	0	trOv
khang	1	kAN
khang	0	kAN
kang	1	kAN
kang	0	kAN
reu	1	rE
reu	0	rE
rueu	1	rE
rueu	0	rE
roe	1	rE
roe	0	rE
rae	1	rE
rae	0	rE
re	1	rE
re	0	rE
ri	1	rE
ri	0	rE
reuh	1	rE
reuh	0	rEh
reus	1	rE
reus	0	rEs
rue	1	rE
rue	0	rE
khnhom	1	kYOm
khnhom	0	kYOm
theat	1	tJt
theat	0	tJt
kluon	1	klOn
kluon	0	klOn
khluon	1	klOn
khluon	0	klOn
khaet	1	kEt
khaet	0	kEt
khett	1	kEt
khett	0	kEt
ket	1	kEt
ket	0	kEt
kit	1	kEt
kit	0	kEt
kaeut	1	kEt
kaeut	0	kEt
khet	1	kEt
khet	0	kEt
laeung	1	lEN
laeung	0	lEN
laeng	1	lEN
laeng	0	lEN
leung	1	lEN
leung	0	lEN
loeang	1	lEN
loeang	0	lEN
cheamuoy	1	cJmOy
cheamuoy	0	cJmOy
totuol	1	tOtOl
totuol	0	tOtOl
knea	1	knJ
knea	0	knJ
preah	1	prJ
preah	0	prJh
dor	1	dO
dor	0	dOr
doh	1	dO
doh	0	dOh
daoh	1	dO
daoh	0	dOh
douh	1	dO
douh	0	dOh
dous	1	dO
dous	0	dOs
dos	1	dO
dos	0	dOs
dou	1	dO
dou	0	dO
dour	1	dO
dour	0	dOr
da	1	dA
da	0	dA
krom	1	krOm
krom	0	krOm
kraom	1	krOm
kraom	0	krOm
daelmean	1	dElmJn
daelmean	0	dElmJn
delmean	1	dElmJn
delmean	0	dElmJn
pheap	1	pJp
pheap	0	pJp
puoke	1	pOkE
puoke	0	pOkE
puokke	1	pOkE
puokke	0	pOkE
pukae	1	pOkE
pukae	0	pOkE
puke	1	pOkE
puke	0	pOkE
yang	1	yAN
yang	0	yAN
monus	1	mOnO
monus	0	mOnOs
monuss	1	mOnOs
monuss	0	mOnOs
teang	1	tJN
teang	0	tJN
chomnuon	1	cOmnOn
chomnuon	0	cOmnOn
chumnun	1	cOmnOn
chumnun	0	cOmnOn
chumnon	1	cOmnOn
chumnon	0	cOmnOn
chamnuon	1	cAmnOn
chamnuon	0	cAmnOn
lo	1	lO
lo	0	lO
luh	1	lO
luh	0	lOh
lu	1	lO
lu	0	lO
lou	1	lO
lou	0	lO
la	1	lA
la	0	lA
tmey	1	tmEy
tmey	0	tmEy
thmei	1	tmEy
thmei	0	tmEy
yok	1	yOk
yok	0	yOk
cheat	1	cJt
cheat	0	cJt
cheate	1	cJtE
cheate	0	cJtE
cheati	1	cJtE
cheati	0	cJtE
koat	1	kQt
koat	0	kQt
khoat	1	kQt
khoat	0	kQt
mun	1	mOn
mun	0	mOn
pdol	1	pdOl
pdol	0	pdOl
pduol	1	pdOl
pduol	0	pdOl
phduol	1	pdOl
phduol	0	pdOl
phdal	1	pdAl
phdal	0	pdAl
keuchea	1	kEcJ
keuchea	0	kEcJ
kueuchea	1	kEcJ
kueuchea	0	kEcJ
koechea	1	kEcJ
koechea	0	kEcJ
pontae	1	pOntE
pontae	0	pOntE
pondae	1	pOndE
pondae	0	pOndE
ponde	1	pOndE
ponde	0	pOndE
tlay	1	tlAy
tlay	0	tlAy
thlai	1	tlAy
thlai	0	tlAy
kalpi	1	kAlpE
kalpi	0	kAlpE
dak	1	dAk
dak	0	dAk
chenh	1	cEY
chenh	0	cEY
mneak	1	mnJk
mneak	0	mnJk
vey	1	vEy
vey	0	vEy
vei	1	vEy
vei	0	vEy
et	1	Et
et	0	Et
chmuoh	1	cmO
chmuoh	0	cmOh
chhmuoh	1	cmO
chhmuoh	0	cmOh
chhmoah	1	cmQ
chhmoah	0	cmQh
kromhun	1	krOmhOn
kromhun	0	krOmhOn
kompong	1	kOmpON
kompong	0	kOmpON
kampung	1	kAmpON
kampung	0	kAmpON
kampong	1	kAmpON
kampong	0	kAmpON
chuoy	1	cOy
chuoy	0	cOy
chraeun	1	crEn
chraeun	0	crEn
poaramean	1	pQrAmJn
poaramean	0	pQrAmJn
poartmean	1	pQtmJn
poartmean	0	pQtmJn
dae	1	dE
dae	0	dE
daer	1	dE
daer	0	dEr
der	1	dE
der	0	dEr
daeu	1	dE
daeu	0	dE
daeur	1	dE
daeur	0	dEr
di	1	dE
di	0	dE
de	1	dE
de	0	dE
cheachraeun	1	cJcrEn
cheachraeun	0	cJcrEn
phongdae	1	pONdE
phongdae	0	pONdE
phangdaer	1	pANdE
phangdaer	0	pANdEr
phangder	1	pANdE
phangder	0	pANdEr
baeu	1	bE
baeu	0	bE
bi	1	bE
bi	0	bE
be	1	bE
be	0	bE
bae	1	bE
bae	0	bE
baer	1	bE
baer	0	bEr
ber	1	bE
ber	0	bEr
niyeay	1	nEyJy
niyeay	0	nEyJy
kangea	1	kANJ
kangea	0	kANJ
karngear	1	kANJ
karngear	0	kANJr
chun	1	cOn
chun	0	cOn
chon	1	cOn
chon	0	cOn
chuon	1	cOn
chuon	0	cOn
cheang	1	cJN
cheang	0	cJN
chompuoh	1	cOmpO
chompuoh	0	cOmpOh
champuoh	1	cAmpO
champuoh	0	cAmpOh
champoah	1	cAmpQ
champoah	0	cAmpQh
choh	1	cO
choh	0	cOh
chor	1	cO
chor	0	cOr
cho	1	cO
cho	0	cO
chhor	1	cO
chhor	0	cOr
chou	1	cO
chou	0	cO
chour	1	cO
chour	0	cOr
chuo	1	cO
chuo	0	cO
chuor	1	cO
chuor	0	cOr
chao	1	cO
chao	0	cO
chaor	1	cO
chaor	0	cOr
chau	1	cO
chau	0	cO
pulroat	1	pOlrQt
pulroat	0	pOlrQt
polrodth	1	pOlrOdt
polrodth	0	pOlrOdt
bontor	1	bOntO
bontor	0	bOntOr
bant	1	bAnt
bant	0	bAnt
prak	1	prAk
prak	0	prAk
plev	1	plEv
plev	0	plEv
phlouv	1	plOv
phlouv	0	plOv
phlov	1	plOv
phlov	0	plOv
novpel	1	nOvpEl
novpel	0	nOvpEl
noupel	1	nOpEl
noupel	0	nOpEl
teangoh	1	tJNO
teangoh	0	tJNOh
teangas	1	tJNA
teangas	0	tJNAs
pseng	1	psEN
pseng	0	psEN
phseng	1	psEN
phseng	0	psEN
bomphot	1	bOmpOt
bomphot	0	bOmpOt
bamphot	1	bAmpOt
bamphot	0	bAmpOt
bonghanh	1	bONhAY
bonghanh	0	bONhAY
banghanh	1	bANhAY
banghanh	0	bANhAY
choul	1	cOl
choul	0	cOl
chaol	1	cOl
chaol	0	cOl
chuol	1	cOl
chuol	0	cOl
chul	1	cOl
chul	0	cOl
thveukar	1	tvEkA
thveukar	0	tvEkAr
krosuong	1	krOsON
krosuong	0	krOsON
krasuong	1	krAsON
krasuong	0	krAsON
panhha	1	pAYhA
panhha	0	pAYhA
banhha	1	bAYhA
banhha	0	bAYhA
soum	1	sOm
soum	0	sOm
tek	1	tEk
tek	0	tEk
tuek	1	tEk
tuek	0	tEk
toek	1	tEk
toek	0	tEk
choulruom	1	cOlrOm
choulruom	0	cOlrOm
cholruom	1	cOlrOm
cholruom	0	cOlrOm
bonthaem	1	bOntEm
bonthaem	0	bOntEm
banthaem	1	bAntEm
banthaem	0	bAntEm
banthem	1	bAntEm
banthem	0	bAntEm
reung	1	rEN
reung	0	rEN
roeang	1	rEN
roeang	0	rEN
reng	1	rEN
reng	0	rEN
rueng	1	rEN
rueng	0	rEN
roeng	1	rEN
roeng	0	rEN
ompi	1	OmpE
ompi	0	OmpE
ompeu	1	OmpE
ompeu	0	OmpE
ampi	1	AmpE
ampi	0	AmpE
ampeu	1	AmpE
ampeu	0	AmpE
chumngeu	1	cOmNE
chumngeu	0	cOmNE
chumngueu	1	cOmNE
chumngueu	0	cOmNE
chumngoe	1	cOmNE
chumngoe	0	cOmNE
chomngueu	1	cOmNE
chomngueu	0	cOmNE
chomngoe	1	cOmNE
chomngoe	0	cOmNE
chen	1	cEn
chen	0	cEn
neang	1	nJN
neang	0	nJN
praeu	1	prE
praeu	0	prE
prae	1	prE
prae	0	prE
pre	1	prE
pre	0	prE
chang	1	cAN
chang	0	cAN
dombon	1	dOmbOn
dombon	0	dOmbOn
tamban	1	tAmbAn
tamban	0	tAmbAn
praeuprah	1	prEprA
praeuprah	0	prEprAh
praeupras	1	prEprA
praeupras	0	prEprAs
koun	1	kOn
koun	0	kOn
kon	1	kOn
kon	0	kOn
khon	1	kOn
khon	0	kOn
novleu	1	nOvlE
novleu	0	nOvlE
nouleu	1	nOlE
nouleu	0	nOlE
kraoy	1	krOy
kraoy	0	krOy
amerik	1	AmErEk
amerik	0	AmErEk
krup	1	krOp
krup	0	krOp
krob	1	krOb
krob	0	krOb
prochea	1	prOcJ
prochea	0	prOcJ
prachea	1	prAcJ
prachea	0	prAcJ
thum	1	tOm
thum	0	tOm
thorm	1	tOm
thorm	0	tOm
tum	1	tOm
tum	0	tOm
banhcheak	1	bAYcJk
banhcheak	0	bAYcJk
leuk	1	lEk
leuk	0	lEk
lek	1	lEk
lek	0	lEk
lekh	1	lEk
lekh	0	lEk
kmean	1	kmJn
kmean	0	kmJn
chbap	1	cbAp
chbap	0	cbAp
chbab	1	cbAb
chbab	0	cbAb
klang	1	klAN
klang	0	klAN
khlang	1	klAN
khlang	0	klAN
kmae	1	kmE
kmae	0	kmE
khmaer	1	kmE
khmaer	0	kmEr
venh	1	vEY
venh	0	vEY
kamvithi	1	kAmvEtE
kamvithi	0	kAmvEtE
kammovithi	1	kAmOvEtE
kammovithi	0	kAmOvEtE
ror	1	rO
ror	0	rOr
ro	1	rO
ro	0	rO
ruoh	1	rO
ruoh	0	rOh
ros	1	rO
ros	0	rOs
rou	1	rO
rou	0	rO
ru	1	rO
ru	0	rO
kan	1	kAn
kan	0	kAn
khan	1	kAn
khan	0	kAn
pnaek	1	pnEk
pnaek	0	pnEk
phnaek	1	pnEk
phnaek	0	pnEk
phnek	1	pnEk
phnek	0	pnEk
kheunh	1	kEY
kheunh	0	kEY
sor	1	sO
sor	0	sOr
suo	1	sO
suo	0	sO
suor	1	sO
suor	0	sOr
soh	1	sO
soh	0	sOh
saoh	1	sO
saoh	0	sOh
sau	1	sO
sau	0	sO
saur	1	sO
saur	0	sOr
su	1	sO
su	0	sO
sao	1	sO
sao	0	sO
sou	1	sO
sou	0	sO
so	1	sO
so	0	sO
sa	1	sA
sa	0	sA
sar	1	sA
sar	0	sAr
sah	1	sA
sah	0	sAh
douchea	1	dOcJ
douchea	0	dOcJ
douchchea	1	dOcJ
douchchea	0	dOcJ
dochchea	1	dOcJ
dochchea	0	dOcJ
dengtha	1	dENtA
dengtha	0	dENtA
doengtha	1	dENtA
doengtha	0	dENtA
kapea	1	kApJ
kapea	0	kApJ
karpear	1	kApJ
karpear	0	kApJr
konlaeng	1	kOnlEN
konlaeng	0	kOnlEN
kanlaeng	1	kAnlEN
kanlaeng	0	kAnlEN
kanleng	1	kAnlEN
kanleng	0	kAnlEN
laeuy	1	lEy
laeuy	0	lEy
ley	1	lEy
ley	0	lEy
lei	1	lEy
lei	0	lEy
nuohte	1	nOhtE
nuohte	0	nOhtE
noahte	1	nQhtE
noahte	0	nQhtE
rup	1	rOp
rup	0	rOp
rub	1	rOb
rub	0	rOb
nah	1	nA
nah	0	nAh
muoychomnuon	1	mOycOmnOn
muoychomnuon	0	mOycOmnOn
muoychamnuon	1	mOycAmnOn
muoychamnuon	0	mOycAmnOn
doeng	1	dEN
doeng	0	dEN
baeuk	1	bEk
baeuk	0	bEk
baek	1	bEk
baek	0	bEk
bek	1	bEk
bek	0	bEk
kantae	1	kAntE
kantae	0	kAntE
kante	1	kAntE
kante	0	kAntE
chivet	1	cEvEt
chivet	0	cEvEt
chivit	1	cEvEt
chivit	0	cEvEt
bongkaeut	1	bONkEt
bongkaeut	0	bONkEt
bangkaeut	1	bANkEt
bangkaeut	0	bANkEt
cheamuoyneng	1	cJmOynEN
cheamuoyneng	0	cJmOynEN
cheamuoynueng	1	cJmOynEN
cheamuoynueng	0	cJmOynEN
cheamuoynoeng	1	cJmOynEN
cheamuoynoeng	0	cJmOynEN
phteah	1	ptJ
phteah	0	ptJh
royeapel	1	rOyJpEl
royeapel	0	rOyJpEl
royeakpel	1	rOyJkpEl
royeakpel	0	rOyJkpEl
rutyun	1	rOtyOn
rutyun	0	rOtyOn
rothyont	1	rOtyOnt
rothyont	0	rOtyOnt
douchneh	1	dOcnE
douchneh	0	dOcnEh
dochneh	1	dOcnE
dochneh	0	dOcnEh
gem	1	kEm
gem	0	kEm
kem	1	kEm
kem	0	kEm
koem	1	kEm
koem	0	kEm
kim	1	kEm
kim	0	kEm
kuem	1	kEm
kuem	0	kEm
khem	1	kEm
khem	0	kEm
kaem	1	kEm
kaem	0	kEm
hkem	1	hkEm
hkem	0	hkEm
sachkdey	1	sAckdEy
sachkdey	0	sAckdEy
sechkdei	1	sEckdEy
sechkdei	0	sEckdEy
somdach	1	sOmdAc
somdach	0	sOmdAc
samdech	1	sAmdEc
samdech	0	sAmdEc
piphup	1	pEpOp
piphup	0	pEpOp
piphop	1	pEpOp
piphop	0	pEpOp
bontoapi	1	bOntQpE
bontoapi	0	bOntQpE
bantoabpi	1	bAntQbpE
bantoabpi	0	bAntQbpE
korban	1	kObAn
korban	0	kObAn
kaban	1	kAbAn
kaban	0	kAbAn
prokuot	1	prOkOt
prokuot	0	prOkOt
prakuot	1	prAkOt
prakuot	0	prAkOt
prakot	1	prAkOt
prakot	0	prAkOt
riepchom	1	rJpcOm
riepchom	0	rJpcOm
riebcham	1	rJbcAm
riebcham	0	rJbcAm
phum	1	pOm
phum	0	pOm
pum	1	pOm
pum	0	pOm
phumi	1	pOmE
phumi	0	pOmE
meul	1	mEl
meul	0	mEl
somkhan	1	sOmkAn
somkhan	0	sOmkAn
samkhan	1	sAmkAn
samkhan	0	sAmkAn
koamtror	1	kQmtrO
koamtror	0	kQmtrOr
koamtro	1	kQmtrO
koamtro	0	kQmtrO
domlay	1	dOmlAy
domlay	0	dOmlAy
tamley	1	tAmlEy
tamley	0	tAmlEy
krong	1	krON
krong	0	krON
kroung	1	krON
kroung	0	krON
tveuaoy	1	tvEOAOy
tveuaoy	0	tvEOAOy
thveuao	1	tvEOAO
thveuao	0	tvEOAO
pruoh	1	prO
pruoh	0	prOh
proh	1	prO
proh	0	prOh
proah	1	prQ
proah	0	prQh
douch	1	dOc
douch	0	dOc
doch	1	dOc
doch	0	dOc
prosenbaeu	1	prOsEnbE
prosenbaeu	0	prOsEnbE
prasenbaeu	1	prAsEnbE
prasenbaeu	0	prAsEnbE
maong	1	mON
maong	0	mON
mong	1	mON
mong	0	mON
muntrey	1	mOntrEy
muntrey	0	mOntrEy
montrei	1	mOntrEy
montrei	0	mOntrEy
tikrong	1	tEkrON
tikrong	0	tEkrON
propoan	1	prOpQn
propoan	0	prOpQn
prapoanth	1	prApQnt
prapoanth	0	prApQnt
vi	1	vE
vi	0	vE
ve	1	vE
ve	0	vE
kpuoh	1	kpO
kpuoh	0	kpOh
khpos	1	kpO
khpos	0	kpOs
domnaeu	1	dOmnE
domnaeu	0	dOmnE
damnaeur	1	dAmnE
damnaeur	0	dAmnEr
pnoal	1	pnQl
pnoal	0	pnQl
phnoal	1	pnQl
phnoal	0	pnQl
khum	1	kOm
khum	0	kOm
khom	1	kOm
khom	0	kOm
pnumpenh	1	pnOmpEY
pnumpenh	0	pnOmpEY
phnumpenh	1	pnOmpEY
phnumpenh	0	pnOmpEY
prophet	1	prOpEt
prophet	0	prOpEt
praphet	1	prApEt
praphet	0	prApEt
prothean	1	prOtJn
prothean	0	prOtJn
protean	1	prOtJn
protean	0	prOtJn
prathean	1	prAtJn
prathean	0	prAtJn
pratean	1	prAtJn
pratean	0	prAtJn
rok	1	rOk
rok	0	rOk
rouk	1	rOk
rouk	0	rOk
karaney	1	kArAnEy
karaney	0	kArAnEy
karnei	1	kAnEy
karnei	0	kAnEy
teup	1	tEp
teup	0	tEp
tep	1	tEp
tep	0	tEp
teub	1	tEb
teub	0	tEb
songkum	1	sONkOm
songkum	0	sONkOm
sangkom	1	sANkOm
sangkom	0	sANkOm
kreung	1	krEN
kreung	0	krEN
kroeang	1	krEN
kroeang	0	krEN
kraeng	1	krEN
kraeng	0	krEN
kreng	1	krEN
kreng	0	krEN
tamroryea	1	tAmrOyJ
tamroryea	0	tAmrOyJ
tamoryeak	1	tAmOyJk
tamoryeak	0	tAmOyJk
tamoryea	1	tAmOyJ
tamoryea	0	tAmOyJ
dola	1	dOlA
dola	0	dOlA
dollear	1	dOlJ
dollear	0	dOlJr
ontaracheat	1	OntArAcJt
ontaracheat	0	OntArAcJt
antarcheate	1	AntAcJtE
antarcheate	0	AntAcJtE
mchah	1	mcA
mchah	0	mcAh
mchas	1	mcA
mchas	0	mcAs
deknoam	1	dEknQm
deknoam	0	dEknQm
doeknoam	1	dEknQm
doeknoam	0	dEknQm
chapdaeum	1	cApdEm
chapdaeum	0	cApdEm
chabphdaeum	1	cAbpdEm
chabphdaeum	0	cAbpdEm
as	1	A
as	0	As
a	1	A
a	0	A
ar	1	A
ar	0	Ar
kasinou	1	kAsEnO
kasinou	0	kAsEnO
kasino	1	kAsEnO
kasino	0	kAsEnO
roatthaphibal	1	rQtApEbAl
roatthaphibal	0	rQtApEbAl
rodthaphibal	1	rOdtApEbAl
rodthaphibal	0	rOdtApEbAl
rongkruoh	1	rONkrO
rongkruoh	0	rONkrOh
rongkroah	1	rONkrQ
rongkroah	0	rONkrQh
ayu	1	AyO
ayu	0	AyO
lean	1	lJn
lean	0	lJn
chumneanh	1	cOmnJY
chumneanh	0	cOmnJY
sokhapheap	1	sOkApJp
sokhapheap	0	sOkApJp
sokhpheap	1	sOkpJp
sokhpheap	0	sOkpJp
noam	1	nQm
noam	0	nQm
saen	1	sEn
saen	0	sEn
sin	1	sEn
sin	0	sEn
kech	1	kEc
kech	0	kEc
kechch	1	kEc
kechch	0	kEc
procheachun	1	prOcJcOn
procheachun	0	prOcJcOn
pracheachon	1	prAcJcOn
pracheachon	0	prAcJcOn
khana	1	kAnA
khana	0	kAnA
khanak	1	kAnAk
khanak	0	kAnAk
hun	1	hOn
hun	0	hOn
chuop	1	cOp
chuop	0	cOp
chhup	1	cOp
chhup	0	cOp
chop	1	cOp
chop	0	cOp
chuob	1	cOb
chuob	0	cOb
chhob	1	cOb
chhob	0	cOb
cheung	1	cEN
cheung	0	cEN
cheng	1	cEN
cheng	0	cEN
chhoeng	1	cEN
chhoeng	0	cEN
chaeng	1	cEN
chaeng	0	cEN
choeng	1	cEN
choeng	0	cEN
strey	1	strEy
strey	0	strEy
strei	1	strEy
strei	0	strEy
ruohnov	1	rOhnOv
ruohnov	0	rOhnOv
rosnov	1	rOsnOv
rosnov	0	rOsnOv
rosnou	1	rOsnO
rosnou	0	rOsnO
krupkrong	1	krOpkrON
krupkrong	0	krOpkrON
krobkrong	1	krObkrON
krobkrong	0	krObkrON
tenh	1	tEY
tenh	0	tEY
pet	1	pEt
pet	0	pEt
pit	1	pEt
pit	0	pEt
phet	1	pEt
phet	0	pEt
paet	1	pEt
paet	0	pEt
prokah	1	prOkA
prokah	0	prOkAh
proka	1	prOkA
proka	0	prOkA
prakas	1	prAkA
prakas	0	prAkAs
prakar	1	prAkA
prakar	0	prAkAr
keanapa	1	kJnApA
keanapa	0	kJnApA
konbaks	1	kOnbAks
konbaks	0	kOnbAks
prap	1	prAp
prap	0	prAp
prab	1	prAb
prab	0	prAb
praab	1	prAb
praab	0	prAb
dei	1	dEy
dei	0	dEy
noryoubay	1	nOyObAy
noryoubay	0	nOyObAy
noyoubay	1	nOyObAy
noyoubay	0	nOyObAy
aektutdom	1	EktOtdOm
aektutdom	0	EktOtdOm
aekotdam	1	EkOtdAm
aekotdam	0	EkOtdAm
ekotdam	1	EkOtdAm
ekotdam	0	EkOtdAm
klah	1	klA
klah	0	klAh
khlah	1	klA
khlah	0	klAh
kla	1	klA
kla	0	klA
khla	1	klA
khla	0	klA
daoysa	1	dOysA
daoysa	0	dOysA
daoysar	1	dOysA
daoysar	0	dOysAr
ongka	1	ONkA
ongka	0	ONkA
angkokar	1	ANkOkA
angkokar	0	ANkOkAr
domboung	1	dOmbON
domboung	0	dOmbON
damboung	1	dAmbON
damboung	0	dAmbON
dambong	1	dAmbON
dambong	0	dAmbON
tnak	1	tnAk
tnak	0	tnAk
thnak	1	tnAk
thnak	0	tnAk
prochhang	1	prOcAN
prochhang	0	prOcAN
prachhang	1	prAcAN
prachhang	0	prAcAN
onlanh	1	OnlAY
onlanh	0	OnlAY
anlanh	1	AnlAY
anlanh	0	AnlAY
domnaeuka	1	dOmnEkA
domnaeuka	0	dOmnEkA
damnaeurkar	1	dAmnEkA
damnaeurkar	0	dAmnEkAr
prophup	1	prOpOp
prophup	0	prOpOp
praphop	1	prApOp
praphop	0	prApOp
visay	1	vEsAy
visay	0	vEsAy
visai	1	vEsAy
visai	0	vEsAy
chett	1	cEt
chett	0	cEt
boroh	1	bOrO
boroh	0	bOrOh
boros	1	bOrO
boros	0	bOrOs
srei	1	srEy
srei	0	srEy
dara	1	dArA
dara	0	dArA
tarea	1	tArJ
tarea	0	tArJ
kat	1	kAt
kat	0	kAt
khat	1	kAt
khat	0	kAt
somrach	1	sOmrAc
somrach	0	sOmrAc
samrech	1	sAmrEc
samrech	0	sAmrEc
samatthakech	1	sAmAtAkEc
samatthakech	0	sAmAtAkEc
samtthakechch	1	sAmtAkEc
samtthakechch	0	sAmtAkEc
bor	1	bO
bor	0	bOr
boh	1	bO
boh	0	bOh
baoh	1	bO
baoh	0	bOh
bou	1	bO
bou	0	bO
bo	1	bO
bo	0	bO
buoh	1	bO
buoh	0	bOh
buos	1	bO
buos	0	bOs
ba	1	bA
ba	0	bA
chneah	1	cnJ
chneah	0	cnJh
chhneah	1	cnJ
chhneah	0	cnJh
rong	1	rON
rong	0	rON
roung	1	rON
roung	0	rON
nokorbal	1	nOkObAl
nokorbal	0	nOkObAl
nokrobal	1	nOkrObAl
nokrobal	0	nOkrObAl
slap	1	slAp
slap	0	slAp
slab	1	slAb
slab	0	slAb
sakamapheap	1	sAkAmApJp
sakamapheap	0	sAkAmApJp
sakammopheap	1	sAkAmOpJp
sakammopheap	0	sAkAmOpJp
thay	1	tAy
thay	0	tAy
thai	1	tAy
thai	0	tAy
baltoat	1	bAltQt
baltoat	0	bAltQt
choap	1	cQp
choap	0	cQp
choab	1	cQb
choab	0	cQb
komlang	1	kOmlAN
komlang	0	kOmlAN
kamleang	1	kAmlJN
kamleang	0	kAmlJN
kehatumpoa	1	kEhAtOmpQ
kehatumpoa	0	kEhAtOmpQ
kehtumpoar	1	kEhtOmpQ
kehtumpoar	0	kEhtOmpQr
daeum	1	dEm
daeum	0	dEm
ruoch	1	rOc
ruoch	0	rOc
rouch	1	rOc
rouch	0	rOc
komnot	1	kOmnOt
komnot	0	kOmnOt
kamnat	1	kAmnAt
kamnat	0	kAmnAt
mokpi	1	mOkpE
mokpi	0	mOkpE
bondanh	1	bOndAY
bondanh	0	bOndAY
bandanh	1	bAndAY
bandanh	0	bAndAY
piseh	1	pEsE
piseh	0	pEsEh
pises	1	pEsE
pises	0	pEsEs
setthakech	1	sEtAkEc
setthakech	0	sEtAkEc
sedthakechch	1	sEdtAkEc
sedthakechch	0	sEdtAkEc
novtae	1	nOvtE
novtae	0	nOvtE
noute	1	nOtE
noute	0	nOtE
pholetaphol	1	pOlEtApOl
pholetaphol	0	pOlEtApOl
phalitphal	1	pAlEtpAl
phalitphal	0	pAlEtpAl
peakpoan	1	pJkpQn
peakpoan	0	pJkpQn
peakpoanth	1	pJkpQnt
peakpoanth	0	pJkpQnt
pachobon	1	pAcObOn
pachobon	0	pAcObOn
bachchobbann	1	bAcObAn
bachchobbann	0	bAcObAn
prek	1	prEk
prek	0	prEk
pruek	1	prEk
pruek	0	prEk
proek	1	prEk
proek	0	prEk
seksa	1	sEksA
seksa	0	sEksA
chomnoch	1	cOmnOc
chomnoch	0	cOmnOc
chamnoch	1	cAmnOc
chamnoch	0	cAmnOc
kruosa	1	krOsA
kruosa	0	krOsA
kruosar	1	krOsA
kruosar	0	krOsAr
menmean	1	mEnmJn
menmean	0	mEnmJn
minmean	1	mEnmJn
minmean	0	mEnmJn
aokah	1	OkA
aokah	0	OkAh
aokas	1	OkA
aokas	0	OkAs
keylakor	1	kEylAkO
keylakor	0	kEylAkOr
keilakar	1	kEylAkA
keilakar	0	kEylAkAr
roveang	1	rOvJN
roveang	0	rOvJN
petchea	1	pEtcJ
petchea	0	pEtcJ
pitchea	1	pEtcJ
pitchea	0	pEtcJ
kumroung	1	kOmrON
kumroung	0	kOmrON
komroung	1	kOmrON
komroung	0	kOmrON
teaktong	1	tJktON
teaktong	0	tJktON
ruom	1	rOm
ruom	0	rOm
roum	1	rOm
roum	0	rOm
rum	1	rOm
rum	0	rOm
teangnih	1	tJNnE
teangnih	0	tJNnEh
teangneh	1	tJNnE
teangneh	0	tJNnEh
roatmuntrey	1	rQtmOntrEy
roatmuntrey	0	rQtmOntrEy
rodthamntrei	1	rOdtAmntrEy
rodthamntrei	0	rOdtAmntrEy
reachtheanipnumpenh	1	rJctJnEpnOmpEY
reachtheanipnumpenh	0	rJctJnEpnOmpEY
reachtheaniphnumpenh	1	rJctJnEpnOmpEY
reachtheaniphnumpenh	0	rJctJnEpnOmpEY
tlaeng	1	tlEN
tlaeng	0	tlEN
thlaeng	1	tlEN
thlaeng	0	tlEN
thleng	1	tlEN
thleng	0	tlEN
klaychea	1	klAycJ
klaychea	0	klAycJ
tumneaktumnong	1	tOmnJktOmnON
tumneaktumnong	0	tOmnJktOmnON
puok	1	pOk
puok	0	pOk
puk	1	pOk
puk	0	pOk
menmaen	1	mEnmEn
menmaen	0	mEnmEn
minmaen	1	mEnmEn
minmaen	0	mEnmEn
minmen	1	mEnmEn
minmen	0	mEnmEn
masin	1	mAsEn
masin	0	mAsEn
keyla	1	kEylA
keyla	0	kEylA
keila	1	kEylA
keila	0	kEylA
pholet	1	pOlEt
pholet	0	pOlEt
phalit	1	pAlEt
phalit	0	pAlEt
pithi	1	pEtE
pithi	0	pEtE
rungvoan	1	rONvQn
rungvoan	0	rONvQn
rongvoan	1	rONvQn
rongvoan	0	rONvQn
achnhathor	1	AcYAtO
achnhathor	0	AcYAtOr
achnheathor	1	AcYJtO
achnheathor	0	AcYJtOr
cheapiseh	1	cJpEsE
cheapiseh	0	cJpEsEh
cheapises	1	cJpEsE
cheapises	0	cJpEsEs
ponoh	1	pOnO
ponoh	0	pOnOh
ponnaoh	1	pOnO
ponnaoh	0	pOnOh
daoysatae	1	dOysAtE
daoysatae	0	dOysAtE
daoysartae	1	dOysAtE
daoysartae	0	dOysAtE
daoysarte	1	dOysAtE
daoysarte	0	dOysAtE
roat	1	rQt
roat	0	rQt
rodth	1	rOdt
rodth	0	rOdt
anuvoat	1	AnOvQt
anuvoat	0	AnOvQt
anuvott	1	AnOvOt
anuvott	0	AnOvOt
songkat	1	sONkAt
songkat	0	sONkAt
sangkat	1	sANkAt
sangkat	0	sANkAt
bohchnaot	1	bOhcnOt
bohchnaot	0	bOhcnOt
baohchhnaot	1	bOhcnOt
baohchhnaot	0	bOhcnOt
pinet	1	pEnEt
pinet	0	pEnEt
pinity	1	pEnEty
pinity	0	pEnEty
phong	1	pON
phong	0	pON
pong	1	pON
pong	0	pON
phang	1	pAN
phang	0	pAN
krav	1	krAv
krav	0	krAv
krau	1	krO
krau	0	krO
kru	1	krO
kru	0	krO
kror	1	krO
kror	0	krOr
kruoh	1	krO
kruoh	0	krOh
lattheaphol	1	lAtJpOl
lattheaphol	0	lAtJpOl
lotthophal	1	lOtOpAl
lotthophal	0	lOtOpAl
songsay	1	sONsAy
songsay	0	sONsAy
sangsai	1	sANsAy
sangsai	0	sANsAy
sangsay	1	sANsAy
sangsay	0	sANsAy
bongkor	1	bONkO
bongkor	0	bONkOr
bangk	1	bANk
bangk	0	bANk
peak	1	pJk
peak	0	pJk
peaky	1	pJky
peaky	0	pJky
mulatthan	1	mOlAtAn
mulatthan	0	mOlAtAn
muldthan	1	mOldtAn
muldthan	0	mOldtAn
nea	1	nJ
nea	0	nJ
sapda	1	sApdA
sapda	0	sApdA
sabda	1	sAbdA
sabda	0	sAbdA
sabdah	1	sAbdA
sabdah	0	sAbdAh
chongkraoy	1	cONkrOy
chongkraoy	0	cONkrOy
tloap	1	tlQp
tloap	0	tlQp
thloab	1	tlQb
thloab	0	tlQb
aha	1	AhA
aha	0	AhA
ahar	1	AhA
ahar	0	AhAr
ksae	1	ksE
ksae	0	ksE
khsae	1	ksE
khsae	0	ksE
khse	1	ksE
khse	0	ksE
upakor	1	OpAkO
upakor	0	OpAkOr
obakro	1	ObAkrO
obakro	0	ObAkrO
obakron	1	ObAkrOn
obakron	0	ObAkrOn
ruppheap	1	rOpJp
ruppheap	0	rOpJp
rubpheap	1	rObpJp
rubpheap	0	rObpJp
arom	1	ArOm
arom	0	ArOm
arommo	1	ArOmO
arommo	0	ArOmO
arommon	1	ArOmOn
arommon	0	ArOmOn
chlong	1	clON
chlong	0	clON
chhlang	1	clAN
chhlang	0	clAN
kroap	1	krQp
kroap	0	krQp
kroab	1	krQb
kroab	0	krQb
kanha	1	kAYA
kanha	0	kAYA
kanhnhea	1	kAYJ
kanhnhea	0	kAYJ
chuncheat	1	cOncJt
chuncheat	0	cOncJt
choncheate	1	cOncJtE
choncheate	0	cOncJtE
touch	1	tOc
touch	0	tOc
toch	1	tOc
toch	0	tOc
tuch	1	tOc
tuch	0	tOc
kluonaeng	1	klOnEN
kluonaeng	0	klOnEN
khluonaeng	1	klOnEN
khluonaeng	0	klOnEN
khluoneng	1	klOnEN
khluoneng	0	klOnEN
sat	1	sAt
sat	0	sAt
satv	1	sAtv
satv	0	sAtv
rohoutdol	1	rOhOtdOl
rohoutdol	0	rOhOtdOl
rohoutdal	1	rOhOtdAl
rohoutdal	0	rOhOtdAl
rohotdal	1	rOhOtdAl
rohotdal	0	rOhOtdAl
laeungvenh	1	lENvEY
laeungvenh	0	lENvEY
laeungvinh	1	lENvEY
laeungvinh	0	lENvEY
samachek	1	sAmAcEk
samachek	0	sAmAcEk
sameachik	1	sAmJcEk
sameachik	0	sAmJcEk
poa	1	pQ
poa	0	pQ
poah	1	pQ
poah	0	pQh
porn	1	pOn
porn	0	pOn
poun	1	pOn
poun	0	pOn
pon	1	pOn
pon	0	pOn
pun	1	pOn
pun	0	pOn
phaon	1	pOn
phaon	0	pOn
robiep	1	rObJp
robiep	0	rObJp
robieb	1	rObJb
robieb	0	rObJb
leuklaeung	1	lEklEN
leuklaeung	0	lEklEN
leuklaeng	1	lEklEN
leuklaeng	0	lEklEN
leukleng	1	lEklEN
leukleng	0	lEklEN
komret	1	kOmrEt
komret	0	kOmrEt
kamrit	1	kAmrEt
kamrit	0	kAmrEt
banhchop	1	bAYcOp
banhchop	0	bAYcOp
banhchhup	1	bAYcOp
banhchhup	0	bAYcOp
banhchab	1	bAYcAb
banhchab	0	bAYcAb
tuk	1	tOk
tuk	0	tOk
tukkh	1	tOk
tukkh	0	tOk
tok	1	tOk
tok	0	tOk
thaok	1	tOk
thaok	0	tOk
khand	1	kAnd
khand	0	kAnd
rupnih	1	rOpnE
rupnih	0	rOpnEh
rubneh	1	rObnE
rubneh	0	rObnEh
mor	1	mO
mor	0	mOr
mo	1	mO
mo	0	mO
mau	1	mO
mau	0	mO
mou	1	mO
mou	0	mO
svaengrok	1	svENrOk
svaengrok	0	svENrOk
svengrok	1	svENrOk
svengrok	0	svENrOk
tipsa	1	tEpsA
tipsa	0	tEpsA
tiphsar	1	tEpsA
tiphsar	0	tEpsAr
pyeabal	1	pyJbAl
pyeabal	0	pyJbAl
sovatthepheap	1	sOvAtEpJp
sovatthepheap	0	sOvAtEpJp
sovtthepheap	1	sOvtEpJp
sovtthepheap	0	sOvtEpJp
dechou	1	dEcO
dechou	0	dEcO
techou	1	tEcO
techou	0	tEcO
skoal	1	skQl
skoal	0	skQl
videou	1	vEdEO
videou	0	vEdEO
video	1	vEdEO
video	0	vEdEO
bondal	1	bOndAl
bondal	0	bOndAl
bandal	1	bAndAl
bandal	0	bAndAl
neayuokroatmuntrey	1	nJyOkrQtmOntrEy
neayuokroatmuntrey	0	nJyOkrQtmOntrEy
neaykardthamntrei	1	nJykAdtAmntrEy
neaykardthamntrei	0	nJykAdtAmntrEy
pelvelea	1	pElvElJ
pelvelea	0	pElvElJ
chap	1	cAp
chap	0	cAp
chhap	1	cAp
chhap	0	cAp
chab	1	cAb
chab	0	cAb
chhab	1	cAb
chhab	0	cAb
saharoat	1	sAhArQt
saharoat	0	sAhArQt
sahrodth	1	sAhrOdt
sahrodth	0	sAhrOdt
procham	1	prOcAm
procham	0	prOcAm
pracham	1	prAcAm
pracham	0	prAcAm
moutou	1	mOtO
moutou	0	mOtO
moto	1	mOtO
moto	0	mOtO
ptoal	1	ptQl
ptoal	0	ptQl
phtoal	1	ptQl
phtoal	0	ptQl
dohsray	1	dOhsrAy
dohsray	0	dOhsrAy
daohsray	1	dOhsrAy
daohsray	0	dOhsrAy
chomnaek	1	cOmnEk
chomnaek	0	cOmnEk
chamnaek	1	cAmnEk
chamnaek	0	cAmnEk
chamnek	1	cAmnEk
chamnek	0	cAmnEk
titang	1	tEtAN
titang	0	tEtAN
psopsay	1	psOpsAy
psopsay	0	psOpsAy
phsapvophsay	1	psApvOpsAy
phsapvophsay	0	psApvOpsAy
koure	1	kOrE
koure	0	kOrE
kore	1	kOrE
kore	0	kOrE
prohael	1	prOhEl
prohael	0	prOhEl
prahael	1	prAhEl
prahael	0	prAhEl
prahel	1	prAhEl
prahel	0	prAhEl
an	1	An
an	0	An
louksrey	1	lOksrEy
louksrey	0	lOksrEy
louksrei	1	lOksrEy
louksrei	0	lOksrEy
reaksa	1	rJksA
reaksa	0	rJksA
roksa	1	rOksA
roksa	0	rOksA
prosaeu	1	prOsE
prosaeu	0	prOsE
prasaeur	1	prAsE
prasaeur	0	prAsEr
sthetnov	1	stEtnOv
sthetnov	0	stEtnOv
sthetnou	1	stEtnO
sthetnou	0	stEtnO
namuoy	1	nAmOy
namuoy	0	nAmOy
chreuhreuh	1	crEhrE
chreuhreuh	0	crEhrEh
chreusreus	1	crEsrE
chreusreus	0	crEsrEs
somdaeng	1	sOmdEN
somdaeng	0	sOmdEN
samdaeng	1	sAmdEN
samdaeng	0	sAmdEN
samdeng	1	sAmdEN
samdeng	0	sAmdEN
kondal	1	kOndAl
kondal	0	kOndAl
kandal	1	kAndAl
kandal	0	kAndAl
vietnam	1	vJtnAm
vietnam	0	vJtnAm
roatthabal	1	rQtAbAl
roatthabal	0	rQtAbAl
rodthabal	1	rOdtAbAl
rodthabal	0	rOdtAbAl
chomnay	1	cOmnAy
chomnay	0	cOmnAy
chamnay	1	cAmnAy
chamnay	0	cAmnAy
bongpoun	1	bONpOn
bongpoun	0	bONpOn
bongpun	1	bONpOn
bongpun	0	bONpOn
bangpoun	1	bANpOn
bangpoun	0	bANpOn
bangpon	1	bANpOn
bangpon	0	bANpOn
kdey	1	kdEy
kdey	0	kdEy
kdei	1	kdEy
kdei	0	kdEy
aphivoat	1	ApEvQt
aphivoat	0	ApEvQt
aphivodth	1	ApEvOdt
aphivodth	0	ApEvOdt
baepnih	1	bEpnE
baepnih	0	bEpnEh
baebneh	1	bEbnE
baebneh	0	bEbnEh
bebneh	1	bEbnE
bebneh	0	bEbnEh
rokkheunh	1	rOkEY
rokkheunh	0	rOkEY
plahpdou	1	plAhpdO
plahpdou	0	plAhpdO
phlaspdour	1	plAspdO
phlaspdour	0	plAspdOr
phlaspdor	1	plAspdO
phlaspdor	0	plAspdOr
day	1	dAy
day	0	dAy
dai	1	dAy
dai	0	dAy
bongkaeun	1	bONkEn
bongkaeun	0	bONkEn
bangkaeun	1	bANkEn
bangkaeun	0	bANkEn
neanea	1	nJnJ
neanea	0	nJnJ
neati	1	nJtE
neati	0	nJtE
bonhchoul	1	bOYcOl
bonhchoul	0	bOYcOl
banhchoul	1	bAYcOl
banhchoul	0	bAYcOl
banhchol	1	bAYcOl
banhchol	0	bAYcOl
salea	1	sAlJ
salea	0	sAlJ
atthabot	1	AtAbOt
atthabot	0	AtAbOt
atthabat	1	AtAbAt
atthabat	0	AtAbAt
moha	1	mOhA
moha	0	mOhA
chambach	1	cAmbAc
chambach	0	cAmbAc
chumrunh	1	cOmrOY
chumrunh	0	cOmrOY
chomrunh	1	cOmrOY
chomrunh	0	cOmrOY
proman	1	prOmAn
proman	0	prOmAn
pramean	1	prAmJn
pramean	0	prAmJn
promteang	1	prOmtJN
promteang	0	prOmtJN
choukchey	1	cOkcEy
choukchey	0	cOkcEy
choukchoay	1	cOkcQy
choukchoay	0	cOkcQy
kordouchea	1	kOdOcJ
kordouchea	0	kOdOcJ
kadouchchea	1	kAdOcJ
kadouchchea	0	kAdOcJ
kadochchea	1	kAdOcJ
kadochchea	0	kAdOcJ
tureasap	1	tOrJsAp
tureasap	0	tOrJsAp
tursapt	1	tOsApt
tursapt	0	tOsApt
kroantae	1	krQntE
kroantae	0	krQntE
kroante	1	krQntE
kroante	0	krQntE
naenoam	1	nEnQm
naenoam	0	nEnQm
nenoam	1	nEnQm
nenoam	0	nEnQm
leakkhana	1	lJkAnA
leakkhana	0	lJkAnA
lokkhanak	1	lOkAnAk
lokkhanak	0	lOkAnAk
lokkhana	1	lOkAnA
lokkhana	0	lOkAnA
vithi	1	vEtE
vithi	0	vEtE
achiveakam	1	AcEvJkAm
achiveakam	0	AcEvJkAm
achivkamm	1	AcEvkAm
achivkamm	0	AcEvkAm
yup	1	yOp
yup	0	yOp
yob	1	yOb
yob	0	yOb
taengtae	1	tENtE
taengtae	0	tENtE
tengte	1	tENtE
tengte	0	tENtE
tleak	1	tlJk
tleak	0	tlJk
thleak	1	tlJk
thleak	0	tlJk
banh	1	bAY
banh	0	bAY
lbaeng	1	lbEN
lbaeng	0	lbEN
lbeng	1	lbEN
lbeng	0	lbEN
chak	1	cAk
chak	0	cAk
chhak	1	cAk
chhak	0	cAk
ngeaysruol	1	NJysrOl
ngeaysruol	0	NJysrOl
siemreab	1	sJmrJb
siemreab	0	sJmrJb
teangnuh	1	tJNnO
teangnuh	0	tJNnOh
teangnuoh	1	tJNnO
teangnuoh	0	tJNnOh
teangnoah	1	tJNnQ
teangnoah	0	tJNnQh
anunhat	1	AnOYAt
anunhat	0	AnOYAt
anunhnheat	1	AnOYJt
anunhnheat	0	AnOYJt
rien	1	rJn
rien	0	rJn
sahakum	1	sAhAkOm
sahakum	0	sAhAkOm
sahkomo	1	sAhkOmO
sahkomo	0	sAhkOmO
sahkomon	1	sAhkOmOn
sahkomon	0	sAhkOmOn
kaeun	1	kEn
kaeun	0	kEn
ken	1	kEn
ken	0	kEn
peanecheakam	1	pJnEcJkAm
peanecheakam	0	pJnEcJkAm
peanechchokamm	1	pJnEcOkAm
peanechchokamm	0	pJnEcOkAm
bontoap	1	bOntQp
bontoap	0	bOntQp
bantoab	1	bAntQb
bantoab	0	bAntQb
atethechun	1	AtEtEcOn
atethechun	0	AtEtEcOn
atethechon	1	AtEtEcOn
atethechon	0	AtEtEcOn
sarapoatamean	1	sArApQtAmJn
sarapoatamean	0	sArApQtAmJn
sarpoartmean	1	sApQtmJn
sarpoartmean	0	sApQtmJn
chumvenh	1	cOmvEY
chumvenh	0	cOmvEY
chumvinh	1	cOmvEY
chumvinh	0	cOmvEY
chumreuh	1	cOmrE
chumreuh	0	cOmrEh
chomreus	1	cOmrE
chomreus	0	cOmrEs
adet	1	AdEt
adet	0	AdEt
ateit	1	AtEyt
ateit	0	AtEyt
vaksang	1	vAksAN
vaksang	0	vAksAN
banhchun	1	bAYcOn
banhchun	0	bAYcOn
trevka	1	trEvkA
trevka	0	trEvkA
trouvkar	1	trOvkA
trouvkar	0	trOvkAr
trovkar	1	trOvkA
trovkar	0	trOvkAr
cheadaeum	1	cJdEm
cheadaeum	0	cJdEm
ponmean	1	pOnmJn
ponmean	0	pOnmJn
roal	1	rQl
roal	0	rQl
bonthoy	1	bOntOy
bonthoy	0	bOntOy
banthay	1	bAntAy
banthay	0	bAntAy
youngtam	1	yONtAm
youngtam	0	yONtAm
bet	1	bEt
bet	0	bEt
slot	1	slOt
slot	0	slOt
slat	1	slAt
slat	0	slAt
tesachor	1	tEsAcO
tesachor	0	tEsAcOr
tesachro	1	tEsAcrO
tesachro	0	tEsAcrO
tesachron	1	tEsAcrOn
tesachron	0	tEsAcrOn
kompul	1	kOmpOl
kompul	0	kOmpOl
kampul	1	kAmpOl
kampul	0	kAmpOl
aphivdtho	1	ApEvdtO
aphivdtho	0	ApEvdtO
aphivdthon	1	ApEvdtOn
aphivdthon	0	ApEvdtOn
ong	1	ON
ong	0	ON
angk	1	ANk
angk	0	ANk
dong	1	dON
dong	0	dON
duong	1	dON
duong	0	dON
doung	1	dON
doung	0	dON
dang	1	dAN
dang	0	dAN
bot	1	bOt
bot	0	bOt
tngaynih	1	tNAynE
tngaynih	0	tNAynEh
thngaineh	1	tNAynE
thngaineh	0	tNAynEh
rohout	1	rOhOt
rohout	0	rOhOt
rohot	1	rOhOt
rohot	0	rOhOt
kaeuthaet	1	kEtEt
kaeuthaet	0	kEtEt
kaeutheto	1	kEtEtO
kaeutheto	0	kEtEtO
bon	1	bOn
bon	0	bOn
buon	1	bOn
buon	0	bOn
bun	1	bOn
bun	0	bOn
bony	1	bOY
bony	0	bOY
taemdong	1	tEmdON
taemdong	0	tEmdON
taemdang	1	tEmdAN
taemdang	0	tEmdAN
temdang	1	tEmdAN
temdang	0	tEmdAN
pleam	1	plJm
pleam	0	plJm
phleam	1	plJm
phleam	0	plJm
chopon	1	cOpOn
chopon	0	cOpOn
sravchreav	1	srAvcrJv
sravchreav	0	srAvcrJv
trevtae	1	trEvtE
trevtae	0	trEvtE
trouvtae	1	trOvtE
trouvtae	0	trOvtE
trovte	1	trOvtE
trovte	0	trOvtE
trung	1	trON
trung	0	trON
trong	1	trON
trong	0	trON
tboung	1	tbON
tboung	0	tbON
tbong	1	tbON
tbong	0	tbON
samatthapheap	1	sAmAtApJp
samatthapheap	0	sAmAtApJp
samtthapheap	1	sAmtApJp
samtthapheap	0	sAmtApJp
chomnaom	1	cOmnOm
chomnaom	0	cOmnOm
chamnaom	1	cAmnOm
chamnaom	0	cAmnOm
oprum	1	OprOm
oprum	0	OprOm
abrum	1	AbrOm
abrum	0	AbrOm
srop	1	srOp
srop	0	srOp
sroup	1	srOp
sroup	0	srOp
srab	1	srAb
srab	0	srAb
kordaoy	1	kOdOy
kordaoy	0	kOdOy
kadaoy	1	kAdOy
kadaoy	0	kAdOy
reachroatthaphibal	1	rJcrQtApEbAl
reachroatthaphibal	0	rJcrQtApEbAl
reachrodthaphibal	1	rJcrOdtApEbAl
reachrodthaphibal	0	rJcrOdtApEbAl
yuveachun	1	yOvJcOn
yuveachun	0	yOvJcOn
yuvchon	1	yOvcOn
yuvchon	0	yOvcOn
viniyouk	1	vEnEyOk
viniyouk	0	vEnEyOk
set	1	sEt
set	0	sEt
setth	1	sEt
setth	0	sEt
setthi	1	sEtE
setthi	0	sEtE
at	1	At
at	0	At
chheam	1	cJm
chheam	0	cJm
novtam	1	nOvtAm
novtam	0	nOvtAm
noutam	1	nOtAm
noutam	0	nOtAm
tolaka	1	tOlAkA
tolaka	0	tOlAkA
toleakar	1	tOlJkA
toleakar	0	tOlJkAr
rikreay	1	rEkrJy
rikreay	0	rEkrJy
tremtrev	1	trEmtrEv
tremtrev	0	trEmtrEv
troemtrouv	1	trEmtrOv
troemtrouv	0	trEmtrOv
troemtrov	1	trEmtrOv
troemtrov	0	trEmtrOv
pheaki	1	pJkE
pheaki	0	pJkE
prokopdaoy	1	prOkOpdOy
prokopdaoy	0	prOkOpdOy
prakbadaoy	1	prAkbAdOy
prakbadaoy	0	prAkbAdOy
choultov	1	cOltOv
choultov	0	cOltOv
choltou	1	cOltO
choltou	0	cOltO
sthanpheap	1	stAnpJp
sthanpheap	0	stAnpJp
pheakchraeun	1	pJkcrEn
pheakchraeun	0	pJkcrEn
yangna	1	yANnA
yangna	0	yANnA
proyut	1	prOyOt
proyut	0	prOyOt
prayutth	1	prAyOt
prayutth	0	prAyOt
tnam	1	tnAm
tnam	0	tnAm
thnam	1	tnAm
thnam	0	tnAm
sthet	1	stEt
sthet	0	stEt
kbal	1	kbAl
kbal	0	kbAl
sarop	1	sArOp
sarop	0	sArOp
sarub	1	sArOb
sarub	0	sArOb
kruohtnak	1	krOhtnAk
kruohtnak	0	krOhtnAk
kruohthnak	1	krOhtnAk
kruohthnak	0	krOhtnAk
kroahthnak	1	krQhtnAk
kroahthnak	0	krQhtnAk
ahang	1	AhAN
ahang	0	AhAN
thavika	1	tAvEkA
thavika	0	tAvEkA
domnang	1	dOmnAN
domnang	0	dOmnAN
tamnang	1	tAmnAN
tamnang	0	tAmnAN
protheaneathepadey	1	prOtJnJtEpAdEy
protheaneathepadey	0	prOtJnJtEpAdEy
pratheaneathibtei	1	prAtJnJtEbtEy
pratheaneathibtei	0	prAtJnJtEbtEy
thoameachea	1	tQmJcJ
thoameachea	0	tQmJcJ
thommocheate	1	tOmOcJtE
thommocheate	0	tOmOcJtE
ruhsi	1	rOhsE
ruhsi	0	rOhsE
russi	1	rOsE
russi	0	rOsE
kumnet	1	kOmnEt
kumnet	0	kOmnEt
kumnit	1	kOmnEt
kumnit	0	kOmnEt
komnaeut	1	kOmnEt
komnaeut	0	kOmnEt
ngor	1	NO
ngor	0	NOr
ngo	1	NO
ngo	0	NO
neapel	1	nJpEl
neapel	0	nJpEl
bompenh	1	bOmpEY
bompenh	0	bOmpEY
bampenh	1	bAmpEY
bampenh	0	bAmpEY
konlongmok	1	kOnlONmOk
konlongmok	0	kOnlONmOk
kanlongmok	1	kAnlONmOk
kanlongmok	0	kAnlONmOk
hav	1	hAv
hav	0	hAv
hau	1	hO
hau	0	hO
hou	1	hO
hou	0	hO
hour	1	hO
hour	0	hOr
hor	1	hO
hor	0	hOr
huoh	1	hO
huoh	0	hOh
huos	1	hO
huos	0	hOs
hoh	1	hO
hoh	0	hOh
haoh	1	hO
haoh	0	hOh
ho	1	hO
ho	0	hO
hao	1	hO
hao	0	hO
sontesok	1	sOntEsOk
sontesok	0	sOntEsOk
santesokh	1	sAntEsOk
santesokh	0	sAntEsOk
komsan	1	kOmsAn
komsan	0	kOmsAn
kamsant	1	kAmsAnt
kamsant	0	kAmsAnt
loukneak	1	lOknJk
loukneak	0	lOknJk
louknak	1	lOknAk
louknak	0	lOknAk
koma	1	kOmA
koma	0	kOmA
komear	1	kOmJ
komear	0	kOmJr
douchknea	1	dOcknJ
douchknea	0	dOcknJ
dochknea	1	dOcknJ
dochknea	0	dOcknJ
pachekvityea	1	pAcEkvEtyJ
pachekvityea	0	pAcEkvEtyJ
bachchekvityea	1	bAcEkvEtyJ
bachchekvityea	0	bAcEkvEtyJ
sbaek	1	sbEk
sbaek	0	sbEk
sbek	1	sbEk
sbek	0	sbEk
prosah	1	prOsA
prosah	0	prOsAh
prasasa	1	prAsAsA
prasasa	0	prAsAsA
prasasan	1	prAsAsAn
prasasan	0	prAsAsAn
dortey	1	dOtEy
dortey	0	dOtEy
datey	1	dAtEy
datey	0	dAtEy
pnhiev	1	pYJv
pnhiev	0	pYJv
phnhiev	1	pYJv
phnhiev	0	pYJv
bey	1	bEy
bey	0	bEy
meakara	1	mJkArA
meakara	0	mJkArA
mokrea	1	mOkrJ
mokrea	0	mOkrJ
barang	1	bArAN
barang	0	bArAN
bareang	1	bArJN
bareang	0	bArJN
cheamuoyknea	1	cJmOyknJ
cheamuoyknea	0	cJmOyknJ
sathearana	1	sAtJrAnA
sathearana	0	sAtJrAnA
sathearnak	1	sAtJnAk
sathearnak	0	sAtJnAk
sathearna	1	sAtJnA
sathearna	0	sAtJnA
chbah	1	cbA
chbah	0	cbAh
chbas	1	cbA
chbas	0	cbAs
theanea	1	tJnJ
theanea	0	tJnJ
tuohbeychea	1	tOhbEycJ
tuohbeychea	0	tOhbEycJ
tuohbeichea	1	tOhbEycJ
tuohbeichea	0	tOhbEycJ
toahbeichea	1	tQhbEycJ
toahbeichea	0	tQhbEycJ
yul	1	yOl
yul	0	yOl
choulchet	1	cOlcEt
choulchet	0	cOlcEt
choulchett	1	cOlcEt
choulchett	0	cOlcEt
cholchett	1	cOlcEt
cholchett	0	cOlcEt
noay	1	nQy
noay	0	nQy
borroteh	1	bOrOtE
borroteh	0	bOrOtEh
bartes	1	bAtE
bartes	0	bAtEs
ruomean	1	rOmJn
ruomean	0	rOmJn
ruommean	1	rOmJn
ruommean	0	rOmJn
baep	1	bEp
baep	0	bEp
baeb	1	bEb
baeb	0	bEb
beb	1	bEb
beb	0	bEb
chumnuoy	1	cOmnOy
chumnuoy	0	cOmnOy
ongkleh	1	ONklE
ongkleh	0	ONklEh
angkles	1	ANklE
angkles	0	ANklEs
kechka	1	kEckA
kechka	0	kEckA
kechchakar	1	kEcAkA
kechchakar	0	kEcAkAr
kunapheap	1	kOnApJp
kunapheap	0	kOnApJp
kunpheap	1	kOnpJp
kunpheap	0	kOnpJp
kuotae	1	kOtE
kuotae	0	kOtE
kuortae	1	kOtE
kuortae	0	kOtE
kuorte	1	kOtE
kuorte	0	kOtE
velea	1	vElJ
velea	0	vElJ
tukdak	1	tOkdAk
tukdak	0	tOkdAk
chapi	1	cApE
chapi	0	cApE
chabpi	1	cAbpE
chabpi	0	cAbpE
theaneakea	1	tJnJkJ
theaneakea	0	tJnJkJ
thoneakear	1	tOnJkJ
thoneakear	0	tOnJkJr
sangsong	1	sANsON
sangsong	0	sANsON
sangsang	1	sANsAN
sangsang	0	sANsAN
chah	1	cA
chah	0	cAh
chha	1	cA
chha	0	cA
jas	1	cA
jas	0	cAs
hnoeng	1	hnEN
hnoeng	0	hnEN
anhcheunh	1	AYcEY
anhcheunh	0	AYcEY
kouldav	1	kOldAv
kouldav	0	kOldAv
kouldau	1	kOldO
kouldau	0	kOldO
sevakam	1	sEvAkAm
sevakam	0	sEvAkAm
seveakamm	1	sEvJkAm
seveakamm	0	sEvJkAm
ae	1	E
ae	0	E
e	1	E
e	0	E
i	1	E
i	0	E
eh	1	E
eh	0	Eh
es	1	E
es	0	Es
aekasa	1	EkAsA
aekasa	0	EkAsA
aeksar	1	EksA
aeksar	0	EksAr
eksar	1	EksA
eksar	0	EksAr
tumhum	1	tOmhOm
tumhum	0	tOmhOm
tumham	1	tOmhAm
tumham	0	tOmhAm
sahaka	1	sAhAkA
sahaka	0	sAhAkA
sahkar	1	sAhkA
sahkar	0	sAhkAr
samot	1	sAmOt
samot	0	sAmOt
samutr	1	sAmOtr
samutr	0	sAmOtr
yor	1	yO
yor	0	yOr
yo	1	yO
yo	0	yO
yu	1	yO
yu	0	yO
yur	1	yO
yur	0	yOr
you	1	yO
you	0	yO
chih	1	cE
chih	0	cEh
chheu	1	cE
chheu	0	cE
cheh	1	cE
cheh	0	cEh
cheu	1	cE
cheu	0	cE
choea	1	cE
choea	0	cE
chhueu	1	cE
chhueu	0	cE
chhoe	1	cE
chhoe	0	cE
chi	1	cE
chi	0	cE
chheh	1	cE
chheh	0	cEh
che	1	cE
che	0	cE
cher	1	cE
cher	0	cEr
kechprochum	1	kEcprOcOm
kechprochum	0	kEcprOcOm
kechchabrochum	1	kEcAbrOcOm
kechchabrochum	0	kEcAbrOcOm
klep	1	klEp
klep	0	klEp
kloeb	1	klEb
kloeb	0	klEb
kleb	1	klEb
kleb	0	klEb
neaksrey	1	nJksrEy
neaksrey	0	nJksrEy
naksrei	1	nAksrEy
naksrei	0	nAksrEy
sam	1	sAm
sam	0	sAm
pyeayeam	1	pyJyJm
pyeayeam	0	pyJyJm
tremtae	1	trEmtE
tremtae	0	trEmtE
troemtae	1	trEmtE
troemtae	0	trEmtE
troemte	1	trEmtE
troemte	0	trEmtE
omnach	1	OmnAc
omnach	0	OmnAc
amnach	1	AmnAc
amnach	0	AmnAc
tuteang	1	tOtJN
tuteang	0	tOtJN
trolop	1	trOlOp
trolop	0	trOlOp
trorlop	1	trOlOp
trorlop	0	trOlOp
tralab	1	trAlAb
tralab	0	trAlAb
dek	1	dEk
dek	0	dEk
doek	1	dEk
doek	0	dEk
daek	1	dEk
daek	0	dEk
somlap	1	sOmlAp
somlap	0	sOmlAp
samloab	1	sAmlQb
samloab	0	sAmlQb
muntipet	1	mOntEpEt
muntipet	0	mOntEpEt
montirpety	1	mOntEpEty
montirpety	0	mOntEpEty
tuohsana	1	tOhsAnA
tuohsana	0	tOhsAnA
tossanea	1	tOsAnJ
tossanea	0	tOsAnJ
bonda	1	bOndA
bonda	0	bOndA
banda	1	bAndA
banda	0	bAndA
munti	1	mOntE
munti	0	mOntE
montir	1	mOntE
montir	0	mOntEr
yokchet	1	yOkcEt
yokchet	0	yOkcEt
yokchett	1	yOkcEt
yokchett	0	yOkcEt
pchoap	1	pcQp
pchoap	0	pcQp
phchoab	1	pcQb
phchoab	0	pcQb
veak	1	vJk
veak	0	vJk
vokk	1	vOk
vokk	0	vOk
thameapul	1	tAmJpOl
thameapul	0	tAmJpOl
thampol	1	tAmpOl
thampol	0	tAmpOl
batbong	1	bAtbON
batbong	0	bAtbON
batbang	1	bAtbAN
batbang	0	bAtbAN
phaenka	1	pEnkA
phaenka	0	pEnkA
phaenkar	1	pEnkA
phaenkar	0	pEnkAr
phenkar	1	pEnkA
phenkar	0	pEnkAr
chaparom	1	cApArOm
chaparom	0	cApArOm
chabarommo	1	cAbArOmO
chabarommo	0	cAbArOmO
chabarommon	1	cAbArOmOn
chabarommon	0	cAbArOmOn
prosettheapheap	1	prOsEtJpJp
prosettheapheap	0	prOsEtJpJp
prasetthopheap	1	prAsEtOpJp
prasetthopheap	0	prAsEtOpJp
por	1	pO
por	0	pOr
po	1	pO
po	0	pO
poh	1	pO
poh	0	pOh
puoh	1	pO
puoh	0	pOh
phor	1	pO
phor	0	pOr
pho	1	pO
pho	0	pO
pou	1	pO
pou	0	pO
pu	1	pO
pu	0	pO
phoh	1	pO
phoh	0	pOh
phos	1	pO
phos	0	pOs
pos	1	pO
pos	0	pOs
seva	1	sEvA
seva	0	sEvA
sevea	1	sEvJ
sevea	0	sEvJ
chhean	1	cJn
chhean	0	cJn
tovchea	1	tOvcJ
tovchea	0	tOvcJ
touchea	1	tOcJ
touchea	0	tOcJ
europ	1	ErOp
europ	0	ErOp
eurob	1	ErOb
eurob	0	ErOb
oerob	1	ErOb
oerob	0	ErOb
dayku	1	dAykO
dayku	0	dAykO
daiku	1	dAykO
daiku	0	dAykO
kraoypi	1	krOypE
kraoypi	0	krOypE
domrevka	1	dOmrEvkA
domrevka	0	dOmrEvkA
tamruvkar	1	tAmrOvkA
tamruvkar	0	tAmrOvkAr
tola	1	tOlA
tola	0	tOlA
tolea	1	tOlJ
tolea	0	tOlJ
pipheaksa	1	pEpJksA
pipheaksa	0	pEpJksA
korsang	1	kOsAN
korsang	0	kOsAN
kasang	1	kAsAN
kasang	0	kAsAN
plevka	1	plEvkA
plevka	0	plEvkA
phlouvkar	1	plOvkA
phlouvkar	0	plOvkAr
phlovkar	1	plOvkA
phlovkar	0	plOvkAr
pungreng	1	pONrEN
pungreng	0	pONrEN
pongrueng	1	pONrEN
pongrueng	0	pONrEN
pongroeng	1	pONrEN
pongroeng	0	pONrEN
tangpi	1	tANpE
tangpi	0	tANpE
fesbuk	1	fEsbOk
fesbuk	0	fEsbOk
hvesbuk	1	hvEsbOk
hvesbuk	0	hvEsbOk
thoameada	1	tQmJdA
thoameada	0	tQmJdA
thommota	1	tOmOtA
thommota	0	tOmOtA
vitheaneaka	1	vEtJnJkA
vitheaneaka	0	vEtJnJkA
vitheankar	1	vEtJnkA
vitheankar	0	vEtJnkAr
si	1	sE
si	0	sE
seh	1	sE
seh	0	sEh
se	1	sE
se	0	sE
kompungtae	1	kOmpONtE
kompungtae	0	kOmpONtE
kampungtae	1	kAmpONtE
kampungtae	0	kAmpONtE
kampungte	1	kAmpONtE
kampungte	0	kAmpONtE
trey	1	trEy
trey	0	trEy
trei	1	trEy
trei	0	trEy
preteka	1	prEtEkA
preteka	0	prEtEkA
pruetdekaro	1	prEtdEkArO
pruetdekaro	0	prEtdEkArO
proetdekaron	1	prEtdEkArOn
proetdekaron	0	prEtdEkArOn
sralanh	1	srAlAY
sralanh	0	srAlAY
youthea	1	yOtJ
youthea	0	yOtJ
dok	1	dOk
dok	0	dOk
pahpoal	1	pAhpQl
pahpoal	0	pAhpQl
reayka	1	rJykA
reayka	0	rJykA
reaykaro	1	rJykArO
reaykaro	0	rJykArO
reaykaron	1	rJykArOn
reaykaron	0	rJykArOn
kourup	1	kOrOp
kourup	0	kOrOp
kourop	1	kOrOp
kourop	0	kOrOp
eylev	1	EylEv
eylev	0	EylEv
elouv	1	ElOv
elouv	0	ElOv
elov	1	ElOv
elov	0	ElOv
ohcha	1	OhcA
ohcha	0	OhcA
aschary	1	AscAy
aschary	0	AscAy
tech	1	tEc
tech	0	tEc
vapathoa	1	vApAtQ
vapathoa	0	vApAtQ
vobbathorm	1	vObAtOm
vobbathorm	0	vObAtOm
me	1	mE
me	0	mE
mi	1	mE
mi	0	mE
intheunet	1	EntEnEt
intheunet	0	EntEnEt
inthueunet	1	EntEnEt
inthueunet	0	EntEnEt
inthoenet	1	EntEnEt
inthoenet	0	EntEnEt
bokealek	1	bOkJlEk
bokealek	0	bOkJlEk
bokkolik	1	bOkOlEk
bokkolik	0	bOkOlEk
sthaban	1	stAbAn
sthaban	0	stAbAn
kameakor	1	kAmJkO
kameakor	0	kAmJkOr
kammokar	1	kAmOkA
kammokar	0	kAmOkAr
bonghoh	1	bONhO
bonghoh	0	bONhOh
bonghou	1	bONhO
bonghou	0	bONhO
banghaoh	1	bANhO
banghaoh	0	bANhOh
banghour	1	bANhO
banghour	0	bANhOr
banghor	1	bANhO
banghor	0	bANhOr
bontup	1	bOntOp
bontup	0	bOntOp
bantob	1	bAntOb
bantob	0	bAntOb
puokoat	1	pOkQt
puokoat	0	pOkQt
puokkoat	1	pOkQt
puokkoat	0	pOkQt
cheaksdaeng	1	cJksdEN
cheaksdaeng	0	cJksdEN
cheaksdeng	1	cJksdEN
cheaksdeng	0	cJksdEN
sach	1	sAc
sach	0	sAc
bomraeu	1	bOmrE
bomraeu	0	bOmrE
bamreu	1	bAmrE
bamreu	0	bAmrE
mday	1	mdAy
mday	0	mdAy
thot	1	tOt
thot	0	tOt
tut	1	tOt
tut	0	tOt
that	1	tAt
that	0	tAt
protebatka	1	prOtEbAtkA
protebatka	0	prOtEbAtkA
pratebatdekar	1	prAtEbAtdEkA
pratebatdekar	0	prAtEbAtdEkAr
lbey	1	lbEy
lbey	0	lbEy
lbei	1	lbEy
lbei	0	lbEy
choch	1	cOc
choch	0	cOc
muleahaet	1	mOlJhEt
muleahaet	0	mOlJhEt
mulheto	1	mOlhEtO
mulheto	0	mOlhEtO
sorse	1	sOsE
sorse	0	sOsE
sosaeu	1	sOsE
sosaeu	0	sOsE
sarser	1	sAsE
sarser	0	sAsEr
sarsaeur	1	sAsE
sarsaeur	0	sAsEr
pachaekateh	1	pAcEkAtE
pachaekateh	0	pAcEkAtEh
bachchektes	1	bAcEktE
bachchektes	0	bAcEktEs
vechchheka	1	vEcEkA
vechchheka	0	vEcEkA
vichchheka	1	vEcEkA
vichchheka	0	vEcEkA
konlong	1	kOnlON
konlong	0	kOnlON
kunlong	1	kOnlON
kunlong	0	kOnlON
kanlong	1	kAnlON
kanlong	0	kAnlON
knongsrok	1	knONsrOk
knongsrok	0	knONsrOk
veay	1	vJy
veay	0	vJy
charachor	1	cArAcO
charachor	0	cArAcOr
chareachro	1	cArJcrO
chareachro	0	cArJcrO
chareachron	1	cArJcrOn
chareachron	0	cArJcrOn
robayka	1	rObAykA
robayka	0	rObAykA
robaykaro	1	rObAykArO
robaykaro	0	rObAykArO
robaykaron	1	rObAykArOn
robaykaron	0	rObAykArOn
dodael	1	dOdEl
dodael	0	dOdEl
dadael	1	dAdEl
dadael	0	dAdEl
dadel	1	dAdEl
dadel	0	dAdEl
parehthan	1	pArEhtAn
parehthan	0	pArEhtAn
baristhan	1	bArEstAn
baristhan	0	bArEstAn
somleng	1	sOmlEN
somleng	0	sOmlEN
samleng	1	sAmlEN
samleng	0	sAmlEN
samlueng	1	sAmlEN
samlueng	0	sAmlEN
samloeng	1	sAmlEN
samloeng	0	sAmlEN
rut	1	rOt
rut	0	rOt
rot	1	rOt
rot	0	rOt
leun	1	lEn
leun	0	lEn
loean	1	lEn
loean	0	lEn
lumbak	1	lOmbAk
lumbak	0	lOmbAk
pheakroy	1	pJkrOy
pheakroy	0	pJkrOy
domneng	1	dOmnEN
domneng	0	dOmnEN
domnaeng	1	dOmnEN
domnaeng	0	dOmnEN
damnoeng	1	dAmnEN
damnoeng	0	dAmnEN
run	1	rOn
run	0	rOn
ronth	1	rOnt
ronth	0	rOnt
met	1	mEt
met	0	mEt
mitt	1	mEt
mitt	0	mEt
maet	1	mEt
maet	0	mEt
mithona	1	mEtOnA
mithona	0	mEtOnA
mithonea	1	mEtOnJ
mithonea	0	mEtOnJ
sdap	1	sdAp
sdap	0	sdAp
sdab	1	sdAb
sdab	0	sdAb
chom	1	cOm
chom	0	cOm
chum	1	cOm
chum	0	cOm
neay	1	nJy
neay	0	nJy
bokul	1	bOkOl
bokul	0	bOkOl
bokkol	1	bOkOl
bokkol	0	bOkOl
bantech	1	bAntEc
bantech	0	bAntEc
koul	1	kOl
koul	0	kOl
kul	1	kOl
kul	0	kOl
kol	1	kOl
kol	0	kOl
saratheat	1	sArAtJt
saratheat	0	sArAtJt
sartheato	1	sAtJtO
sartheato	0	sAtJtO
teneaney	1	tEnJnEy
teneaney	0	tEnJnEy
tinnoney	1	tEnOnEy
tinnoney	0	tEnOnEy
tinnonoay	1	tEnOnQy
tinnonoay	0	tEnOnQy
maetr	1	mEtr
maetr	0	mEtr
metr	1	mEtr
metr	0	mEtr
chomrieng	1	cOmrJN
chomrieng	0	cOmrJN
chamrieng	1	cAmrJN
chamrieng	0	cAmrJN
chlaeuytop	1	clEytOp
chlaeuytop	0	clEytOp
chhlaeuytab	1	clEytAb
chhlaeuytab	0	clEytAb
roap	1	rQp
roap	0	rQp
roab	1	rQb
roab	0	rQb
kasekam	1	kAsEkAm
kasekam	0	kAsEkAm
kasekamm	1	kAsEkAm
kasekamm	0	kAsEkAm
bang	1	bAN
bang	0	bAN
phol	1	pOl
phol	0	pOl
poul	1	pOl
poul	0	pOl
pul	1	pOl
pul	0	pOl
pol	1	pOl
pol	0	pOl
phal	1	pAl
phal	0	pAl
voay	1	vQy
voay	0	vQy
heranhvoattho	1	hErAYvQtO
heranhvoattho	0	hErAYvQtO
heronhnhovttho	1	hErOYOvtO
heronhnhovttho	0	hErOYOvtO
tuohchea	1	tOhcJ
tuohchea	0	tOhcJ
toahchea	1	tQhcJ
toahchea	0	tQhcJ
truotpine	1	trOtpEnE
truotpine	0	trOtpEnE
truotpinity	1	trOtpEnEty
truotpinity	0	trOtpEnEty
botpisaot	1	bOtpEsOt
botpisaot	0	bOtpEsOt
batpisaotho	1	bAtpEsOtO
batpisaotho	0	bAtpEsOtO
batpisaothon	1	bAtpEsOtOn
batpisaothon	0	bAtpEsOtOn
teamtea	1	tJmtJ
teamtea	0	tJmtJ
teamtear	1	tJmtJ
teamtear	0	tJmtJr
seyha	1	sEyhA
seyha	0	sEyhA
seiha	1	sEyhA
seiha	0	sEyhA
mdang	1	mdAN
mdang	0	mdAN
poan	1	pQn
poan	0	pQn
preahseyhanu	1	prJhsEyhAnO
preahseyhanu	0	prJhsEyhAnO
preahseihnu	1	prJhsEyhnO
preahseihnu	0	prJhsEyhnO
kareyalay	1	kArEyAlAy
kareyalay	0	kArEyAlAy
kariyealey	1	kArEyJlEy
kariyealey	0	kArEyJlEy
kariyealoay	1	kArEyJlQy
kariyealoay	0	kArEyJlQy
kakatda	1	kAkAtdA
kakatda	0	kAkAtdA
kakkada	1	kAkAdA
kakkada	0	kAkAdA
sokh	1	sOk
sokh	0	sOk
tumneup	1	tOmnEp
tumneup	0	tOmnEp
tumneub	1	tOmnEb
tumneub	0	tOmnEb
vor	1	vO
vor	0	vOr
vo	1	vO
vo	0	vO
songkream	1	sONkrJm
songkream	0	sONkrJm
sangkream	1	sANkrJm
sangkream	0	sANkrJm
prochhom	1	prOcOm
prochhom	0	prOcOm
prochum	1	prOcOm
prochum	0	prOcOm
prachhom	1	prAcOm
prachhom	0	prAcOm
prachum	1	prAcOm
prachum	0	prAcOm
yunhoh	1	yOYO
yunhoh	0	yOYOh
yontahaoh	1	yOntAhO
yontahaoh	0	yOntAhOh
sabbay	1	sAbAy
sabbay	0	sAbAy
neam	1	nJm
neam	0	nJm
usaphea	1	OsApJ
usaphea	0	OsApJ
osphea	1	OspJ
osphea	0	OspJ
ptoalkluon	1	ptQlklOn
ptoalkluon	0	ptQlklOn
phtoalkhluon	1	ptQlklOn
phtoalkhluon	0	ptQlklOn
prumdaen	1	prOmdEn
prumdaen	0	prOmdEn
prumden	1	prOmdEn
prumden	0	prOmdEn
robop	1	rObOp
robop	0	rObOp
robab	1	rObAb
robab	0	rObAb
novlaeuy	1	nOvlEy
novlaeuy	0	nOvlEy
noulaeuy	1	nOlEy
noulaeuy	0	nOlEy
meulkheunh	1	mElkEY
meulkheunh	0	mElkEY
tnu	1	tnO
tnu	0	tnO
thnu	1	tnO
thnu	0	tnO
kongtoap	1	kONtQp
kongtoap	0	kONtQp
kangtoap	1	kANtQp
kangtoap	0	kANtQp
tveuchea	1	tvEcJ
tveuchea	0	tvEcJ
thveuchea	1	tvEcJ
thveuchea	0	tvEcJ
eng	1	EN
eng	0	EN
roungchak	1	rONcAk
roungchak	0	rONcAk
roungchakr	1	rONcAkr
roungchakr	0	rONcAkr
bal	1	bAl
bal	0	bAl
veayproha	1	vJyprOhA
veayproha	0	vJyprOhA
veayprahar	1	vJyprAhA
veayprahar	0	vJyprAhAr
reangkay	1	rJNkAy
reangkay	0	rJNkAy
psay	1	psAy
psay	0	psAy
phsay	1	psAy
phsay	0	psAy
promoul	1	prOmOl
promoul	0	prOmOl
pramul	1	prAmOl
pramul	0	prAmOl
kravpi	1	krAvpE
kravpi	0	krAvpE
kraupi	1	krOpE
kraupi	0	krOpE
minea	1	mEnJ
minea	0	mEnJ
trem	1	trEm
trem	0	trEm
troem	1	trEm
troem	0	trEm
sess	1	sEs
sess	0	sEs
ngeay	1	NJy
ngeay	0	NJy
sonha	1	sOYA
sonha	0	sOYA
sonya	1	sOYA
sonya	0	sOYA
sanhnhea	1	sAYJ
sanhnhea	0	sAYJ
sanyea	1	sAYJ
sanyea	0	sAYJ
baeukbor	1	bEkbO
baeukbor	0	bEkbOr
baeukbar	1	bEkbA
baeukbar	0	bEkbAr
sdeypi	1	sdEypE
sdeypi	0	sdEypE
sdeipi	1	sdEypE
sdeipi	0	sdEypE
asean	1	AsJn
asean	0	AsJn
tekchet	1	tEkcEt
tekchet	0	tEkcEt
tuekchett	1	tEkcEt
tuekchett	0	tEkcEt
toekchett	1	tEkcEt
toekchett	0	tEkcEt
lech	1	lEc
lech	0	lEc
lich	1	lEc
lich	0	lEc
krompreksa	1	krOmprEksA
krompreksa	0	krOmprEksA
kromproeksa	1	krOmprEksA
kromproeksa	0	krOmprEksA
hang	1	hAN
hang	0	hAN
penhniyum	1	pEYnEyOm
penhniyum	0	pEYnEyOm
penhniyom	1	pEYnEyOm
penhniyom	0	pEYnEyOm
ei	1	Ey
ei	0	Ey
aeuy	1	Ey
aeuy	0	Ey
tnguntngor	1	tNOntNO
tnguntngor	0	tNOntNOr
thngonthngor	1	tNOntNO
thngonthngor	0	tNOntNOr
keanani	1	kJnAnE
keanani	0	kJnAnE
konni	1	kOnE
konni	0	kOnE
promprieng	1	prOmprJN
promprieng	0	prOmprJN
tumnenh	1	tOmnEY
tumnenh	0	tOmnEY
tumninh	1	tOmnEY
tumninh	0	tOmnEY
tovvenh	1	tOvEY
tovvenh	0	tOvEY
tovvinh	1	tOvEY
tovvinh	0	tOvEY
touvinh	1	tOvEY
touvinh	0	tOvEY
tumpoa	1	tOmpQ
tumpoa	0	tOmpQ
tumpoar	1	tOmpQ
tumpoar	0	tOmpQr
dekchunhchun	1	dEkcOYcOn
dekchunhchun	0	dEkcOYcOn
doekchonhchun	1	dEkcOYcOn
doekchonhchun	0	dEkcOYcOn
somrachet	1	sOmrAcEt
somrachet	0	sOmrAcEt
samrechchett	1	sAmrEcEt
samrechchett	0	sAmrEcEt
teakteanh	1	tJktJY
teakteanh	0	tJktJY
rodev	1	rOdEv
rodev	0	rOdEv
rodouv	1	rOdOv
rodouv	0	rOdOv
rodov	1	rOdOv
rodov	0	rOdOv
banhchea	1	bAYcJ
banhchea	0	bAYcJ
sak	1	sAk
sak	0	sAk
ruomteang	1	rOmtJN
ruomteang	0	rOmtJN
saklbong	1	sAklbON
saklbong	0	sAklbON
saklbang	1	sAklbAN
saklbang	0	sAklbAN
cheangke	1	cJNkE
cheangke	0	cJNkE
sokhaphibal	1	sOkApEbAl
sokhaphibal	0	sOkApEbAl
songkruoh	1	sONkrO
songkruoh	0	sONkrOh
sangkruoh	1	sANkrO
sangkruoh	0	sANkrOh
sangkroah	1	sANkrQ
sangkroah	0	sANkrQh
kdav	1	kdAv
kdav	0	kdAv
kdau	1	kdO
kdau	0	kdO
somruol	1	sOmrOl
somruol	0	sOmrOl
samruol	1	sAmrOl
samruol	0	sAmrOl
petprakot	1	pEtprAkOt
petprakot	0	pEtprAkOt
pitprakad	1	pEtprAkAd
pitprakad	0	pEtprAkAd
moat	1	mQt
moat	0	mQt
nona	1	nOnA
nona	0	nOnA
norna	1	nOnA
norna	0	nOnA
neari	1	nJrE
neari	0	nJrE
riel	1	rJl
riel	0	rJl
merouk	1	mErOk
merouk	0	mErOk
banhchenh	1	bAYcEY
banhchenh	0	bAYcEY
propret	1	prOprEt
propret	0	prOprEt
prapruett	1	prAprEt
prapruett	0	prAprEt
praproett	1	prAprEt
praproett	0	prAprEt
koulbomnong	1	kOlbOmnON
koulbomnong	0	kOlbOmnON
koulbamnang	1	kOlbAmnAN
koulbamnang	0	kOlbAmnAN
pnum	1	pnOm
pnum	0	pnOm
phnum	1	pnOm
phnum	0	pnOm
voat	1	vQt
voat	0	vQt
vott	1	vOt
vott	0	vOt
selapa	1	sElApA
selapa	0	sElApA
selbak	1	sElbAk
selbak	0	sElbAk
selba	1	sElbA
selba	0	sElbA
pak	1	pAk
pak	0	pAk
phak	1	pAk
phak	0	pAk
baks	1	bAks
baks	0	bAks
bondohbondal	1	bOndOhbOndAl
bondohbondal	0	bOndOhbOndAl
bandohbandal	1	bAndOhbAndAl
bandohbandal	0	bAndOhbAndAl
uhsahakam	1	OhsAhAkAm
uhsahakam	0	OhsAhAkAm
ossahkamm	1	OsAhkAm
ossahkamm	0	OsAhkAm
chaekrumlaek	1	cEkrOmlEk
chaekrumlaek	0	cEkrOmlEk
chekrumlek	1	cEkrOmlEk
chekrumlek	0	cEkrOmlEk
anakut	1	AnAkOt
anakut	0	AnAkOt
aneakot	1	AnJkOt
aneakot	0	AnJkOt
mesa	1	mEsA
mesa	0	mEsA
tupskat	1	tOpskAt
tupskat	0	tOpskAt
tobskat	1	tObskAt
tobskat	0	tObskAt
yuttheasah	1	yOtJsA
yuttheasah	0	yOtJsAh
yutthosastr	1	yOtOsAstr
yutthosastr	0	yOtOsAstr
sahaprotebatka	1	sAhAprOtEbAtkA
sahaprotebatka	0	sAhAprOtEbAtkA
sahpratebatdekar	1	sAhprAtEbAtdEkA
sahpratebatdekar	0	sAhprAtEbAtdEkAr
kley	1	klEy
kley	0	klEy
khlei	1	klEy
khlei	0	klEy
bomnong	1	bOmnON
bomnong	0	bOmnON
bamnang	1	bAmnAN
bamnang	0	bAmnAN
kaanuvoat	1	kAnOvQt
kaanuvoat	0	kAnOvQt
karonuvott	1	kArOnOvOt
karonuvott	0	kArOnOvOt
kumphea	1	kOmpJ
kumphea	0	kOmpJ
komphea	1	kOmpJ
komphea	0	kOmpJ
kompheak	1	kOmpJk
kompheak	0	kOmpJk
ptey	1	ptEy
ptey	0	ptEy
phtey	1	ptEy
phtey	0	ptEy
kmav	1	kmAv
kmav	0	kmAv
khmau	1	kmO
khmau	0	kmO
tekdey	1	tEkdEy
tekdey	0	tEkdEy
tuekdei	1	tEkdEy
tuekdei	0	tEkdEy
toekdei	1	tEkdEy
toekdei	0	tEkdEy
taeng	1	tEN
taeng	0	tEN
teng	1	tEN
teng	0	tEN
toeng	1	tEN
toeng	0	tEN
utdomseney	1	OtdOmsEnEy
utdomseney	0	OtdOmsEnEy
otdamseni	1	OtdAmsEnE
otdamseni	0	OtdAmsEnE
otdamseniy	1	OtdAmsEnEy
otdamseniy	0	OtdAmsEnEy
thunthean	1	tOntJn
thunthean	0	tOntJn
thonthean	1	tOntJn
thonthean	0	tOntJn
rachana	1	rAcAnA
rachana	0	rAcAnA
rochnea	1	rOcnJ
rochnea	0	rOcnJ
bonhchi	1	bOYcE
bonhchi	0	bOYcE
banhchi	1	bAYcE
banhchi	0	bAYcE
triem	1	trJm
triem	0	trJm
avut	1	AvOt
avut	0	AvOt
avuth	1	AvOt
avuth	0	AvOt
pleung	1	plEN
pleung	0	plEN
phleung	1	plEN
phleung	0	plEN
chlongkat	1	clONkAt
chlongkat	0	clONkAt
chhlangkat	1	clANkAt
chhlangkat	0	clANkAt
pnheakpaeul	1	pYJkpEl
pnheakpaeul	0	pYJkpEl
phnheakphaeul	1	pYJkpEl
phnheakphaeul	0	pYJkpEl
chenhchem	1	cEYcEm
chenhchem	0	cEYcEm
chenhchoem	1	cEYcEm
chenhchoem	0	cEYcEm
chenhchaeum	1	cEYcEm
chenhchaeum	0	cEYcEm
pinih	1	pEnE
pinih	0	pEnEh
pineh	1	pEnE
pineh	0	pEnEh
sontepheap	1	sOntEpJp
sontepheap	0	sOntEpJp
santepheap	1	sAntEpJp
santepheap	0	sAntEpJp
kheunhtha	1	kEYtA
kheunhtha	0	kEYtA
meah	1	mJ
meah	0	mJh
meas	1	mJ
meas	0	mJs
mea	1	mJ
mea	0	mJ
daoylaek	1	dOylEk
daoylaek	0	dOylEk
daoylek	1	dOylEk
daoylek	0	dOylEk
bok	1	bOk
bok	0	bOk
baok	1	bOk
baok	0	bOk
bouk	1	bOk
bouk	0	bOk
psa	1	psA
psa	0	psA
phsar	1	psA
phsar	0	psAr
phsa	1	psA
phsa	0	psA
tinih	1	tEnE
tinih	0	tEnEh
tineh	1	tEnE
tineh	0	tEnEh
luoch	1	lOc
luoch	0	lOc
vipheak	1	vEpJk
vipheak	0	vEpJk
lan	1	lAn
lan	0	lAn
karat	1	kArAt
karat	0	kArAt
tuoneati	1	tOnJtE
tuoneati	0	tOnJtE
atet	1	AtEt
atet	0	AtEt
atity	1	AtEty
atity	0	AtEty
batdombong	1	bAtdOmbON
batdombong	0	bAtdOmbON
batdambang	1	bAtdAmbAN
batdambang	0	bAtdAmbAN
krohom	1	krOhOm
krohom	0	krOhOm
kraham	1	krAhAm
kraham	0	krAhAm
teap	1	tJp
teap	0	tJp
thiep	1	tJp
thiep	0	tJp
teab	1	tJb
teab	0	tJb
thieb	1	tJb
thieb	0	tJb
taemuoy	1	tEmOy
taemuoy	0	tEmOy
temuoy	1	tEmOy
temuoy	0	tEmOy
timuoy	1	tEmOy
timuoy	0	tEmOy
rosiel	1	rOsJl
rosiel	0	rOsJl
samakum	1	sAmAkOm
samakum	0	sAmAkOm
sameakom	1	sAmJkOm
sameakom	0	sAmJkOm
asi	1	AsE
asi	0	AsE
yangnakordaoy	1	yANnAkOdOy
yangnakordaoy	0	yANnAkOdOy
yangnakadaoy	1	yANnAkAdOy
yangnakadaoy	0	yANnAkAdOy
krupet	1	krOpEt
krupet	0	krOpEt
krupety	1	krOpEty
krupety	0	krOpEty
propun	1	prOpOn
propun	0	prOpOn
praponth	1	prApOnt
praponth	0	prApOnt
kromkruosa	1	krOmkrOsA
kromkruosa	0	krOmkrOsA
kromkruosar	1	krOmkrOsA
kromkruosar	0	krOmkrOsAr
smaeu	1	smE
smaeu	0	smE
prasat	1	prAsAt
prasat	0	prAsAt
aekachun	1	EkAcOn
aekachun	0	EkAcOn
aekchon	1	EkcOn
aekchon	0	EkcOn
ekchon	1	EkcOn
ekchon	0	EkcOn
krupkroan	1	krOpkrQn
krupkroan	0	krOpkrQn
krobkroan	1	krObkrQn
krobkroan	0	krObkrQn
kong	1	kON
kong	0	kON
kung	1	kON
kung	0	kON
khuong	1	kON
khuong	0	kON
rumpeng	1	rOmpEN
rumpeng	0	rOmpEN
rumpueng	1	rOmpEN
rumpueng	0	rOmpEN
rumpoeng	1	rOmpEN
rumpoeng	0	rOmpEN
vetika	1	vEtEkA
vetika	0	vEtEkA
ompeaveaneav	1	OmpJvJnJv
ompeaveaneav	0	OmpJvJnJv
ampeavneav	1	AmpJvnJv
ampeavneav	0	AmpJvnJv
sievphov	1	sJvpOv
sievphov	0	sJvpOv
sievphou	1	sJvpO
sievphou	0	sJvpO
prokul	1	prOkOl
prokul	0	prOkOl
prakol	1	prAkOl
prakol	0	prAkOl
pholpahpoal	1	pOlpAhpQl
pholpahpoal	0	pOlpAhpQl
phalpahpoal	1	pAlpAhpQl
phalpahpoal	0	pAlpAhpQl
rungcham	1	rONcAm
rungcham	0	rONcAm
rongcham	1	rONcAm
rongcham	0	rONcAm
tmor	1	tmO
tmor	0	tmOr
thma	1	tmA
thma	0	tmA
kal	1	kAl
kal	0	kAl
teangsrong	1	tJNsrON
teangsrong	0	tJNsrON
chaptangpi	1	cAptANpE
chaptangpi	0	cAptANpE
chabtangpi	1	cAbtANpE
chabtangpi	0	cAbtANpE
medeknoam	1	mEdEknQm
medeknoam	0	mEdEknQm
medoeknoam	1	mEdEknQm
medoeknoam	0	mEdEknQm
etthipul	1	EtEpOl
etthipul	0	EtEpOl
etthipol	1	EtEpOl
etthipol	0	EtEpOl
aphibal	1	ApEbAl
aphibal	0	ApEbAl
thaemtiet	1	tEmtJt
thaemtiet	0	tEmtJt
themtiet	1	tEmtJt
themtiet	0	tEmtJt
paek	1	pEk
paek	0	pEk
phaek	1	pEk
phaek	0	pEk
phek	1	pEk
phek	0	pEk
phoek	1	pEk
phoek	0	pEk
nimuoy	1	nEmOy
nimuoy	0	nEmOy
mukngea	1	mOkNJ
mukngea	0	mOkNJ
mukhngear	1	mOkNJ
mukhngear	0	mOkNJr
rikchomraeun	1	rEkcOmrEn
rikchomraeun	0	rEkcOmrEn
rikchamreun	1	rEkcAmrEn
rikchamreun	0	rEkcAmrEn
snaeu	1	snE
snaeu	0	snE
snae	1	snE
snae	0	snE
sne	1	snE
sne	0	snE
sneh	1	snE
sneh	0	snEh
keanakamathika	1	kJnAkAmAtEkA
keanakamathika	0	kJnAkAmAtEkA
konakkammeathikar	1	kOnAkAmJtEkA
konakkammeathikar	0	kOnAkAmJtEkAr
konakammeathikar	1	kOnAkAmJtEkA
konakammeathikar	0	kOnAkAmJtEkAr
somnang	1	sOmnAN
somnang	0	sOmnAN
samnang	1	sAmnAN
samnang	0	sAmnAN
snaknov	1	snAknOv
snaknov	0	snAknOv
snaknou	1	snAknO
snaknou	0	snAknO
chumneu	1	cOmnE
chumneu	0	cOmnE
chumnoea	1	cOmnE
chumnoea	0	cOmnE
ptuk	1	ptOk
ptuk	0	ptOk
phtuk	1	ptOk
phtuk	0	ptOk
bongkrap	1	bONkrAp
bongkrap	0	bONkrAp
bangkrab	1	bANkrAb
bangkrab	0	bANkrAb
kyol	1	kyOl
kyol	0	kyOl
khyal	1	kyAl
khyal	0	kyAl
teangmul	1	tJNmOl
teangmul	0	tJNmOl
chaotprokan	1	cOtprOkAn
chaotprokan	0	cOtprOkAn
chaotprakan	1	cOtprAkAn
chaotprakan	0	cOtprAkAn
chhngay	1	cNAy
chhngay	0	cNAy
riengroal	1	rJNrQl
riengroal	0	rJNrQl
sev	1	sEv
sev	0	sEv
souv	1	sOv
souv	0	sOv
sov	1	sOv
sov	0	sOv
uykraen	1	OykrEn
uykraen	0	OykrEn
uykren	1	OykrEn
uykren	0	OykrEn
pkutpkung	1	pkOtpkON
pkutpkung	0	pkOtpkON
phkotphkong	1	pkOtpkON
phkotphkong	0	pkOtpkON
pdou	1	pdO
pdou	0	pdO
pdour	1	pdO
pdour	0	pdOr
pdor	1	pdO
pdor	0	pdOr
machchheamundul	1	mAcJmOndOl
machchheamundul	0	mAcJmOndOl
mochchhomndol	1	mOcOmndOl
mochchhomndol	0	mOcOmndOl
proyaoch	1	prOyOc
proyaoch	0	prOyOc
prayoucho	1	prAyOcO
prayoucho	0	prAyOcO
prayouchon	1	prAyOcOn
prayouchon	0	prAyOcOn
tutov	1	tOtOv
tutov	0	tOtOv
tortov	1	tOtOv
tortov	0	tOtOv
tutou	1	tOtO
tutou	0	tOtO
rik	1	rEk
rik	0	rEk
dach	1	dAc
dach	0	dAc
ruomknea	1	rOmknJ
ruomknea	0	rOmknJ
domnakal	1	dOmnAkAl
domnakal	0	dOmnAkAl
damnakkal	1	dAmnAkAl
damnakkal	0	dAmnAkAl
prey	1	prEy
prey	0	prEy
chumnuoh	1	cOmnO
chumnuoh	0	cOmnOh
chumnuos	1	cOmnO
chumnuos	0	cOmnOs
chomnoh	1	cOmnO
chomnoh	0	cOmnOh
pdey	1	pdEy
pdey	0	pdEy
pdei	1	pdEy
pdei	0	pdEy
bondet	1	bOndEt
bondet	0	bOndEt
bandit	1	bAndEt
bandit	0	bAndEt
tamdan	1	tAmdAn
tamdan	0	tAmdAn
setmnuh	1	sEtmnO
setmnuh	0	sEtmnOh
setthimnuss	1	sEtEmnOs
setthimnuss	0	sEtEmnOs
omlongpel	1	OmlONpEl
omlongpel	0	OmlONpEl
amlongpel	1	AmlONpEl
amlongpel	0	AmlONpEl
songkhem	1	sONkEm
songkhem	0	sONkEm
sangkhuem	1	sANkEm
sangkhuem	0	sANkEm
sangkhoem	1	sANkEm
sangkhoem	0	sANkEm
bongvel	1	bONvEl
bongvel	0	bONvEl
bangvil	1	bANvEl
bangvil	0	bANvEl
test	1	tEst
test	0	tEst
sotae	1	sOtE
sotae	0	sOtE
sotthotae	1	sOtOtE
sotthotae	0	sOtOtE
sotthote	1	sOtOtE
sotthote	0	sOtOtE
akrok	1	AkrOk
akrok	0	AkrOk
thaereaksa	1	tErJksA
thaereaksa	0	tErJksA
thaerksa	1	tEksA
thaerksa	0	tEksA
therksa	1	tEksA
therksa	0	tEksA
samay	1	sAmAy
samay	0	sAmAy
samey	1	sAmEy
samey	0	sAmEy
samoay	1	sAmQy
samoay	0	sAmQy
sraloanh	1	srAlQY
sraloanh	0	srAlQY
neayuok	1	nJyOk
neayuok	0	nJyOk
neayok	1	nJyOk
neayok	0	nJyOk
rengmoam	1	rENmQm
rengmoam	0	rENmQm
ruengmoam	1	rENmQm
ruengmoam	0	rENmQm
roengmoam	1	rENmQm
roengmoam	0	rENmQm
somnong	1	sOmnON
somnong	0	sOmnON
trang	1	trAN
trang	0	trAN
meantae	1	mJntE
meantae	0	mJntE
mdangtiet	1	mdANtJt
mdangtiet	0	mdANtJt
endea	1	EndJ
endea	0	EndJ
totuolskoal	1	tOtOlskQl
totuolskoal	0	tOtOlskQl
prochamtngay	1	prOcAmtNAy
prochamtngay	0	prOcAmtNAy
prachamthngai	1	prAcAmtNAy
prachamthngai	0	prAcAmtNAy
pungrik	1	pONrEk
pungrik	0	pONrEk
pongrik	1	pONrEk
pongrik	0	pONrEk
lngeach	1	lNJc
lngeach	0	lNJc
sahapoan	1	sAhApQn
sahapoan	0	sAhApQn
sahpoanth	1	sAhpQnt
sahpoanth	0	sAhpQnt
chaek	1	cEk
chaek	0	cEk
chek	1	cEk
chek	0	cEk
chik	1	cEk
chik	0	cEk
tumrung	1	tOmrON
tumrung	0	tOmrON
tomrong	1	tOmrON
tomrong	0	tOmrON
posde	1	pOsdE
posde	0	pOsdE
chumnoan	1	cOmnQn
chumnoan	0	cOmnQn
teanglay	1	tJNlAy
teanglay	0	tJNlAy
tumngun	1	tOmNOn
tumngun	0	tOmNOn
tomngon	1	tOmNOn
tomngon	0	tOmNOn
tumngon	1	tOmNOn
tumngon	0	tOmNOn
totuolkhohtrouv	1	tOtOlkOhtrOv
totuolkhohtrouv	0	tOtOlkOhtrOv
totuolkhostrouv	1	tOtOlkOstrOv
totuolkhostrouv	0	tOtOlkOstrOv
totuolkhostrov	1	tOtOlkOstrOv
totuolkhostrov	0	tOtOlkOstrOv
haetka	1	hEtkA
haetka	0	hEtkA
hetokaro	1	hEtOkArO
hetokaro	0	hEtOkArO
hetokaron	1	hEtOkArOn
hetokaron	0	hEtOkArOn
noampeak	1	nQmpJk
noampeak	0	nQmpJk
noampeaky	1	nQmpJky
noampeaky	0	nQmpJky
voattho	1	vQtO
voattho	0	vQtO
vottho	1	vOtO
vottho	0	vOtO
morhachun	1	mOhAcOn
morhachun	0	mOhAcOn
mohachon	1	mOhAcOn
mohachon	0	mOhAcOn
sneha	1	snEhA
sneha	0	snEhA
ptuh	1	ptO
ptuh	0	ptOh
phtuh	1	ptO
phtuh	0	ptOh
somnak	1	sOmnAk
somnak	0	sOmnAk
samnak	1	sAmnAk
samnak	0	sAmnAk
teanhyok	1	tJYyOk
teanhyok	0	tJYyOk
tamnaeng	1	tAmnEN
tamnaeng	0	tAmnEN
tamneng	1	tAmnEN
tamneng	0	tAmnEN
pentu	1	pEntO
pentu	0	pEntO
pintu	1	pEntO
pintu	0	pEntO
kaborrateh	1	kAbOrAtE
kaborrateh	0	kAbOrAtEh
karbartes	1	kAbAtE
karbartes	0	kAbAtEs
propeyney	1	prOpEynEy
propeyney	0	prOpEynEy
prapeynei	1	prApEynEy
prapeynei	0	prApEynEy
mukrobor	1	mOkrObO
mukrobor	0	mOkrObOr
mukharbar	1	mOkAbA
mukharbar	0	mOkAbAr
tngun	1	tNOn
tngun	0	tNOn
thngon	1	tNOn
thngon	0	tNOn
realdal	1	rJldAl
realdal	0	rJldAl
tunle	1	tOnlE
tunle	0	tOnlE
tonle	1	tOnlE
tonle	0	tOnlE
lbeun	1	lbEn
lbeun	0	lbEn
lboean	1	lbEn
lboean	0	lbEn
voatamean	1	vQtAmJn
voatamean	0	vQtAmJn
votdamean	1	vOtdAmJn
votdamean	0	vOtdAmJn
srohsat	1	srOhsAt
srohsat	0	srOhsAt
srassat	1	srAsAt
srassat	0	srAsAt
haetphol	1	hEtpOl
haetphol	0	hEtpOl
hetophal	1	hEtOpAl
hetophal	0	hEtOpAl
chapkluon	1	cApklOn
chapkluon	0	cApklOn
chabkhluon	1	cAbklOn
chabkhluon	0	cAbklOn
thaemteang	1	tEmtJN
thaemteang	0	tEmtJN
themteang	1	tEmtJN
themteang	0	tEmtJN
ongkeapheap	1	ONkJpJp
ongkeapheap	0	ONkJpJp
angkopheap	1	ANkOpJp
angkopheap	0	ANkOpJp
mselmenh	1	msElmEY
mselmenh	0	msElmEY
msilminh	1	msElmEY
msilminh	0	msElmEY
bongrien	1	bONrJn
bongrien	0	bONrJn
bangrien	1	bANrJn
bangrien	0	bANrJn
taeponoh	1	tEpOnO
taeponoh	0	tEpOnOh
taeponnaoh	1	tEpOnO
taeponnaoh	0	tEpOnOh
teponnaoh	1	tEpOnO
teponnaoh	0	tEpOnOh
soptngay	1	sOptNAy
soptngay	0	sOptNAy
sapvothngey	1	sApvOtNEy
sapvothngey	0	sApvOtNEy
pdaot	1	pdOt
pdaot	0	pdOt
phdaot	1	pdOt
phdaot	0	pdOt
chakchenh	1	cAkcEY
chakchenh	0	cAkcEY
botlmeuh	1	bOtlmE
botlmeuh	0	bOtlmEh
batlmeus	1	bAtlmE
batlmeus	0	bAtlmEs
sraptae	1	srAptE
sraptae	0	srAptE
srabtae	1	srAbtE
srabtae	0	srAbtE
srabte	1	srAbtE
srabte	0	srAbtE
av	1	Av
av	0	Av
kreungnhien	1	krENYJn
kreungnhien	0	krENYJn
kroeangnhien	1	krENYJn
kroeangnhien	0	krENYJn
tietphong	1	tJtpON
tietphong	0	tJtpON
tietphang	1	tJtpAN
tietphang	0	tJtpAN
snaeusom	1	snEsOm
snaeusom	0	snEsOm
boran	1	bOrAn
boran	0	bOrAn
borean	1	bOrJn
borean	0	bOrJn
plae	1	plE
plae	0	plE
phlae	1	plE
phlae	0	plE
phle	1	plE
phle	0	plE
pleu	1	plE
pleu	0	plE
phlueu	1	plE
phlueu	0	plE
phloe	1	plE
phloe	0	plE
chbahloah	1	cbAhlQ
chbahloah	0	cbAhlQh
chbasloas	1	cbAslQ
chbasloas	0	cbAslQs
bontorbontoap	1	bOntObOntQp
bontorbontoap	0	bOntObOntQp
bantabntoab	1	bAntAbntQb
bantabntoab	0	bAntAbntQb
soben	1	sObEn
soben	0	sObEn
preng	1	prEN
preng	0	prEN
proeng	1	prEN
proeng	0	prEN
roulaet	1	rOlEt
roulaet	0	rOlEt
rolet	1	rOlEt
rolet	0	rOlEt
evpuk	1	EvpOk
evpuk	0	EvpOk
aupuk	1	OpOk
aupuk	0	OpOk
daen	1	dEn
daen	0	dEn
den	1	dEn
den	0	dEn
bongkaeutlaeung	1	bONkEtlEN
bongkaeutlaeung	0	bONkEtlEN
bangkaeutlaeung	1	bANkEtlEN
bangkaeutlaeung	0	bANkEtlEN
keanakameaka	1	kJnAkAmJkA
keanakameaka	0	kJnAkAmJkA
konakkammokar	1	kOnAkAmOkA
konakkammokar	0	kOnAkAmOkAr
konakammokar	1	kOnAkAmOkA
konakammokar	0	kOnAkAmOkAr
likhet	1	lEkEt
likhet	0	lEkEt
kongkomlang	1	kONkOmlAN
kongkomlang	0	kONkOmlAN
kangkamleang	1	kANkAmlJN
kangkamleang	0	kANkAmlJN
teschar	1	tEscA
teschar	0	tEscAr
noamknea	1	nQmknJ
noamknea	0	nQmknJ
reacheanachak	1	rJcJnAcAk
reacheanachak	0	rJcJnAcAk
reacheanachakr	1	rJcJnAcAkr
reacheanachakr	0	rJcJnAcAkr
chuonhdou	1	cOYdO
chuonhdou	0	cOYdO
chuonhdour	1	cOYdO
chuonhdour	0	cOYdOr
chuonhdor	1	cOYdO
chuonhdor	0	cOYdOr
phorletakam	1	pOlEtAkAm
phorletakam	0	pOlEtAkAm
phalitkamm	1	pAlEtkAm
phalitkamm	0	pAlEtkAm
provoatesah	1	prOvQtEsA
provoatesah	0	prOvQtEsAh
pravotdesastr	1	prAvOtdEsAstr
pravotdesastr	0	prAvOtdEsAstr
cheangmun	1	cJNmOn
cheangmun	0	cJNmOn
lattheapheap	1	lAtJpJp
lattheapheap	0	lAtJpJp
lotthopheap	1	lOtOpJp
lotthopheap	0	lOtOpJp
kuoaoy	1	kOAOy
kuoaoy	0	kOAOy
kuorao	1	kOrO
kuorao	0	kOrO
tureatuoh	1	tOrJtO
tureatuoh	0	tOrJtOh
turtossa	1	tOtOsA
turtossa	0	tOtOsA
turtossan	1	tOtOsAn
turtossan	0	tOtOsAn
bomplanh	1	bOmplAY
bomplanh	0	bOmplAY
bamphlanh	1	bAmplAY
bamphlanh	0	bAmplAY
poulih	1	pOlE
poulih	0	pOlEh
poulis	1	pOlE
poulis	0	pOlEs
polis	1	pOlE
polis	0	pOlEs
chhut	1	cOt
chhut	0	cOt
chaot	1	cOt
chaot	0	cOt
chut	1	cOt
chut	0	cOt
chot	1	cOt
chot	0	cOt
prokuotprochaeng	1	prOkOtprOcEN
prokuotprochaeng	0	prOkOtprOcEN
prakuotprachaeng	1	prAkOtprAcEN
prakuotprachaeng	0	prAkOtprAcEN
prakuotpracheng	1	prAkOtprAcEN
prakuotpracheng	0	prAkOtprAcEN
rodevkal	1	rOdEvkAl
rodevkal	0	rOdEvkAl
rodouvkal	1	rOdOvkAl
rodouvkal	0	rOdOvkAl
rodovkal	1	rOdOvkAl
rodovkal	0	rOdOvkAl
lumdap	1	lOmdAp
lumdap	0	lOmdAp
lumdab	1	lOmdAb
lumdab	0	lOmdAb
pipruoh	1	pEprO
pipruoh	0	pEprOh
piproah	1	pEprQ
piproah	0	pEprQh
behdoung	1	bEhdON
behdoung	0	bEhdON
behdong	1	bEhdON
behdong	0	bEhdON
rihkun	1	rEhkOn
rihkun	0	rEhkOn
rihkon	1	rEhkOn
rihkon	0	rEhkOn
domnohsray	1	dOmnOhsrAy
domnohsray	0	dOmnOhsrAy
damnaohsray	1	dAmnOhsrAy
damnaohsray	0	dAmnOhsrAy
songkruohcheat	1	sONkrOhcJt
songkruohcheat	0	sONkrOhcJt
sangkruohcheate	1	sANkrOhcJtE
sangkruohcheate	0	sANkrOhcJtE
sangkroahcheate	1	sANkrQhcJtE
sangkroahcheate	0	sANkrQhcJtE
kasekor	1	kAsEkO
kasekor	0	kAsEkOr
kasekar	1	kAsEkA
kasekar	0	kAsEkAr
yutethoa	1	yOtEtQ
yutethoa	0	yOtEtQ
yutdethorm	1	yOtdEtOm
yutdethorm	0	yOtdEtOm
viruh	1	vErO
viruh	0	vErOh
virus	1	vErO
virus	0	vErOs
prakad	1	prAkAd
prakad	0	prAkAd
veaydomlay	1	vJydOmlAy
veaydomlay	0	vJydOmlAy
veaytamley	1	vJytAmlEy
veaytamley	0	vJytAmlEy
soumbeytae	1	sOmbEytE
soumbeytae	0	sOmbEytE
soumbeitae	1	sOmbEytE
soumbeitae	0	sOmbEytE
sombeite	1	sOmbEytE
sombeite	0	sOmbEytE
bondaoy	1	bOndOy
bondaoy	0	bOndOy
bandaoy	1	bAndOy
bandaoy	0	bAndOy
somphearea	1	sOmpJrJ
somphearea	0	sOmpJrJ
sampheareak	1	sAmpJrJk
sampheareak	0	sAmpJrJk
samphearea	1	sAmpJrJ
samphearea	0	sAmpJrJ
chonloh	1	cOnlO
chonloh	0	cOnlOh
chanluoh	1	cAnlO
chanluoh	0	cAnlOh
chanloah	1	cAnlQ
chanloah	0	cAnlQh
rumpheup	1	rOmpEp
rumpheup	0	rOmpEp
rumpheub	1	rOmpEb
rumpheub	0	rOmpEb
khetkhom	1	kEtkOm
khetkhom	0	kEtkOm
khetkham	1	kEtkAm
khetkham	0	kEtkAm
hean	1	hJn
hean	0	hJn
akea	1	AkJ
akea	0	AkJ
akear	1	AkJ
akear	0	AkJr
kamnaeut	1	kAmnEt
kamnaeut	0	kAmnEt
kraoymok	1	krOymOk
kraoymok	0	krOymOk
tinuh	1	tEnO
tinuh	0	tEnOh
tinuoh	1	tEnO
tinuoh	0	tEnOh
tinoah	1	tEnQ
tinoah	0	tEnQh
sokkha	1	sOkA
sokkha	0	sOkA
sokha	1	sOkA
sokha	0	sOkA
atthaproyaoch	1	AtAprOyOc
atthaproyaoch	0	AtAprOyOc
atthabroyoucho	1	AtAbrOyOcO
atthabroyoucho	0	AtAbrOyOcO
atthabroyouchon	1	AtAbrOyOcOn
atthabroyouchon	0	AtAbrOyOcOn
kata	1	kAtA
kata	0	kAtA
katda	1	kAtdA
katda	0	kAtdA
chanh	1	cAY
chanh	0	cAY
peanrungvoan	1	pJnrONvQn
peanrungvoan	0	pJnrONvQn
peanrongvoan	1	pJnrONvQn
peanrongvoan	0	pJnrONvQn
sakam	1	sAkAm
sakam	0	sAkAm
sakamm	1	sAkAm
sakamm	0	sAkAm
loukchumteav	1	lOkcOmtJv
loukchumteav	0	lOkcOmtJv
yuttheaneaka	1	yOtJnJkA
yuttheaneaka	0	yOtJnJkA
yutthoneakar	1	yOtOnJkA
yutthoneakar	0	yOtOnJkAr
chiveapheap	1	cEvJpJp
chiveapheap	0	cEvJpJp
chivpheap	1	cEvpJp
chivpheap	0	cEvpJp
meultov	1	mEltOv
meultov	0	mEltOv
meultou	1	mEltO
meultou	0	mEltO
penhlenh	1	pEYlEY
penhlenh	0	pEYlEY
bondeng	1	bOndEN
bondeng	0	bOndEN
bandoeng	1	bAndEN
bandoeng	0	bAndEN
cholana	1	cOlAnA
cholana	0	cOlAnA
chalnea	1	cAlnJ
chalnea	0	cAlnJ
havtha	1	hAvtA
havtha	0	hAvtA
hautha	1	hOtA
hautha	0	hOtA
niyum	1	nEyOm
niyum	0	nEyOm
niyom	1	nEyOm
niyom	0	nEyOm
protebat	1	prOtEbAt
protebat	0	prOtEbAt
pratebatde	1	prAtEbAtdE
pratebatde	0	prAtEbAtdE
bontortiet	1	bOntOtJt
bontortiet	0	bOntOtJt
bantatiet	1	bAntAtJt
bantatiet	0	bAntAtJt
totuoltean	1	tOtOltJn
totuoltean	0	tOtOltJn
teahean	1	tJhJn
teahean	0	tJhJn
teahan	1	tJhAn
teahan	0	tJhAn
tovtiet	1	tOvtJt
tovtiet	0	tOvtJt
toutiet	1	tOtJt
toutiet	0	tOtJt
dam	1	dAm
dam	0	dAm
nitevithi	1	nEtEvEtE
nitevithi	0	nEtEvEtE
kasaet	1	kAsEt
kasaet	0	kAsEt
kaset	1	kAsEt
kaset	0	kAsEt
chnaot	1	cnOt
chnaot	0	cnOt
chhnaot	1	cnOt
chhnaot	0	cnOt
sonlek	1	sOnlEk
sonlek	0	sOnlEk
sanluek	1	sAnlEk
sanluek	0	sAnlEk
sanloek	1	sAnlEk
sanloek	0	sAnlEk
kotsomkoal	1	kOtsOmkQl
kotsomkoal	0	kOtsOmkQl
katsamkoal	1	kAtsAmkQl
katsamkoal	0	kAtsAmkQl
koulka	1	kOlkA
koulka	0	kOlkA
koulkaro	1	kOlkArO
koulkaro	0	kOlkArO
koulkaron	1	kOlkArOn
koulkaron	0	kOlkArOn
khnang	1	knAN
khnang	0	knAN
spean	1	spJn
spean	0	spJn
choankpuoh	1	cQnkpO
choankpuoh	0	cQnkpOh
choankhpos	1	cQnkpO
choankhpos	0	cQnkpOs
roksi	1	rOksE
roksi	0	rOksE
klach	1	klAc
klach	0	klAc
khlach	1	klAc
khlach	0	klAc
keng	1	kEN
keng	0	kEN
khoeng	1	kEN
khoeng	0	kEN
kaeng	1	kEN
kaeng	0	kEN
bonteaymeanchey	1	bOntJymJncEy
bonteaymeanchey	0	bOntJymJncEy
banteaymeanchey	1	bAntJymJncEy
banteaymeanchey	0	bAntJymJncEy
banteaymeanchoay	1	bAntJymJncQy
banteaymeanchoay	0	bAntJymJncQy
tukchet	1	tOkcEt
tukchet	0	tOkcEt
tukchett	1	tOkcEt
tukchett	0	tOkcEt
khohknea	1	kOhknJ
khohknea	0	kOhknJ
khosknea	1	kOsknJ
khosknea	0	kOsknJ
klangnah	1	klANnA
klangnah	0	klANnAh
khlangnas	1	klANnA
khlangnas	0	klANnAs
novae	1	nOvE
novae	0	nOvE
noue	1	nOE
noue	0	nOE
leukompuoh	1	lEkOmpO
leukompuoh	0	lEkOmpOh
leukkampos	1	lEkAmpO
leukkampos	0	lEkAmpOs
haet	1	hEt
haet	0	hEt
heto	1	hEtO
heto	0	hEtO
aphibalkhaet	1	ApEbAlkEt
aphibalkhaet	0	ApEbAlkEt
aphibalkhett	1	ApEbAlkEt
aphibalkhett	0	ApEbAlkEt
neakneang	1	nJknJN
neakneang	0	nJknJN
nakneang	1	nAknJN
nakneang	0	nAknJN
vithisah	1	vEtEsA
vithisah	0	vEtEsAh
vithisastr	1	vEtEsAstr
vithisastr	0	vEtEsAstr
omnaoy	1	OmnOy
omnaoy	0	OmnOy
amnaoy	1	AmnOy
amnaoy	0	AmnOy
chat	1	cAt
chat	0	cAt
kam	1	kAm
kam	0	kAm
kamm	1	kAm
kamm	0	kAm
kham	1	kAm
kham	0	kAm
hengsa	1	hENsA
hengsa	0	hENsA
hengsea	1	hENsJ
hengsea	0	hENsJ
achip	1	AcEp
achip	0	AcEp
domrev	1	dOmrEv
domrev	0	dOmrEv
tamruv	1	tAmrOv
tamruv	0	tAmrOv
preychheu	1	prEycE
preychheu	0	prEycE
ruochhaeuy	1	rOcEy
ruochhaeuy	0	rOcEy
padesaet	1	pAdEsEt
padesaet	0	pAdEsEt
badeseth	1	bAdEsEt
badeseth	0	bAdEsEt
leakkhan	1	lJkAn
leakkhan	0	lJkAn
lokkhakhand	1	lOkAkAnd
lokkhakhand	0	lOkAkAnd
vityu	1	vEtyO
vityu	0	vEtyO
chomnenh	1	cOmnEY
chomnenh	0	cOmnEY
chamnenh	1	cAmnEY
chamnenh	0	cAmnEY
tuohsanakech	1	tOhsAnAkEc
tuohsanakech	0	tOhsAnAkEc
tossankechch	1	tOsAnkEc
tossankechch	0	tOsAnkEc
cheucheak	1	cEcJk
cheucheak	0	cEcJk
choeacheak	1	cEcJk
choeacheak	0	cEcJk
prom	1	prOm
prom	0	prOm
prum	1	prOm
prum	0	prOm
akk	1	Ak
akk	0	Ak
pheapyun	1	pJpyOn
pheapyun	0	pJpyOn
pheapyont	1	pJpyOnt
pheapyont	0	pJpyOnt
mendael	1	mEndEl
mendael	0	mEndEl
mindael	1	mEndEl
mindael	0	mEndEl
mindel	1	mEndEl
mindel	0	mEndEl
procheathepatay	1	prOcJtEpAtAy
procheathepatay	0	prOcJtEpAtAy
pracheathibteyy	1	prAcJtEbtEy
pracheathibteyy	0	prAcJtEbtEy
pnhaeu	1	pYE
pnhaeu	0	pYE
phnhaeu	1	pYE
phnhaeu	0	pYE
penhchet	1	pEYcEt
penhchet	0	pEYcEt
penhchett	1	pEYcEt
penhchett	0	pEYcEt
chumluoh	1	cOmlO
chumluoh	0	cOmlOh
chomluoh	1	cOmlO
chomluoh	0	cOmlOh
chomloah	1	cOmlQ
chomloah	0	cOmlQh
song	1	sON
song	0	sON
sangkh	1	sANk
sangkh	0	sANk
tehdav	1	tEhdAv
tehdav	0	tEhdAv
tisdau	1	tEsdO
tisdau	0	tEsdO
meatyum	1	mJtyOm
meatyum	0	mJtyOm
mothyom	1	mOtyOm
mothyom	0	mOtyOm
niset	1	nEsEt
niset	0	nEsEt
nisset	1	nEsEt
nisset	0	nEsEt
khouchkhat	1	kOckAt
khouchkhat	0	kOckAt
khochkhat	1	kOckAt
khochkhat	0	kOckAt
chumhean	1	cOmhJn
chumhean	0	cOmhJn
chumhan	1	cOmhAn
chumhan	0	cOmhAn
riae	1	rEAE
riae	0	rEAE
rie	1	rJ
rie	0	rJ
rea	1	rJ
rea	0	rJ
reah	1	rJ
reah	0	rJh
haniphey	1	hAnEpEy
haniphey	0	hAnEpEy
haniphoay	1	hAnEpQy
haniphoay	0	hAnEpQy
chenhpsay	1	cEYpsAy
chenhpsay	0	cEYpsAy
chenhphsay	1	cEYpsAy
chenhphsay	0	cEYpsAy
vecheachivea	1	vEcJcEvJ
vecheachivea	0	vEcJcEvJ
vichcheachivea	1	vEcJcEvJ
vichcheachivea	0	vEcJcEvJ
vichcheachiveak	1	vEcJcEvJk
vichcheachiveak	0	vEcJcEvJk
vel	1	vEl
vel	0	vEl
vil	1	vEl
vil	0	vEl
rumloup	1	rOmlOp
rumloup	0	rOmlOp
rumlouph	1	rOmlOp
rumlouph	0	rOmlOp
enatean	1	EnAtJn
enatean	0	EnAtJn
entean	1	EntJn
entean	0	EntJn
torva	1	tOvA
torva	0	tOvA
tava	1	tAvA
tava	0	tAvA
kaev	1	kEv
kaev	0	kEv
kev	1	kEv
kev	0	kEv
chomnehdeng	1	cOmnEhdEN
chomnehdeng	0	cOmnEhdEN
chamnehdoeng	1	cAmnEhdEN
chamnehdoeng	0	cAmnEhdEN
saphea	1	sApJ
saphea	0	sApJ
komnaeun	1	kOmnEn
komnaeun	0	kOmnEn
kamnaeun	1	kAmnEn
kamnaeun	0	kAmnEn
moharik	1	mOhArEk
moharik	0	mOhArEk
sosay	1	sOsAy
sosay	0	sOsAy
sarsai	1	sAsAy
sarsai	0	sAsAy
sakha	1	sAkA
sakha	0	sAkA
tvea	1	tvJ
tvea	0	tvJ
tvear	1	tvJ
tvear	0	tvJr
pety	1	pEty
pety	0	pEty
toah	1	tQ
toah	0	tQh
thoa	1	tQ
thoa	0	tQ
toas	1	tQ
toas	0	tQs
pte	1	ptE
pte	0	ptE
phter	1	ptE
phter	0	ptEr
serey	1	sErEy
serey	0	sErEy
seri	1	sErE
seri	0	sErE
siri	1	sErE
siri	0	sErE
sop	1	sOp
sop	0	sOp
sap	1	sAp
sap	0	sAp
chheuchap	1	cEcAp
chheuchap	0	cEcAp
chhueuchab	1	cEcAb
chhueuchab	0	cEcAb
chhoechab	1	cEcAb
chhoechab	0	cEcAb
oknha	1	OkYA
oknha	0	OkYA
roy	1	rOy
roy	0	rOy
noamchenh	1	nQmcEY
noamchenh	0	nQmcEY
sol	1	sOl
sol	0	sOl
sal	1	sAl
sal	0	sAl
somnuo	1	sOmnO
somnuo	0	sOmnO
samnuor	1	sAmnO
samnuor	0	sAmnOr
punleu	1	pOnlE
punleu	0	pOnlE
ponlueu	1	pOnlE
ponlueu	0	pOnlE
ponloe	1	pOnlE
ponloe	0	pOnlE
theato	1	tJtO
theato	0	tJtO
sahsna	1	sAhsnA
sahsna	0	sAhsnA
sasnea	1	sAsnJ
sasnea	0	sAsnJ
vecheabondet	1	vEcJbOndEt
vecheabondet	0	vEcJbOndEt
vechchobndit	1	vEcObndEt
vechchobndit	0	vEcObndEt
rupthot	1	rOptOt
rupthot	0	rOptOt
rubthat	1	rObtAt
rubthat	0	rObtAt
vityeasah	1	vEtyJsA
vityeasah	0	vEtyJsAh
vityeasastr	1	vEtyJsAstr
vityeasastr	0	vEtyJsAstr
kvah	1	kvA
kvah	0	kvAh
khvah	1	kvA
khvah	0	kvAh
kompyuteu	1	kOmpyOtE
kompyuteu	0	kOmpyOtE
kompyutoar	1	kOmpyOtQ
kompyutoar	0	kOmpyOtQr
prodal	1	prOdAl
prodal	0	prOdAl
pradal	1	prAdAl
pradal	0	prAdAl
sahapheap	1	sAhApJp
sahapheap	0	sAhApJp
sahpheap	1	sAhpJp
sahpheap	0	sAhpJp
peakondal	1	pJkOndAl
peakondal	0	pJkOndAl
peakkandal	1	pJkAndAl
peakkandal	0	pJkAndAl
sra	1	srA
sra	0	srA
sras	1	srA
sras	0	srAs
khomprengpraeng	1	kOmprENprEN
khomprengpraeng	0	kOmprENprEN
khamproengpraeng	1	kAmprENprEN
khamproengpraeng	0	kAmprENprEN
khamproengpreng	1	kAmprENprEN
khamproengpreng	0	kAmprENprEN
krupyang	1	krOpyAN
krupyang	0	krOpyAN
krobyang	1	krObyAN
krobyang	0	krObyAN
mohaptey	1	mOhAptEy
mohaptey	0	mOhAptEy
mohaphtey	1	mOhAptEy
mohaphtey	0	mOhAptEy
aekareach	1	EkArJc
aekareach	0	EkArJc
aekreachy	1	EkrJcy
aekreachy	0	EkrJcy
ekreachy	1	EkrJcy
ekreachy	0	EkrJcy
tekprak	1	tEkprAk
tekprak	0	tEkprAk
tuekprak	1	tEkprAk
tuekprak	0	tEkprAk
toekprak	1	tEkprAk
toekprak	0	tEkprAk
nesat	1	nEsAt
nesat	0	nEsAt
chohpsay	1	cOhpsAy
chohpsay	0	cOhpsAy
chohphsay	1	cOhpsAy
chohphsay	0	cOhpsAy
vaeng	1	vEN
vaeng	0	vEN
veng	1	vEN
veng	0	vEN
yuldeng	1	yOldEN
yuldeng	0	yOldEN
yoldoeng	1	yOldEN
yoldoeng	0	yOldEN
menkuo	1	mEnkO
menkuo	0	mEnkO
minkuor	1	mEnkO
minkuor	0	mEnkOr
puntheaneakea	1	pOntJnJkJ
puntheaneakea	0	pOntJnJkJ
ponthoneakear	1	pOntOnJkJ
ponthoneakear	0	pOntOnJkJr
rieproap	1	rJprQp
rieproap	0	rJprQp
riebroab	1	rJbrQb
riebroab	0	rJbrQb
akisani	1	AkEsAnE
akisani	0	AkEsAnE
akkisni	1	AkEsnE
akkisni	0	AkEsnE
thaetoam	1	tEtQm
thaetoam	0	tEtQm
thetoam	1	tEtQm
thetoam	0	tEtQm
bompeak	1	bOmpJk
bompeak	0	bOmpJk
bampeak	1	bAmpJk
bampeak	0	bAmpJk
sahaprocheacheat	1	sAhAprOcJcJt
sahaprocheacheat	0	sAhAprOcJcJt
sahpracheacheate	1	sAhprAcJcJtE
sahpracheacheate	0	sAhprAcJcJtE
meate	1	mJtE
meate	0	mJtE
mote	1	mOtE
mote	0	mOtE
cheakleak	1	cJklJk
cheakleak	0	cJklJk
phot	1	pOt
phot	0	pOt
put	1	pOt
put	0	pOt
puth	1	pOt
puth	0	pOt
lumet	1	lOmEt
lumet	0	lOmEt
lomet	1	lOmEt
lomet	0	lOmEt
akah	1	AkA
akah	0	AkAh
akas	1	AkA
akas	0	AkAs
kounsrey	1	kOnsrEy
kounsrey	0	kOnsrEy
kounsrei	1	kOnsrEy
kounsrei	0	kOnsrEy
konsrei	1	kOnsrEy
konsrei	0	kOnsrEy
picharana	1	pEcArAnA
picharana	0	pEcArAnA
picharna	1	pEcAnA
picharna	0	pEcAnA
khiev	1	kJv
khiev	0	kJv
tipneakngea	1	tEpnJkNJ
tipneakngea	0	tEpnJkNJ
tiphneakngear	1	tEpnJkNJ
tiphneakngear	0	tEpnJkNJr
seupongket	1	sEpONkEt
seupongket	0	sEpONkEt
seubangket	1	sEbANkEt
seubangket	0	sEbANkEt
chuohchul	1	cOhcOl
chuohchul	0	cOhcOl
chuoschul	1	cOscOl
chuoschul	0	cOscOl
tuntem	1	tOntEm
tuntem	0	tOntEm
tontuem	1	tOntEm
tontuem	0	tOntEm
tontoem	1	tOntEm
tontoem	0	tOntEm
asray	1	AsrAy
asray	0	AsrAy
asrai	1	AsrAy
asrai	0	AsrAy
sokr	1	sOkr
sokr	0	sOkr
sdeypika	1	sdEypEkA
sdeypika	0	sdEypEkA
sdeipikar	1	sdEypEkA
sdeipikar	0	sdEypEkAr
svaengyul	1	svENyOl
svaengyul	0	svENyOl
svaengyol	1	svENyOl
svaengyol	0	svENyOl
svengyol	1	svENyOl
svengyol	0	svENyOl
kumru	1	kOmrO
kumru	0	kOmrO
komror	1	kOmrO
komror	0	kOmrOr
tram	1	trAm
tram	0	trAm
tang	1	tAN
tang	0	tAN
thang	1	tAN
thang	0	tAN
sompeat	1	sOmpJt
sompeat	0	sOmpJt
sampeath	1	sAmpJt
sampeath	0	sAmpJt
chomnoul	1	cOmnOl
chomnoul	0	cOmnOl
chamnoul	1	cAmnOl
chamnoul	0	cAmnOl
chamnol	1	cAmnOl
chamnol	0	cAmnOl
baeusen	1	bEsEn
baeusen	0	bEsEn
prongproyat	1	prONprOyAt
prongproyat	0	prONprOyAt
prongprayoatn	1	prONprAyQtn
prongprayoatn	0	prONprAyQtn
troapsombat	1	trQpsOmbAt
troapsombat	0	trQpsOmbAt
tropyosmbatde	1	trOpyOsmbAtdE
tropyosmbatde	0	trOpyOsmbAtdE
chundomneng	1	cOndOmnEN
chundomneng	0	cOndOmnEN
chundamnoeng	1	cOndAmnEN
chundamnoeng	0	cOndAmnEN
evpukmday	1	EvpOkmdAy
evpukmday	0	EvpOkmdAy
aupukmday	1	OpOkmdAy
aupukmday	0	OpOkmdAy
bontoan	1	bOntQn
bontoan	0	bOntQn
bantoan	1	bAntQn
bantoan	0	bAntQn
prokop	1	prOkOp
prokop	0	prOkOp
prakab	1	prAkAb
prakab	0	prAkAb
ongkuy	1	ONkOy
ongkuy	0	ONkOy
angkuy	1	ANkOy
angkuy	0	ANkOy
upatthom	1	OpAtOm
upatthom	0	OpAtOm
obtthamph	1	ObtAmp
obtthamph	0	ObtAmp
riepka	1	rJpkA
riepka	0	rJpkA
riebkar	1	rJbkA
riebkar	0	rJbkAr
vibat	1	vEbAt
vibat	0	vEbAt
vibatde	1	vEbAtdE
vibatde	0	vEbAtdE
chomroh	1	cOmrO
chomroh	0	cOmrOh
chumruh	1	cOmrO
chumruh	0	cOmrOh
chomruh	1	cOmrO
chomruh	0	cOmrOh
chamruh	1	cAmrO
chamruh	0	cAmrOh
kanhchop	1	kAYcOp
kanhchop	0	kAYcOp
kanhchab	1	kAYcAb
kanhchab	0	kAYcAb
kiloumaet	1	kElOmEt
kiloumaet	0	kElOmEt
kiloumaetr	1	kElOmEtr
kiloumaetr	0	kElOmEtr
kilometr	1	kElOmEtr
kilometr	0	kElOmEtr
noamyok	1	nQmyOk
noamyok	0	nQmyOk
chpuohtov	1	cpOhtOv
chpuohtov	0	cpOhtOv
chhpuohtov	1	cpOhtOv
chhpuohtov	0	cpOhtOv
chhpoahtou	1	cpQhtO
chhpoahtou	0	cpQhtO
ponth	1	pOnt
ponth	0	pOnt
preahvihea	1	prJhvEhJ
preahvihea	0	prJhvEhJ
preahvihar	1	prJhvEhA
preahvihar	0	prJhvEhAr
sonthakea	1	sOntAkJ
sonthakea	0	sOntAkJ
santhakear	1	sAntAkJ
santhakear	0	sAntAkJr
asiakne	1	AsJknE
asiakne	0	AsJknE
asiakney	1	AsJknEy
asiakney	0	AsJknEy
chatuktha	1	cAtOktA
chatuktha	0	cAtOktA
chattuktha	1	cAtOktA
chattuktha	0	cAtOktA
domlaeung	1	dOmlEN
domlaeung	0	dOmlEN
damlaeung	1	dAmlEN
damlaeung	0	dAmlEN
pruoybarom	1	prOybArOm
pruoybarom	0	prOybArOm
pruoybaromph	1	prOybArOmp
pruoybaromph	0	prOybArOmp
anuprothean	1	AnOprOtJn
anuprothean	0	AnOprOtJn
anubrothean	1	AnObrOtJn
anubrothean	0	AnObrOtJn
kra	1	krA
kra	0	krA
krah	1	krA
krah	0	krAh
kras	1	krA
kras	0	krAs
kunleh	1	kOnlE
kunleh	0	kOnlEh
konlueh	1	kOnlE
konlueh	0	kOnlEh
konloeh	1	kOnlE
konloeh	0	kOnlEh
chorcha	1	cOcA
chorcha	0	cOcA
charcha	1	cAcA
charcha	0	cAcA
sarasomkhan	1	sArAsOmkAn
sarasomkhan	0	sArAsOmkAn
sareaksamkhan	1	sArJksAmkAn
sareaksamkhan	0	sArJksAmkAn
sareasamkhan	1	sArJsAmkAn
sareasamkhan	0	sArJsAmkAn
metpheak	1	mEtpJk
metpheak	0	mEtpJk
mitdaphkde	1	mEtdApkdE
mitdaphkde	0	mEtdApkdE
samanh	1	sAmAY
samanh	0	sAmAY
samonhnh	1	sAmOY
samonhnh	0	sAmOY
ekrong	1	EkrON
ekrong	0	EkrON
cheanech	1	cJnEc
cheanech	0	cJnEc
cheanichch	1	cJnEc
cheanichch	0	cJnEc
choan	1	cQn
choan	0	cQn
vecheamean	1	vEcJmJn
vecheamean	0	vEcJmJn
vichchomean	1	vEcOmJn
vichchomean	0	vEcOmJn
ptuy	1	ptOy
ptuy	0	ptOy
phtuy	1	ptOy
phtuy	0	ptOy
praepruol	1	prEprOl
praepruol	0	prEprOl
prepruol	1	prEprOl
prepruol	0	prEprOl
somnomreung	1	sOmnOmrEN
somnomreung	0	sOmnOmrEN
samnomroeang	1	sAmnOmrEN
samnomroeang	0	sAmnOmrEN
sdach	1	sdAc
sdach	0	sdAc
sdech	1	sdEc
sdech	0	sdEc
mundul	1	mOndOl
mundul	0	mOndOl
mondol	1	mOndOl
mondol	0	mOndOl
haetvey	1	hEtvEy
haetvey	0	hEtvEy
hetovei	1	hEtOvEy
hetovei	0	hEtOvEy
teuptae	1	tEptE
teuptae	0	tEptE
teubtae	1	tEbtE
teubtae	0	tEbtE
teubte	1	tEbtE
teubte	0	tEbtE
khuop	1	kOp
khuop	0	kOp
kop	1	kOp
kop	0	kOp
khuob	1	kOb
khuob	0	kOb
chumnuop	1	cOmnOp
chumnuop	0	cOmnOp
chumnuob	1	cOmnOb
chumnuob	0	cOmnOb
proha	1	prOhA
proha	0	prOhA
prahar	1	prAhA
prahar	0	prAhAr
uteahor	1	OtJhO
uteahor	0	OtJhOr
oteahro	1	OtJhrO
oteahro	0	OtJhrO
oteahron	1	OtJhrOn
oteahron	0	OtJhrOn
somrak	1	sOmrAk
somrak	0	sOmrAk
samreak	1	sAmrJk
samreak	0	sAmrJk
snam	1	snAm
snam	0	snAm
banhchhob	1	bAYcOb
banhchhob	0	bAYcOb
roatsaphea	1	rQtsApJ
roatsaphea	0	rQtsApJ
rodthasphea	1	rOdtAspJ
rodthasphea	0	rOdtAspJ
kreykror	1	krEykrO
kreykror	0	krEykrOr
kreikr	1	krEykr
kreikr	0	krEykr
ongkea	1	ONkJ
ongkea	0	ONkJ
angkear	1	ANkJ
angkear	0	ANkJr
komhoh	1	kOmhO
komhoh	0	kOmhOh
kamhos	1	kAmhO
kamhos	0	kAmhOs
chaekchay	1	cEkcAy
chaekchay	0	cEkcAy
chekchay	1	cEkcAy
chekchay	0	cEkcAy
kay	1	kAy
kay	0	kAy
chatka	1	cAtkA
chatka	0	cAtkA
chatkar	1	cAtkA
chatkar	0	cAtkAr
bontuk	1	bOntOk
bontuk	0	bOntOk
bantuk	1	bAntOk
bantuk	0	bAntOk
sakolvityealay	1	sAkOlvEtyJlAy
sakolvityealay	0	sAkOlvEtyJlAy
sakalvityealey	1	sAkAlvEtyJlEy
sakalvityealey	0	sAkAlvEtyJlEy
sakalvityealoay	1	sAkAlvEtyJlQy
sakalvityealoay	0	sAkAlvEtyJlQy
chrok	1	crOk
chrok	0	crOk
chruk	1	crOk
chruk	0	crOk
chrak	1	crAk
chrak	0	crAk
menchong	1	mEncON
menchong	0	mEncON
minchang	1	mEncAN
minchang	0	mEncAN
matyoubay	1	mAtyObAy
matyoubay	0	mAtyObAy
mothyoubay	1	mOtyObAy
mothyoubay	0	mOtyObAy
reaksatuk	1	rJksAtOk
reaksatuk	0	rJksAtOk
roksatuk	1	rOksAtOk
roksatuk	0	rOksAtOk
onhcheng	1	OYcEN
onhcheng	0	OYcEN
anhchoeng	1	AYcEN
anhchoeng	0	AYcEN
chochaek	1	cOcEk
chochaek	0	cOcEk
chochek	1	cOcEk
chochek	0	cOcEk
bonlae	1	bOnlE
bonlae	0	bOnlE
banlae	1	bAnlE
banlae	0	bAnlE
banle	1	bAnlE
banle	0	bAnlE
srev	1	srEv
srev	0	srEv
srouv	1	srOv
srouv	0	srOv
srov	1	srOv
srov	0	srOv
kompungcham	1	kOmpONcAm
kompungcham	0	kOmpONcAm
kampongcham	1	kAmpONcAm
kampongcham	0	kAmpONcAm
kok	1	kOk
kok	0	kOk
kouk	1	kOk
kouk	0	kOk
kuk	1	kOk
kuk	0	kOk
kak	1	kAk
kak	0	kAk
boksray	1	bOksrAy
boksray	0	bOksrAy
baksray	1	bAksrAy
baksray	0	bAksrAy
saladomboung	1	sAlAdOmbON
saladomboung	0	sAlAdOmbON
saleadamboung	1	sAlJdAmbON
saleadamboung	0	sAlJdAmbON
saleadambong	1	sAlJdAmbON
saleadambong	0	sAlJdAmbON
veykmeng	1	vEykmEN
veykmeng	0	vEykmEN
voaykmeng	1	vQykmEN
voaykmeng	0	vQykmEN
neavea	1	nJvJ
neavea	0	nJvJ
plaek	1	plEk
plaek	0	plEk
plek	1	plEk
plek	0	plEk
dichithol	1	dEcEtOl
dichithol	0	dEcEtOl
dichithal	1	dEcEtAl
dichithal	0	dEcEtAl
ongkor	1	ONkO
ongkor	0	ONkOr
angkor	1	ANkO
angkor	0	ANkOr
chumnuonh	1	cOmnOY
chumnuonh	0	cOmnOY
reang	1	rJN
reang	0	rJN
rieng	1	rJN
rieng	0	rJN
somropsomruol	1	sOmrOpsOmrOl
somropsomruol	0	sOmrOpsOmrOl
samrobsamruol	1	sAmrObsAmrOl
samrobsamruol	0	sAmrObsAmrOl
atra	1	AtrA
atra	0	AtrA
atrea	1	AtrJ
atrea	0	AtrJ
prodap	1	prOdAp
prodap	0	prOdAp
pradab	1	prAdAb
pradab	0	prAdAb
daot	1	dOt
daot	0	dOt
dot	1	dOt
dot	0	dOt
neayuokathan	1	nJyOkAtAn
neayuokathan	0	nJyOkAtAn
neaykadthan	1	nJykAdtAn
neaykadthan	0	nJykAdtAn
pholproyaoch	1	pOlprOyOc
pholproyaoch	0	pOlprOyOc
phalprayoucho	1	pAlprAyOcO
phalprayoucho	0	pAlprAyOcO
phalprayouchon	1	pAlprAyOcOn
phalprayouchon	0	pAlprAyOcOn
oustrali	1	OstrAlE
oustrali	0	OstrAlE
ostrali	1	OstrAlE
ostrali	0	OstrAlE
ouhstrali	1	OhstrAlE
ouhstrali	0	OhstrAlE
rumlek	1	rOmlEk
rumlek	0	rOmlEk
rumluek	1	rOmlEk
rumluek	0	rOmlEk
rumloek	1	rOmlEk
rumloek	0	rOmlEk
rumlaek	1	rOmlEk
rumlaek	0	rOmlEk
kap	1	kAp
kap	0	kAp
kab	1	kAb
kab	0	kAb
somdav	1	sOmdAv
somdav	0	sOmdAv
samdau	1	sAmdO
samdau	0	sAmdO
hatthalekha	1	hAtAlEkA
hatthalekha	0	hAtAlEkA
akahsatheat	1	AkAhsAtJt
akahsatheat	0	AkAhsAtJt
akastheato	1	AkAstJtO
akastheato	0	AkAstJtO
kampleung	1	kAmplEN
kampleung	0	kAmplEN
kamphleung	1	kAmplEN
kamphleung	0	kAmplEN
kamplaeng	1	kAmplEN
kamplaeng	0	kAmplEN
kampleng	1	kAmplEN
kampleng	0	kAmplEN
nheknhoap	1	YEkYQp
nheknhoap	0	YEkYQp
nhueknhoab	1	YEkYQb
nhueknhoab	0	YEkYQb
nhoeknhoab	1	YEkYQb
nhoeknhoab	0	YEkYQb
roleak	1	rOlJk
roleak	0	rOlJk
chatuk	1	cAtOk
chatuk	0	cAtOk
chattuk	1	cAtOk
chattuk	0	cAtOk
moan	1	mQn
moan	0	mQn
mebonhcheaka	1	mEbOYcJkA
mebonhcheaka	0	mEbOYcJkA
mebnhcheakar	1	mEbYcJkA
mebnhcheakar	0	mEbYcJkAr
reangsi	1	rJNsE
reangsi	0	rJNsE
rongsi	1	rONsE
rongsi	0	rONsE
ruochmok	1	rOcmOk
ruochmok	0	rOcmOk
cheatutov	1	cJtOtOv
cheatutov	0	cJtOtOv
cheatutou	1	cJtOtO
cheatutou	0	cJtOtO
malesi	1	mAlEsE
malesi	0	mAlEsE
sda	1	sdA
sda	0	sdA
sdar	1	sdA
sdar	0	sdAr
tovrok	1	tOvrOk
tovrok	0	tOvrOk
tourok	1	tOrOk
tourok	0	tOrOk
aek	1	Ek
aek	0	Ek
ek	1	Ek
ek	0	Ek
tmenh	1	tmEY
tmenh	0	tmEY
thmenh	1	tmEY
thmenh	0	tmEY
promean	1	prOmJn
promean	0	prOmJn
dontrey	1	dOntrEy
dontrey	0	dOntrEy
tantrei	1	tAntrEy
tantrei	0	tAntrEy
chan	1	cAn
chan	0	cAn
chant	1	cAnt
chant	0	cAnt
mchahpteah	1	mcAhptJ
mchahpteah	0	mcAhptJh
mchasphteah	1	mcAsptJ
mchasphteah	0	mcAsptJh
plieng	1	plJN
plieng	0	plJN
phlieng	1	plJN
phlieng	0	plJN
ma	1	mA
ma	0	mA
mah	1	mA
mah	0	mAh
mas	1	mA
mas	0	mAs
tumloap	1	tOmlQp
tumloap	0	tOmlQp
tomloab	1	tOmlQb
tomloab	0	tOmlQb
protheanbot	1	prOtJnbOt
protheanbot	0	prOtJnbOt
pratheanbat	1	prAtJnbAt
pratheanbat	0	prAtJnbAt
yangnamenh	1	yANnAmEY
yangnamenh	0	yANnAmEY
yangnaminh	1	yANnAmEY
yangnaminh	0	yANnAmEY
krubongvek	1	krObONvEk
krubongvek	0	krObONvEk
krubngvuek	1	krObNvEk
krubngvuek	0	krObNvEk
krubngvoek	1	krObNvEk
krubngvoek	0	krObNvEk
chne	1	cnE
chne	0	cnE
chhner	1	cnE
chhner	0	cnEr
pimun	1	pEmOn
pimun	0	pEmOn
svakum	1	svAkOm
svakum	0	svAkOm
svakmo	1	svAkmO
svakmo	0	svAkmO
svakmon	1	svAkmOn
svakmon	0	svAkmOn
tikonlaeng	1	tEkOnlEN
tikonlaeng	0	tEkOnlEN
tiknlaeng	1	tEknlEN
tiknlaeng	0	tEknlEN
tiknleng	1	tEknlEN
tiknleng	0	tEknlEN
bongka	1	bONkA
bongka	0	bONkA
bangkar	1	bANkA
bangkar	0	bANkAr
va	1	vA
va	0	vA
somroh	1	sOmrO
somroh	0	sOmrOh
samros	1	sAmrO
samros	0	sAmrOs
on	1	On
on	0	On
barom	1	bArOm
barom	0	bArOm
baromph	1	bArOmp
baromph	0	bArOmp
pdeng	1	pdEN
pdeng	0	pdEN
pdoeng	1	pdEN
pdoeng	0	pdEN
mulnithi	1	mOlnEtE
mulnithi	0	mOlnEtE
sthanka	1	stAnkA
sthanka	0	stAnkA
sthankaro	1	stAnkArO
sthankaro	0	stAnkArO
sthankaron	1	stAnkArOn
sthankaron	0	stAnkArOn
deytli	1	dEytlE
deytli	0	dEytlE
deithli	1	dEytlE
deithli	0	dEytlE
techtuoch	1	tEctOc
techtuoch	0	tEctOc
svayrieng	1	svAyrJN
svayrieng	0	svAyrJN
tibomphot	1	tEbOmpOt
tibomphot	0	tEbOmpOt
tibamphot	1	tEbAmpOt
tibamphot	0	tEbAmpOt
pheariyea	1	pJrEyJ
pheariyea	0	pJrEyJ
phoriyea	1	pOrEyJ
phoriyea	0	pOrEyJ
kompot	1	kOmpOt
kompot	0	kOmpOt
kampot	1	kAmpOt
kampot	0	kAmpOt
chomngay	1	cOmNAy
chomngay	0	cOmNAy
chamngeay	1	cAmNJy
chamngeay	0	cAmNJy
kaboup	1	kAbOp
kaboup	0	kAbOp
kaboub	1	kAbOb
kaboub	0	kAbOb
kabob	1	kAbOb
kabob	0	kAbOb
cheathoameada	1	cJtQmJdA
cheathoameada	0	cJtQmJdA
cheathommota	1	cJtOmOtA
cheathommota	0	cJtOmOtA
slaklek	1	slAklEk
slaklek	0	slAklEk
slaklekh	1	slAklEk
slaklekh	0	slAklEk
trocheak	1	trOcJk
trocheak	0	trOcJk
trochiek	1	trOcJk
trochiek	0	trOcJk
tracheak	1	trAcJk
tracheak	0	trAcJk
trachiek	1	trAcJk
trachiek	0	trAcJk
phaendey	1	pEndEy
phaendey	0	pEndEy
phaendei	1	pEndEy
phaendei	0	pEndEy
phendei	1	pEndEy
phendei	0	pEndEy
hatpran	1	hAtprAn
hatpran	0	hAtprAn
smatfoun	1	smAtfOn
smatfoun	0	smAtfOn
smathvoun	1	smAtvOn
smathvoun	0	smAtvOn
smathvon	1	smAtvOn
smathvon	0	smAtvOn
snongka	1	snONkA
snongka	0	snONkA
snangkar	1	snANkA
snangkar	0	snANkAr
chrieng	1	crJN
chrieng	0	crJN
anamay	1	AnAmAy
anamay	0	AnAmAy
aneamey	1	AnJmEy
aneamey	0	AnJmEy
aneamoay	1	AnJmQy
aneamoay	0	AnJmQy
angkar	1	ANkA
angkar	0	ANkAr
chongcham	1	cONcAm
chongcham	0	cONcAm
changcham	1	cANcAm
changcham	0	cANcAm
tumnong	1	tOmnON
tumnong	0	tOmnON
bontorptoal	1	bOntOptQl
bontorptoal	0	bOntOptQl
bantaphtoal	1	bAntAptQl
bantaphtoal	0	bAntAptQl
provoat	1	prOvQt
provoat	0	prOvQt
pravotde	1	prAvOtdE
pravotde	0	prAvOtdE
kbae	1	kbE
kbae	0	kbE
kbaer	1	kbE
kbaer	0	kbEr
kber	1	kbE
kber	0	kbEr
prohoah	1	prOhQ
prohoah	0	prOhQh
prohsba	1	prOhsbA
prohsba	0	prOhsbA
prohsbate	1	prOhsbAtE
prohsbate	0	prOhsbAtE
punyul	1	pOYOl
punyul	0	pOYOl
ponyol	1	pOYOl
ponyol	0	pOYOl
sbaekcheung	1	sbEkcEN
sbaekcheung	0	sbEkcEN
sbekcheung	1	sbEkcEN
sbekcheung	0	sbEkcEN
hakdouchea	1	hAkdOcJ
hakdouchea	0	hAkdOcJ
hakdouchchea	1	hAkdOcJ
hakdouchchea	0	hAkdOcJ
hakdochchea	1	hAkdOcJ
hakdochchea	0	hAkdOcJ
sakol	1	sAkOl
sakol	0	sAkOl
sakal	1	sAkAl
sakal	0	sAkAl
prolong	1	prOlON
prolong	0	prOlON
pralang	1	prAlAN
pralang	0	prAlAN
satheareanaroat	1	sAtJrJnArQt
satheareanaroat	0	sAtJrJnArQt
sathearonrodth	1	sAtJrOnrOdt
sathearonrodth	0	sAtJrOnrOdt
menlor	1	mEnlO
menlor	0	mEnlOr
minol	1	mEnOl
minol	0	mEnOl
bak	1	bAk
bak	0	bAk
aleumong	1	AlEmON
aleumong	0	AlEmON
allueumang	1	AlEmAN
allueumang	0	AlEmAN
alloemang	1	AlEmAN
alloemang	0	AlEmAN
reach	1	rJc
reach	0	rJc
bontul	1	bOntOl
bontul	0	bOntOl
bantul	1	bAntOl
bantul	0	bAntOl
om	1	Om
om	0	Om
am	1	Am
am	0	Am
smardey	1	smAdEy
smardey	0	smAdEy
smartei	1	smAtEy
smartei	0	smAtEy
pah	1	pA
pah	0	pAh
pha	1	pA
pha	0	pA
sral	1	srAl
sral	0	srAl
tumleak	1	tOmlJk
tumleak	0	tOmlJk
tomleak	1	tOmlJk
tomleak	0	tOmlJk
atasanhan	1	AtAsAYAn
atasanhan	0	AtAsAYAn
atdasanhnhean	1	AtdAsAYJn
atdasanhnhean	0	AtdAsAYJn
rupreang	1	rOprJN
rupreang	0	rOprJN
rubreang	1	rObrJN
rubreang	0	rObrJN
prarup	1	prArOp
prarup	0	prArOp
praropth	1	prArOpt
praropth	0	prArOpt
ontarakum	1	OntArAkOm
ontarakum	0	OntArAkOm
antareakmo	1	AntArJkmO
antareakmo	0	AntArJkmO
antareakmon	1	AntArJkmOn
antareakmon	0	AntArJkmOn
kahve	1	kAhvE
kahve	0	kAhvE
chumreap	1	cOmrJp
chumreap	0	cOmrJp
chomreab	1	cOmrJb
chomreab	0	cOmrJb
somrum	1	sOmrOm
somrum	0	sOmrOm
samromy	1	sAmrOmy
samromy	0	sAmrOmy
kechsonya	1	kEcsOYA
kechsonya	0	kEcsOYA
kechchasnyea	1	kEcAsYJ
kechchasnyea	0	kEcAsYJ
tlaengka	1	tlENkA
tlaengka	0	tlENkA
thlaengkaro	1	tlENkArO
thlaengkaro	0	tlENkArO
thlengkaron	1	tlENkArOn
thlengkaron	0	tlENkArOn
keteyuoh	1	kEtEyO
keteyuoh	0	kEtEyOh
ketdeyos	1	kEtdEyO
ketdeyos	0	kEtdEyOs
kompungthum	1	kOmpONtOm
kompungthum	0	kOmpONtOm
kampongthum	1	kAmpONtOm
kampongthum	0	kAmpONtOm
icheng	1	EcEN
icheng	0	EcEN
ichoeng	1	EcEN
ichoeng	0	EcEN
chenhtov	1	cEYtOv
chenhtov	0	cEYtOv
chenhtou	1	cEYtO
chenhtou	0	cEYtO
songket	1	sONkEt
songket	0	sONkEt
sangket	1	sANkEt
sangket	0	sANkEt
totuolka	1	tOtOlkA
totuolka	0	tOtOlkA
totuolkar	1	tOtOlkA
totuolkar	0	tOtOlkAr
phlech	1	plEc
phlech	0	plEc
hak	1	hAk
hak	0	hAk
torsu	1	tOsO
torsu	0	tOsO
tasu	1	tAsO
tasu	0	tAsO
kompungchnang	1	kOmpONcnAN
kompungchnang	0	kOmpONcnAN
kampongchhnang	1	kAmpONcnAN
kampongchhnang	0	kAmpONcnAN
choulchnam	1	cOlcnAm
choulchnam	0	cOlcnAm
choulchhnam	1	cOlcnAm
choulchhnam	0	cOlcnAm
cholchhnam	1	cOlcnAm
cholchhnam	0	cOlcnAm
kaeprae	1	kEprE
kaeprae	0	kEprE
kepre	1	kEprE
kepre	0	kEprE
khuokbal	1	kOkbAl
khuokbal	0	kOkbAl
khuorkbal	1	kOkbAl
khuorkbal	0	kOkbAl
tossaneak	1	tOsAnJk
tossaneak	0	tOsAnJk
bondohason	1	bOndOhAsOn
bondohason	0	bOndOhAsOn
bandaohasann	1	bAndOhAsAn
bandaohasann	0	bAndOhAsAn
metapheap	1	mEtApJp
metapheap	0	mEtApJp
mitdapheap	1	mEtdApJp
mitdapheap	0	mEtdApJp
prakchomnoul	1	prAkcOmnOl
prakchomnoul	0	prAkcOmnOl
prakchamnoul	1	prAkcAmnOl
prakchamnoul	0	prAkcAmnOl
prakchamnol	1	prAkcAmnOl
prakchamnol	0	prAkcAmnOl
pech	1	pEc
pech	0	pEc
pechr	1	pEcr
pechr	0	pEcr
tul	1	tOl
tul	0	tOl
tol	1	tOl
tol	0	tOl
pruohtae	1	prOhtE
pruohtae	0	prOhtE
proahte	1	prQhtE
proahte	0	prQhtE
ruochroal	1	rOcrQl
ruochroal	0	rOcrQl
snaday	1	snAdAy
snaday	0	snAdAy
snadai	1	snAdAy
snadai	0	snAdAy
omlong	1	OmlON
omlong	0	OmlON
amlong	1	AmlON
amlong	0	AmlON
salarien	1	sAlArJn
salarien	0	sAlArJn
salearien	1	sAlJrJn
salearien	0	sAlJrJn
kroah	1	krQ
kroah	0	krQh
chalat	1	cAlAt
chalat	0	cAlAt
chaloat	1	cAlQt
chaloat	0	cAlQt
pka	1	pkA
pka	0	pkA
phka	1	pkA
phka	0	pkA
pneakngea	1	pnJkNJ
pneakngea	0	pnJkNJ
phneakngear	1	pnJkNJ
phneakngear	0	pnJkNJr
chlaeuy	1	clEy
chlaeuy	0	clEy
chhlaeuy	1	clEy
chhlaeuy	0	clEy
taon	1	tOn
taon	0	tOn
thun	1	tOn
thun	0	tOn
thon	1	tOn
thon	0	tOn
tun	1	tOn
tun	0	tOn
ton	1	tOn
ton	0	tOn
bonteah	1	bOntJ
bonteah	0	bOntJh
banteah	1	bAntJ
banteah	0	bAntJh
rumlong	1	rOmlON
rumlong	0	rOmlON
somnaeu	1	sOmnE
somnaeu	0	sOmnE
samnaeu	1	sAmnE
samnaeu	0	sAmnE
cheungaek	1	cENEk
cheungaek	0	cENEk
cheungek	1	cENEk
cheungek	0	cENEk
nhor	1	YO
nhor	0	YOr
nho	1	YO
nho	0	YO
somram	1	sOmrAm
somram	0	sOmrAm
samream	1	sAmrJm
samream	0	sAmrJm
chomnatnak	1	cOmnAtnAk
chomnatnak	0	cOmnAtnAk
chamnatthnak	1	cAmnAtnAk
chamnatthnak	0	cAmnAtnAk
tulumtuleay	1	tOlOmtOlJy
tulumtuleay	0	tOlOmtOlJy
leap	1	lJp
leap	0	lJp
leaph	1	lJp
leaph	0	lJp
leab	1	lJb
leab	0	lJb
heng	1	hEN
heng	0	hEN
soniset	1	sOnEsEt
soniset	0	sOnEsEt
sanniseit	1	sAnEsEyt
sanniseit	0	sAnEsEyt
bombaek	1	bOmbEk
bombaek	0	bOmbEk
bambaek	1	bAmbEk
bambaek	0	bAmbEk
bambek	1	bAmbEk
bambek	0	bAmbEk
reachtheani	1	rJctJnE
reachtheani	0	rJctJnE
bohpum	1	bOhpOm
bohpum	0	bOhpOm
baohpump	1	bOhpOmp
baohpump	0	bOhpOmp
proop	1	prOp
proop	0	prOp
priepthiep	1	prJptJp
priepthiep	0	prJptJp
priebthieb	1	prJbtJb
priebthieb	0	prJbtJb
ruomchomnaek	1	rOmcOmnEk
ruomchomnaek	0	rOmcOmnEk
ruomchamnaek	1	rOmcAmnEk
ruomchamnaek	0	rOmcAmnEk
ruomchamnek	1	rOmcAmnEk
ruomchamnek	0	rOmcAmnEk
sahakreah	1	sAhAkrJ
sahakreah	0	sAhAkrJh
sahkreas	1	sAhkrJ
sahkreas	0	sAhkrJs
chhaprohah	1	cAprOhA
chhaprohah	0	cAprOhAh
chhabrohas	1	cAbrOhA
chhabrohas	0	cAbrOhAs
saksuo	1	sAksO
saksuo	0	sAksO
saksuor	1	sAksO
saksuor	0	sAksOr
kompungspeu	1	kOmpONspE
kompungspeu	0	kOmpONspE
kampongspueu	1	kAmpONspE
kampongspueu	0	kAmpONspE
kampongspoe	1	kAmpONspE
kampongspoe	0	kAmpONspE
reungrav	1	rENrAv
reungrav	0	rENrAv
roeangrav	1	rENrAv
roeangrav	0	rENrAv
rumkhan	1	rOmkAn
rumkhan	0	rOmkAn
aphireak	1	ApErJk
aphireak	0	ApErJk
aphiroks	1	ApErOks
aphiroks	0	ApErOks
chmuonh	1	cmOY
chmuonh	0	cmOY
chhmuonh	1	cmOY
chhmuonh	0	cmOY
tanteng	1	tAntEN
tanteng	0	tAntEN
tantoeng	1	tAntEN
tantoeng	0	tAntEN
sakdanupul	1	sAkdAnOpOl
sakdanupul	0	sAkdAnOpOl
sakdanupol	1	sAkdAnOpOl
sakdanupol	0	sAkdAnOpOl
tearuok	1	tJrOk
tearuok	0	tJrOk
tearok	1	tJrOk
tearok	0	tJrOk
puleakor	1	pOlJkO
puleakor	0	pOlJkOr
polkar	1	pOlkA
polkar	0	pOlkAr
douchdael	1	dOcdEl
douchdael	0	dOcdEl
dochdel	1	dOcdEl
dochdel	0	dOcdEl
pretsaphea	1	prEtsApJ
pretsaphea	0	prEtsApJ
pruetthosphea	1	prEtOspJ
pruetthosphea	0	prEtOspJ
proetthosphea	1	prEtOspJ
proetthosphea	0	prEtOspJ
haoch	1	hOc
haoch	0	hOc
chnayprodet	1	cnAyprOdEt
chnayprodet	0	cnAyprOdEt
chnaibrodit	1	cnAybrOdEt
chnaibrodit	0	cnAybrOdEt
cheamun	1	cJmOn
cheamun	0	cJmOn
pean	1	pJn
pean	0	pJn
steutae	1	stEtE
steutae	0	stEtE
steurtae	1	stEtE
steurtae	0	stEtE
steurte	1	stEtE
steurte	0	stEtE
sthete	1	stEtE
sthete	0	stEtE
baechea	1	bEcJ
baechea	0	bEcJ
baerchea	1	bEcJ
baerchea	0	bEcJ
berchea	1	bEcJ
berchea	0	bEcJ
tuohbey	1	tOhbEy
tuohbey	0	tOhbEy
tuohbei	1	tOhbEy
tuohbei	0	tOhbEy
toahbei	1	tQhbEy
toahbei	0	tQhbEy
parachey	1	pArAcEy
parachey	0	pArAcEy
bareachey	1	bArJcEy
bareachey	0	bArJcEy
bareachoay	1	bArJcQy
bareachoay	0	bArJcQy
provaeng	1	prOvEN
provaeng	0	prOvEN
pravaeng	1	prAvEN
pravaeng	0	prAvEN
praveng	1	prAvEN
praveng	0	prAvEN
kamera	1	kAmErA
kamera	0	kAmErA
stongda	1	stONdA
stongda	0	stONdA
sdangdar	1	sdANdA
sdangdar	0	sdANdAr
promoulpdom	1	prOmOlpdOm
promoulpdom	0	prOmOlpdOm
pramulphdom	1	prAmOlpdOm
pramulphdom	0	prAmOlpdOm
kankap	1	kAnkAp
kankap	0	kAnkAp
kankab	1	kAnkAb
kankab	0	kAnkAb
khouch	1	kOc
khouch	0	kOc
khoch	1	kOc
khoch	0	kOc
kuoch	1	kOc
kuoch	0	kOc
tralob	1	trAlOb
tralob	0	trAlOb
meateka	1	mJtEkA
meateka	0	mJtEkA
aekapheap	1	EkApJp
aekapheap	0	EkApJp
aekpheap	1	EkpJp
aekpheap	0	EkpJp
ekpheap	1	EkpJp
ekpheap	0	EkpJp
klay	1	klAy
klay	0	klAy
dondaeum	1	dOndEm
dondaeum	0	dOndEm
dandaeum	1	dAndEm
dandaeum	0	dAndEm
tilumnov	1	tElOmnOv
tilumnov	0	tElOmnOv
tilumnou	1	tElOmnO
tilumnou	0	tElOmnO
pukroluoy	1	pOkrOlOy
pukroluoy	0	pOkrOlOy
pukarluoy	1	pOkAlOy
pukarluoy	0	pOkAlOy
veyklah	1	vEyklA
veyklah	0	vEyklAh
veikhlah	1	vEyklA
veikhlah	0	vEyklAh
anu	1	AnO
anu	0	AnO
daydol	1	dAydOl
daydol	0	dAydOl
daidal	1	dAydAl
daidal	0	dAydAl
triemkluon	1	trJmklOn
triemkluon	0	trJmklOn
triemkhluon	1	trJmklOn
triemkhluon	0	trJmklOn
svamey	1	svAmEy
svamey	0	svAmEy
svami	1	svAmE
svami	0	svAmE
irong	1	ErON
irong	0	ErON
irang	1	ErAN
irang	0	ErAN
somliekbompeak	1	sOmlJkbOmpJk
somliekbompeak	0	sOmlJkbOmpJk
samliekbampeak	1	sAmlJkbAmpJk
samliekbampeak	0	sAmlJkbAmpJk
leay	1	lJy
leay	0	lJy
lbeylbanh	1	lbEylbAY
lbeylbanh	0	lbEylbAY
lbeilbanh	1	lbEylbAY
lbeilbanh	0	lbEylbAY
puch	1	pOc
puch	0	pOc
filipin	1	fElEpEn
filipin	0	fElEpEn
hveilipin	1	hvEylEpEn
hveilipin	0	hvEylEpEn
rohah	1	rOhA
rohah	0	rOhAh
rohas	1	rOhA
rohas	0	rOhAs
bompleu	1	bOmplE
bompleu	0	bOmplE
bamphlueu	1	bAmplE
bamphlueu	0	bAmplE
bamphloe	1	bAmplE
bamphloe	0	bAmplE
somat	1	sOmAt
somat	0	sOmAt
samat	1	sAmAt
samat	0	sAmAt
lutloah	1	lOtlQ
lutloah	0	lOtlQh
lutloas	1	lOtlQ
lutloas	0	lOtlQs
karo	1	kArO
karo	0	kArO
karon	1	kArOn
karon	0	kArOn
pareyakah	1	pArEyAkA
pareyakah	0	pArEyAkAh
bariyeakas	1	bArEyJkA
bariyeakas	0	bArEyJkAs
leang	1	lJN
leang	0	lJN
pareman	1	pArEmAn
pareman	0	pArEmAn
barimean	1	bArEmJn
barimean	0	bArEmJn
rouksanha	1	rOksAYA
rouksanha	0	rOksAYA
rouksanhnhea	1	rOksAYJ
rouksanhnhea	0	rOksAYJ
sav	1	sAv
sav	0	sAv
tarang	1	tArAN
tarang	0	tArAN
tareang	1	tArJN
tareang	0	tArJN
aosot	1	OsOt
aosot	0	OsOt
aosath	1	OsAt
aosath	0	OsAt
youbol	1	yObOl
youbol	0	yObOl
youbal	1	yObAl
youbal	0	yObAl
krea	1	krJ
krea	0	krJ
tetthapheap	1	tEtApJp
tetthapheap	0	tEtApJp
tidthapheap	1	tEdtApJp
tidthapheap	0	tEdtApJp
sut	1	sOt
sut	0	sOt
sot	1	sOt
sot	0	sOt
sotth	1	sOt
sotth	0	sOt
suot	1	sOt
suot	0	sOt
sout	1	sOt
sout	0	sOt
beng	1	bEN
beng	0	bEN
boeng	1	bEN
boeng	0	bEN
tutoat	1	tOtQt
tutoat	0	tOtQt
bompung	1	bOmpON
bompung	0	bOmpON
bampong	1	bAmpON
bampong	0	bAmpON
chreap	1	crJp
chreap	0	crJp
chreab	1	crJb
chreab	0	crJb
sereypheap	1	sErEypJp
sereypheap	0	sErEypJp
seripheap	1	sErEpJp
seripheap	0	sErEpJp
israael	1	EsrAEl
israael	0	EsrAEl
israel	1	EsrEl
israel	0	EsrEl
somdey	1	sOmdEy
somdey	0	sOmdEy
samdei	1	sAmdEy
samdei	0	sAmdEy
snongkaratthan	1	snONkArAtAn
snongkaratthan	0	snONkArAtAn
snangkardthan	1	snANkAdtAn
snangkardthan	0	snANkAdtAn
baytong	1	bAytON
baytong	0	bAytON
baitang	1	bAytAN
baitang	0	bAytAN
somngat	1	sOmNAt
somngat	0	sOmNAt
samngoat	1	sAmNQt
samngoat	0	sAmNQt
toandeakam	1	tQndJkAm
toandeakam	0	tQndJkAm
tondokamm	1	tOndOkAm
tondokamm	0	tOndOkAm
ksat	1	ksAt
ksat	0	ksAt
ksatr	1	ksAtr
ksatr	0	ksAtr
kmaekrohom	1	kmEkrOhOm
kmaekrohom	0	kmEkrOhOm
khmaerkraham	1	kmEkrAhAm
khmaerkraham	0	kmEkrAhAm
khmerkraham	1	kmEkrAhAm
khmerkraham	0	kmEkrAhAm
kimi	1	kEmE
kimi	0	kEmE
sombot	1	sOmbOt
sombot	0	sOmbOt
sambotr	1	sAmbOtr
sambotr	0	sAmbOtr
kanhchok	1	kAYcOk
kanhchok	0	kAYcOk
kanhchak	1	kAYcAk
kanhchak	0	kAYcAk
pteypuoh	1	ptEypO
pteypuoh	0	ptEypOh
phteypuoh	1	ptEypO
phteypuoh	0	ptEypOh
phteypoah	1	ptEypQ
phteypoah	0	ptEypQh
pheareakech	1	pJrJkEc
pheareakech	0	pJrJkEc
phearkechch	1	pJkEc
phearkechch	0	pJkEc
lav	1	lAv
lav	0	lAv
baengchaek	1	bENcEk
baengchaek	0	bENcEk
bengchek	1	bENcEk
bengchek	0	bENcEk
oporsator	1	OpOsAtO
oporsator	0	OpOsAtOr
abarsator	1	AbAsAtO
abarsator	0	AbAsAtOr
acholanatroap	1	AcOlAnAtrQp
acholanatroap	0	AcOlAnAtrQp
achlontropy	1	AclOntrOpy
achlontropy	0	AclOntrOpy
kaelumor	1	kElOmO
kaelumor	0	kElOmOr
kaelom	1	kElOm
kaelom	0	kElOm
kelom	1	kElOm
kelom	0	kElOm
tayvan	1	tAyvAn
tayvan	0	tAyvAn
taivan	1	tAyvAn
taivan	0	tAyvAn
srae	1	srE
srae	0	srE
sre	1	srE
sre	0	srE
kohkong	1	kOhkON
kohkong	0	kOhkON
kaohkong	1	kOhkON
kaohkong	0	kOhkON
chrul	1	crOl
chrul	0	crOl
tumnukchet	1	tOmnOkcEt
tumnukchet	0	tOmnOkcEt
tumnukchett	1	tOmnOkcEt
tumnukchett	0	tOmnOkcEt
ktung	1	ktON
ktung	0	ktON
khtong	1	ktON
khtong	0	ktON
tovvenhtovmok	1	tOvEYtOvmOk
tovvenhtovmok	0	tOvEYtOvmOk
tovvinhtovmok	1	tOvEYtOvmOk
tovvinhtovmok	0	tOvEYtOvmOk
touvinhtoumok	1	tOvEYtOmOk
touvinhtoumok	0	tOvEYtOmOk
bongkhom	1	bONkOm
bongkhom	0	bONkOm
bangkham	1	bANkAm
bangkham	0	bANkAm
ruohcheat	1	rOhcJt
ruohcheat	0	rOhcJt
roscheate	1	rOscJtE
roscheate	0	rOscJtE
kompuoh	1	kOmpO
kompuoh	0	kOmpOh
kampos	1	kAmpO
kampos	0	kAmpOs
atthaney	1	AtAnEy
atthaney	0	AtAnEy
atthanoay	1	AtAnQy
atthanoay	0	AtAnQy
chuopchum	1	cOpcOm
chuopchum	0	cOpcOm
chuobchum	1	cObcOm
chuobchum	0	cObcOm
tatov	1	tAtOv
tatov	0	tAtOv
tatou	1	tAtO
tatou	0	tAtO
pekkhachun	1	pEkAcOn
pekkhachun	0	pEkAcOn
bekkhachon	1	bEkAcOn
bekkhachon	0	bEkAcOn
kaechnay	1	kEcnAy
kaechnay	0	kEcnAy
kaechnai	1	kEcnAy
kaechnai	0	kEcnAy
kechnai	1	kEcnAy
kechnai	0	kEcnAy
kaotsosaeu	1	kOtsOsE
kaotsosaeu	0	kOtsOsE
kaotsarsaeur	1	kOtsAsE
kaotsarsaeur	0	kOtsAsEr
miyanma	1	mEyAnmA
miyanma	0	mEyAnmA
vityealay	1	vEtyJlAy
vityealay	0	vEtyJlAy
vityealey	1	vEtyJlEy
vityealey	0	vEtyJlEy
vityealoay	1	vEtyJlQy
vityealoay	0	vEtyJlQy
en	1	En
en	0	En
in	1	En
in	0	En
kakabatkrohom	1	kAkAbAtkrOhOm
kakabatkrohom	0	kAkAbAtkrOhOm
kakbatkraham	1	kAkbAtkrAhAm
kakbatkraham	0	kAkbAtkrAhAm
sroh	1	srO
sroh	0	srOh
kongreachavuthat	1	kONrJcAvOtAt
kongreachavuthat	0	kONrJcAvOtAt
kangreachavuthhatth	1	kANrJcAvOthAt
kangreachavuthhatth	0	kANrJcAvOthAt
prochhomuk	1	prOcOmOk
prochhomuk	0	prOcOmOk
prachhmomukh	1	prAcmOmOk
prachhmomukh	0	prAcmOmOk
sroveng	1	srOvEN
sroveng	0	srOvEN
sravueng	1	srAvEN
sravueng	0	srAvEN
sravoeng	1	srAvEN
sravoeng	0	srAvEN
srach	1	srAc
srach	0	srAc
srech	1	srEc
srech	0	srEc
chombong	1	cOmbON
chombong	0	cOmbON
chambang	1	cAmbAN
chambang	0	cAmbAN
sdam	1	sdAm
sdam	0	sdAm
saha	1	sAhA
saha	0	sAhA
douchmdech	1	dOcmdEc
douchmdech	0	dOcmdEc
dochmdech	1	dOcmdEc
dochmdech	0	dOcmdEc
preyamet	1	prEyAmEt
preyamet	0	prEyAmEt
preymitt	1	prEymEt
preymitt	0	prEymEt
imael	1	EmEl
imael	0	EmEl
imel	1	EmEl
imel	0	EmEl
botchomrieng	1	bOtcOmrJN
botchomrieng	0	bOtcOmrJN
batchamrieng	1	bAtcAmrJN
batchamrieng	0	bAtcAmrJN
tungveu	1	tONvE
tungveu	0	tONvE
tongveu	1	tONvE
tongveu	0	tONvE
anumat	1	AnOmAt
anumat	0	AnOmAt
anumoat	1	AnOmQt
anumoat	0	AnOmQt
srodieng	1	srOdJN
srodieng	0	srOdJN
sradieng	1	srAdJN
sradieng	0	srAdJN
ha	1	hA
ha	0	hA
omnorkun	1	OmnOkOn
omnorkun	0	OmnOkOn
amnarkun	1	AmnAkOn
amnarkun	0	AmnAkOn
plevchet	1	plEvcEt
plevchet	0	plEvcEt
phlouvchett	1	plOvcEt
phlouvchett	0	plOvcEt
phlovchett	1	plOvcEt
phlovchett	0	plOvcEt
upaneayuok	1	OpAnJyOk
upaneayuok	0	OpAnJyOk
obneayok	1	ObnJyOk
obneayok	0	ObnJyOk
chveng	1	cvEN
chveng	0	cvEN
chhveng	1	cvEN
chhveng	0	cvEN
vitamin	1	vEtAmEn
vitamin	0	vEtAmEn
hettharachanasompoan	1	hEtArAcAnAsOmpQn
hettharachanasompoan	0	hEtArAcAnAsOmpQn
hedtharochneasmpoanth	1	hEdtArOcnJsmpQnt
hedtharochneasmpoanth	0	hEdtArOcnJsmpQnt
nheat	1	YJt
nheat	0	YJt
nheate	1	YJtE
nheate	0	YJtE
utdom	1	OtdOm
utdom	0	OtdOm
otdam	1	OtdAm
otdam	0	OtdAm
kumreamkomhaeng	1	kOmrJmkOmhEN
kumreamkomhaeng	0	kOmrJmkOmhEN
kumreamkamhaeng	1	kOmrJmkAmhEN
kumreamkamhaeng	0	kOmrJmkAmhEN
kumreamkamheng	1	kOmrJmkAmhEN
kumreamkamheng	0	kOmrJmkAmhEN
plaechheu	1	plEcE
plaechheu	0	plEcE
phlaechheu	1	plEcE
phlaechheu	0	plEcE
phlechheu	1	plEcE
phlechheu	0	plEcE
kchey	1	kcEy
kchey	0	kcEy
khchei	1	kcEy
khchei	0	kcEy
tivea	1	tEvJ
tivea	0	tEvJ
pesakakam	1	pEsAkAkAm
pesakakam	0	pEsAkAkAm
besakkamm	1	bEsAkAm
besakkamm	0	bEsAkAm
kiloukram	1	kElOkrAm
kiloukram	0	kElOkrAm
kilokram	1	kElOkrAm
kilokram	0	kElOkrAm
mekung	1	mEkON
mekung	0	mEkON
mekongk	1	mEkONk
mekongk	0	mEkONk
afrik	1	AfrEk
afrik	0	AfrEk
ahvrek	1	AhvrEk
ahvrek	0	AhvrEk
donghaeum	1	dONhEm
donghaeum	0	dONhEm
danghaeum	1	dANhEm
danghaeum	0	dANhEm
sang	1	sAN
sang	0	sAN
daendey	1	dEndEy
daendey	0	dEndEy
daendei	1	dEndEy
daendei	0	dEndEy
dendei	1	dEndEy
dendei	0	dEndEy
takaev	1	tAkEv
takaev	0	tAkEv
takev	1	tAkEv
takev	0	tAkEv
phumisah	1	pOmEsA
phumisah	0	pOmEsAh
phumisastr	1	pOmEsAstr
phumisastr	0	pOmEsAstr
prochaeng	1	prOcEN
prochaeng	0	prOcEN
prachaeng	1	prAcEN
prachaeng	0	prAcEN
pracheng	1	prAcEN
pracheng	0	prAcEN
puokvea	1	pOkvJ
puokvea	0	pOkvJ
klanh	1	klAY
klanh	0	klAY
khlanh	1	klAY
khlanh	0	klAY
domnam	1	dOmnAm
domnam	0	dOmnAm
damnam	1	dAmnAm
damnam	0	dAmnAm
pheyklach	1	pEyklAc
pheyklach	0	pEyklAc
pheykhlach	1	pEyklAc
pheykhlach	0	pEyklAc
phoaykhlach	1	pQyklAc
phoaykhlach	0	pQyklAc
vinhean	1	vEYJn
vinhean	0	vEYJn
vinhnhean	1	vEYJn
vinhnhean	0	vEYJn
protekam	1	prOtEkAm
protekam	0	prOtEkAm
pratekamm	1	prAtEkAm
pratekamm	0	prAtEkAm
hamkhoat	1	hAmkQt
hamkhoat	0	hAmkQt
phup	1	pOp
phup	0	pOp
phop	1	pOp
phop	0	pOp
soktuk	1	sOktOk
soktuk	0	sOktOk
sokhtukkh	1	sOktOk
sokhtukkh	0	sOktOk
borriphouk	1	bOrEpOk
borriphouk	0	bOrEpOk
bariphouk	1	bArEpOk
bariphouk	0	bArEpOk
rachanasampoan	1	rAcAnAsAmpQn
rachanasampoan	0	rAcAnAsAmpQn
rachanasompoan	1	rAcAnAsOmpQn
rachanasompoan	0	rAcAnAsOmpQn
rochneasmpoanth	1	rOcnJsmpQnt
rochneasmpoanth	0	rOcnJsmpQnt
sisong	1	sEsON
sisong	0	sEsON
sisang	1	sEsAN
sisang	0	sEsAN
novsrok	1	nOvsrOk
novsrok	0	nOvsrOk
nousrok	1	nOsrOk
nousrok	0	nOsrOk
noamchoul	1	nQmcOl
noamchoul	0	nQmcOl
noamchol	1	nQmcOl
noamchol	0	nQmcOl
yulprom	1	yOlprOm
yulprom	0	yOlprOm
yolprom	1	yOlprOm
yolprom	0	yOlprOm
chiehveang	1	cJhvJN
chiehveang	0	cJhvJN
chiesveang	1	cJsvJN
chiesveang	0	cJsvJN
pdach	1	pdAc
pdach	0	pdAc
phdach	1	pdAc
phdach	0	pdAc
sruol	1	srOl
sruol	0	srOl
aphibalrong	1	ApEbAlrON
aphibalrong	0	ApEbAlrON
bohbong	1	bOhbON
bohbong	0	bOhbON
baohbang	1	bOhbAN
baohbang	0	bOhbAN
sakamchun	1	sAkAmcOn
sakamchun	0	sAkAmcOn
sakammochon	1	sAkAmOcOn
sakammochon	0	sAkAmOcOn
sombou	1	sOmbO
sombou	0	sOmbO
sambour	1	sAmbO
sambour	0	sAmbOr
sambor	1	sAmbO
sambor	0	sAmbOr
sthantut	1	stAntOt
sthantut	0	stAntOt
smohtrong	1	smOhtrON
smohtrong	0	smOhtrON
smaohtrang	1	smOhtrAN
smaohtrang	0	smOhtrAN
metheavi	1	mEtJvE
metheavi	0	mEtJvE
klemsa	1	klEmsA
klemsa	0	klEmsA
khloemsar	1	klEmsA
khloemsar	0	klEmsAr
etkchoh	1	EtkcO
etkchoh	0	EtkcOh
etkhchaoh	1	EtkcO
etkhchaoh	0	EtkcOh
promuk	1	prOmOk
promuk	0	prOmOk
pramukh	1	prAmOk
pramukh	0	prAmOk
satprey	1	sAtprEy
satprey	0	sAtprEy
satvoprey	1	sAtvOprEy
satvoprey	0	sAtvOprEy
nat	1	nAt
nat	0	nAt
teanh	1	tJY
teanh	0	tJY
reatbat	1	rJtbAt
reatbat	0	rJtbAt
reattbat	1	rJtbAt
reattbat	0	rJtbAt
sondaptnoap	1	sOndAptnQp
sondaptnoap	0	sOndAptnQp
sandabthnoab	1	sAndAbtnQb
sandabthnoab	0	sAndAbtnQb
hohaeu	1	hOhE
hohaeu	0	hOhE
haohhaeur	1	hOhE
haohhaeur	0	hOhEr
knat	1	knAt
knat	0	knAt
khnat	1	knAt
khnat	0	knAt
chroboukchrobol	1	crObOkcrObOl
chroboukchrobol	0	crObOkcrObOl
chraboukchrabal	1	crAbOkcrAbAl
chraboukchrabal	0	crAbOkcrAbAl
chrabokchrabal	1	crAbOkcrAbAl
chrabokchrabal	0	crAbOkcrAbAl
tror	1	trO
tror	0	trOr
tra	1	trA
tra	0	trA
kuhbanhcheak	1	kOhbAYcJk
kuhbanhcheak	0	kOhbAYcJk
kusbanhcheak	1	kOsbAYcJk
kusbanhcheak	0	kOsbAYcJk
espanh	1	EspAY
espanh	0	EspAY
esbanh	1	EsbAY
esbanh	0	EsbAY
kavey	1	kAvEy
kavey	0	kAvEy
kauei	1	kAOEy
kauei	0	kAOEy
chomlong	1	cOmlON
chomlong	0	cOmlON
chamlong	1	cAmlON
chamlong	0	cAmlON
moudael	1	mOdEl
moudael	0	mOdEl
model	1	mOdEl
model	0	mOdEl
chomlaeuy	1	cOmlEy
chomlaeuy	0	cOmlEy
chamleuy	1	cAmlEy
chamleuy	0	cAmlEy
patokam	1	pAtOkAm
patokam	0	pAtOkAm
batokamm	1	bAtOkAm
batokamm	0	bAtOkAm
muntreyreacheaka	1	mOntrEyrJcJkA
muntreyreacheaka	0	mOntrEyrJcJkA
montreireachkar	1	mOntrEyrJckA
montreireachkar	0	mOntrEyrJckAr
roatlekhathika	1	rQtlEkAtEkA
roatlekhathika	0	rQtlEkAtEkA
rodthalekhathikar	1	rOdtAlEkAtEkA
rodthalekhathikar	0	rOdtAlEkAtEkAr
kvahkhat	1	kvAhkAt
kvahkhat	0	kvAhkAt
khvahkhat	1	kvAhkAt
khvahkhat	0	kvAhkAt
chohbanhchi	1	cOhbAYcE
chohbanhchi	0	cOhbAYcE
sivel	1	sEvEl
sivel	0	sEvEl
sivil	1	sEvEl
sivil	0	sEvEl
skor	1	skO
skor	0	skOr
skar	1	skA
skar	0	skAr
ksaoy	1	ksOy
ksaoy	0	ksOy
khsaoy	1	ksOy
khsaoy	0	ksOy
chkae	1	ckE
chkae	0	ckE
chhkae	1	ckE
chhkae	0	ckE
chhke	1	ckE
chhke	0	ckE
anat	1	AnAt
anat	0	AnAt
anatde	1	AnAtdE
anatde	0	AnAtdE
psom	1	psOm
psom	0	psOm
phsam	1	psAm
phsam	0	psAm
haetnih	1	hEtnE
haetnih	0	hEtnEh
hetoneh	1	hEtOnE
hetoneh	0	hEtOnEh
srap	1	srAp
srap	0	srAp
dachkhat	1	dAckAt
dachkhat	0	dAckAt
rat	1	rAt
rat	0	rAt
kamr	1	kAmr
kamr	0	kAmr
taengtang	1	tENtAN
taengtang	0	tENtAN
tengtang	1	tENtAN
tengtang	0	tENtAN
ruomphet	1	rOmpEt
ruomphet	0	rOmpEt
sraek	1	srEk
sraek	0	srEk
srek	1	srEk
srek	0	srEk
torpchoap	1	tOpcQp
torpchoap	0	tOpcQp
taphchoab	1	tApcQb
taphchoab	0	tApcQb
toptaeng	1	tOptEN
toptaeng	0	tOptEN
tobtaeng	1	tObtEN
tobtaeng	0	tObtEN
tobteng	1	tObtEN
tobteng	0	tObtEN
procheapreyeapheap	1	prOcJprEyJpJp
procheapreyeapheap	0	prOcJprEyJpJp
pracheapreypheap	1	prAcJprEypJp
pracheapreypheap	0	prAcJprEypJp
ang	1	AN
ang	0	AN
menh	1	mEY
menh	0	mEY
hechta	1	hEctA
hechta	0	hEctA
hekta	1	hEktA
hekta	0	hEktA
kamaset	1	kAmAsEt
kamaset	0	kAmAsEt
kammosetthi	1	kAmOsEtE
kammosetthi	0	kAmOsEtE
chuneabot	1	cOnJbOt
chuneabot	0	cOnJbOt
chonbat	1	cOnbAt
chonbat	0	cOnbAt
kout	1	kOt
kout	0	kOt
kut	1	kOt
kut	0	kOt
kot	1	kOt
kot	0	kOt
koud	1	kOd
koud	0	kOd
kod	1	kOd
kod	0	kOd
vetyeasthan	1	vEtyJstAn
vetyeasthan	0	vEtyJstAn
vityeasthan	1	vEtyJstAn
vityeasthan	0	vEtyJstAn
samettheaphol	1	sAmEtJpOl
samettheaphol	0	sAmEtJpOl
samitthophal	1	sAmEtOpAl
samitthophal	0	sAmEtOpAl
domnangreah	1	dOmnANrJ
domnangreah	0	dOmnANrJh
tamnangreastr	1	tAmnANrJstr
tamnangreastr	0	tAmnANrJstr
tvip	1	tvEp
tvip	0	tvEp
tvib	1	tvEb
tvib	0	tvEb
prokan	1	prOkAn
prokan	0	prOkAn
prakan	1	prAkAn
prakan	0	prAkAn
chetkhang	1	cEtkAN
chetkhang	0	cEtkAN
chitkhang	1	cEtkAN
chitkhang	0	cEtkAN
dohlaeng	1	dOhlEN
dohlaeng	0	dOhlEN
daohlaeng	1	dOhlEN
daohlaeng	0	dOhlEN
daohleng	1	dOhlEN
daohleng	0	dOhlEN
pekang	1	pEkAN
pekang	0	pEkAN
poasor	1	pQsO
poasor	0	pQsOr
ponars	1	pOnA
ponars	0	pOnAs
pona	1	pOnA
pona	0	pOnA
ponna	1	pOnA
ponna	0	pOnA
rumleay	1	rOmlJy
rumleay	0	rOmlJy
darasrey	1	dArAsrEy
darasrey	0	dArAsrEy
tareasrei	1	tArJsrEy
tareasrei	0	tArJsrEy
protehcheat	1	prOtEhcJt
protehcheat	0	prOtEhcJt
pratescheate	1	prAtEscJtE
pratescheate	0	prAtEscJtE
sonteanea	1	sOntJnJ
sonteanea	0	sOntJnJ
santonea	1	sAntOnJ
santonea	0	sAntOnJ
sanhcheat	1	sAYcJt
sanhcheat	0	sAYcJt
sanhcheate	1	sAYcJtE
sanhcheate	0	sAYcJtE
sapheap	1	sApJp
sapheap	0	sApJp
sarpheap	1	sApJp
sarpheap	0	sApJp
banhchohdomlay	1	bAYcOhdOmlAy
banhchohdomlay	0	bAYcOhdOmlAy
banhchohtamley	1	bAYcOhtAmlEy
banhchohtamley	0	bAYcOhtAmlEy
sompout	1	sOmpOt
sompout	0	sOmpOt
sampouth	1	sAmpOt
sampouth	0	sAmpOt
saksop	1	sAksOp
saksop	0	sAksOp
saksap	1	sAksAp
saksap	0	sAksAp
baka	1	bAkA
baka	0	bAkA
somral	1	sOmrAl
somral	0	sOmrAl
samreal	1	sAmrJl
samreal	0	sAmrJl
snguot	1	sNOt
snguot	0	sNOt
vekhat	1	vEkAt
vekhat	0	vEkAt
hvoekhat	1	hvEkAt
hvoekhat	0	hvEkAt
totuolrong	1	tOtOlrON
totuolrong	0	tOtOlrON
borey	1	bOrEy
borey	0	bOrEy
bori	1	bOrE
bori	0	bOrE
bie	1	bJ
bie	0	bJ
pratna	1	prAtnA
pratna	0	prAtnA
prathna	1	prAtnA
prathna	0	prAtnA
tboungkmum	1	tbONkmOm
tboungkmum	0	tbONkmOm
tboungkhmum	1	tbONkmOm
tboungkhmum	0	tbONkmOm
tbongkhmum	1	tbONkmOm
tbongkhmum	0	tbONkmOm
plevphet	1	plEvpEt
plevphet	0	plEvpEt
phlouvphet	1	plOvpEt
phlouvphet	0	plOvpEt
phlovphet	1	plOvpEt
phlovphet	0	plOvpEt
songkumsivel	1	sONkOmsEvEl
songkumsivel	0	sONkOmsEvEl
sangkomsivil	1	sANkOmsEvEl
sangkomsivil	0	sANkOmsEvEl
smakchet	1	smAkcEt
smakchet	0	smAkcEt
smakrochett	1	smAkrOcEt
smakrochett	0	smAkrOcEt
asor	1	AsO
asor	0	AsOr
aksar	1	AksA
aksar	0	AksAr
paylen	1	pAylEn
paylen	0	pAylEn
pailin	1	pAylEn
pailin	0	pAylEn
reareang	1	rJrJN
reareang	0	rJrJN
veahkat	1	vJhkAt
veahkat	0	vJhkAt
long	1	lON
long	0	lON
lung	1	lON
lung	0	lON
toap	1	tQp
toap	0	tQp
mkhang	1	mkAN
mkhang	0	mkAN
rumeaniyeathan	1	rOmJnEyJtAn
rumeaniyeathan	0	rOmJnEyJtAn
romneiydthan	1	rOmnEydtAn
romneiydthan	0	rOmnEydtAn
leak	1	lJk
leak	0	lJk
athikarathan	1	AtEkArAtAn
athikarathan	0	AtEkArAtAn
athikardthan	1	AtEkAdtAn
athikardthan	0	AtEkAdtAn
tuohteay	1	tOhtJy
tuohteay	0	tOhtJy
tossateay	1	tOsAtJy
tossateay	0	tOsAtJy
tossanteay	1	tOsAntJy
tossanteay	0	tOsAntJy
nuykleae	1	nOyklE
nuykleae	0	nOyklE
nuykleaer	1	nOyklE
nuykleaer	0	nOyklEr
nuykleer	1	nOyklE
nuykleer	0	nOyklEr
pram	1	prAm
pram	0	prAm
krodah	1	krOdA
krodah	0	krOdAh
kradas	1	krAdA
kradas	0	krAdAs
taemuoykut	1	tEmOykOt
taemuoykut	0	tEmOykOt
taemuoykot	1	tEmOykOt
taemuoykot	0	tEmOykOt
temuoykot	1	tEmOykOt
temuoykot	0	tEmOykOt
kampucheatmey	1	kAmpOcJtmEy
kampucheatmey	0	kAmpOcJtmEy
kampucheathmei	1	kAmpOcJtmEy
kampucheathmei	0	kAmpOcJtmEy
meta	1	mEtA
meta	0	mEtA
metda	1	mEtdA
metda	0	mEtdA
atipheap	1	AtEpJp
atipheap	0	AtEpJp
sompoan	1	sOmpQn
sompoan	0	sOmpQn
sampoanth	1	sAmpQnt
sampoanth	0	sAmpQnt
tvay	1	tvAy
tvay	0	tvAy
thvay	1	tvAy
thvay	0	tvAy
novkbae	1	nOvkbE
novkbae	0	nOvkbE
novkbaer	1	nOvkbE
novkbaer	0	nOvkbEr
noukber	1	nOkbE
noukber	0	nOkbEr
reatrei	1	rJtrEy
reatrei	0	rJtrEy
chuoproteah	1	cOprOtJ
chuoproteah	0	cOprOtJh
chuobprateah	1	cObprAtJ
chuobprateah	0	cObprAtJh
dom	1	dOm
dom	0	dOm
klen	1	klEn
klen	0	klEn
suon	1	sOn
suon	0	sOn
sun	1	sOn
sun	0	sOn
son	1	sOn
son	0	sOn
pronang	1	prOnAN
pronang	0	prOnAN
pranang	1	prAnAN
pranang	0	prAnAN
bombat	1	bOmbAt
bombat	0	bOmbAt
bambat	1	bAmbAt
bambat	0	bAmbAt
krocheh	1	krOcE
krocheh	0	krOcEh
kracheh	1	krAcE
kracheh	0	krAcEh
chnaeum	1	cnEm
chnaeum	0	cnEm
chhnaeum	1	cnEm
chhnaeum	0	cnEm
rukkhacheat	1	rOkAcJt
rukkhacheat	0	rOkAcJt
rukkhacheate	1	rOkAcJtE
rukkhacheate	0	rOkAcJtE
sonsom	1	sOnsOm
sonsom	0	sOnsOm
sansam	1	sAnsAm
sansam	0	sAnsAm
sombat	1	sOmbAt
sombat	0	sOmbAt
sambatde	1	sAmbAtdE
sambatde	0	sAmbAtdE
kusnae	1	kOsnE
kusnae	0	kOsnE
kusne	1	kOsnE
kusne	0	kOsnE
kusneh	1	kOsnE
kusneh	0	kOsnEh
chavkrom	1	cAvkrOm
chavkrom	0	cAvkrOm
chaukrom	1	cOkrOm
chaukrom	0	cOkrOm
troap	1	trQp
troap	0	trQp
tropy	1	trOpy
tropy	0	trOpy
riensout	1	rJnsOt
riensout	0	rJnsOt
riensoutr	1	rJnsOtr
riensoutr	0	rJnsOtr
riensotr	1	rJnsOtr
riensotr	0	rJnsOtr
akeaneayuok	1	AkJnJyOk
akeaneayuok	0	AkJnJyOk
akkoneayok	1	AkOnJyOk
akkoneayok	0	AkOnJyOk
misil	1	mEsEl
misil	0	mEsEl
daeumchheu	1	dEmcE
daeumchheu	0	dEmcE
somnoumpor	1	sOmnOmpO
somnoumpor	0	sOmnOmpOr
samnoumpor	1	sAmnOmpO
samnoumpor	0	sAmnOmpOr
samnompor	1	sAmnOmpO
samnompor	0	sAmnOmpOr
chakrorphup	1	cAkrOpOp
chakrorphup	0	cAkrOpOp
chakrophop	1	cAkrOpOp
chakrophop	0	cAkrOpOp
barey	1	bArEy
barey	0	bArEy
bari	1	bArE
bari	0	bArE
ra	1	rA
ra	0	rA
setthey	1	sEtEy
setthey	0	sEtEy
sedthei	1	sEdtEy
sedthei	0	sEdtEy
rutpleung	1	rOtplEN
rutpleung	0	rOtplEN
rothphleung	1	rOtplEN
rothphleung	0	rOtplEN
anh	1	AY
anh	0	AY
anuvotda	1	AnOvOtdA
anuvotda	0	AnOvOtdA
anuvotdan	1	AnOvOtdAn
anuvotdan	0	AnOvOtdAn
kounchav	1	kOncAv
kounchav	0	kOncAv
kounchau	1	kOncO
kounchau	0	kOncO
konchau	1	kOncO
konchau	0	kOncO
pdachnhachet	1	pdAcYAcEt
pdachnhachet	0	pdAcYAcEt
pdechnheachett	1	pdEcYJcEt
pdechnheachett	0	pdEcYJcEt
keana	1	kJnA
keana	0	kJnA
konak	1	kOnAk
konak	0	kOnAk
kona	1	kOnA
kona	0	kOnA
yeak	1	yJk
yeak	0	yJk
yoks	1	yOks
yoks	0	yOks
prakotchea	1	prAkOtcJ
prakotchea	0	prAkOtcJ
prakadchea	1	prAkAdcJ
prakadchea	0	prAkAdcJ
yuntaka	1	yOntAkA
yuntaka	0	yOntAkA
yontakar	1	yOntAkA
yontakar	0	yOntAkAr
ngeak	1	NJk
ngeak	0	NJk
preahbat	1	prJhbAt
preahbat	0	prJhbAt
manaet	1	mAnEt
manaet	0	mAnEt
manet	1	mAnEt
manet	0	mAnEt
somsrop	1	sOmsrOp
somsrop	0	sOmsrOp
samsrab	1	sAmsrAb
samsrab	0	sAmsrAb
chuok	1	cOk
chuok	0	cOk
chok	1	cOk
chok	0	cOk
chhok	1	cOk
chhok	0	cOk
tekok	1	tEkOk
tekok	0	tEkOk
tuekkak	1	tEkAk
tuekkak	0	tEkAk
toekkak	1	tEkAk
toekkak	0	tEkAk
svayprovoat	1	svAyprOvQt
svayprovoat	0	svAyprOvQt
svaipravotde	1	svAyprAvOtdE
svaipravotde	0	svAyprAvOtdE
svaypravotde	1	svAyprAvOtdE
svaypravotde	0	svAyprAvOtdE
peahu	1	pJhO
peahu	0	pJhO
poho	1	pOhO
poho	0	pOhO
chehtae	1	cEhtE
chehtae	0	cEhtE
chehte	1	cEhtE
chehte	0	cEhtE
proyat	1	prOyAt
proyat	0	prOyAt
prayoatn	1	prAyQtn
prayoatn	0	prAyQtn
karuna	1	kArOnA
karuna	0	kArOnA
tilean	1	tElJn
tilean	0	tElJn
num	1	nOm
num	0	nOm
noum	1	nOm
noum	0	nOm
doksrong	1	dOksrON
doksrong	0	dOksrON
daksrang	1	dAksrAN
daksrang	0	dAksrAN
chhantea	1	cAntJ
chhantea	0	cAntJ
chhanteak	1	cAntJk
chhanteak	0	cAntJk
preyvaeng	1	prEyvEN
preyvaeng	0	prEyvEN
preyveng	1	prEyvEN
preyveng	0	prEyvEN
chomnongcheung	1	cOmnONcEN
chomnongcheung	0	cOmnONcEN
chamnangcheung	1	cAmnANcEN
chamnangcheung	0	cAmnANcEN
somkoal	1	sOmkQl
somkoal	0	sOmkQl
samkoal	1	sAmkQl
samkoal	0	sAmkQl
keylatthan	1	kEylAtAn
keylatthan	0	kEylAtAn
keildthan	1	kEyldtAn
keildthan	0	kEyldtAn
lout	1	lOt
lout	0	lOt
lot	1	lOt
lot	0	lOt
proteahkheunh	1	prOtJhkEY
proteahkheunh	0	prOtJhkEY
prateahkheunh	1	prAtJhkEY
prateahkheunh	0	prAtJhkEY
ham	1	hAm
ham	0	hAm
tiete	1	tJtE
tiete	0	tJtE
tiette	1	tJtE
tiette	0	tJtE
roapoan	1	rQpQn
roapoan	0	rQpQn
roabpoan	1	rQbpQn
roabpoan	0	rQbpQn
katut	1	kAtOt
katut	0	kAtOt
kartut	1	kAtOt
kartut	0	kAtOt
rukrok	1	rOkrOk
rukrok	0	rOkrOk
atheka	1	AtEkA
atheka	0	AtEkA
athikar	1	AtEkA
athikar	0	AtEkAr
yihao	1	yEhO
yihao	0	yEhO
komdav	1	kOmdAv
komdav	0	kOmdAv
kamdau	1	kAmdO
kamdau	0	kAmdO
borresot	1	bOrEsOt
borresot	0	bOrEsOt
barisotth	1	bArEsOt
barisotth	0	bArEsOt
phoahtang	1	pQhtAN
phoahtang	0	pQhtAN
phosdotang	1	pOsdOtAN
phosdotang	0	pOsdOtAN
viveat	1	vEvJt
viveat	0	vEvJt
pteang	1	ptJN
pteang	0	ptJN
phteang	1	ptJN
phteang	0	ptJN
pibey	1	pEbEy
pibey	0	pEbEy
pirbei	1	pEbEy
pirbei	0	pEbEy
meatra	1	mJtrA
meatra	0	mJtrA
klaengklay	1	klENklAy
klaengklay	0	klENklAy
klengklay	1	klENklAy
klengklay	0	klENklAy
meday	1	mEdAy
meday	0	mEdAy
veal	1	vJl
veal	0	vJl
sekhasala	1	sEkAsAlA
sekhasala	0	sEkAsAlA
sekkhasalea	1	sEkAsAlJ
sekkhasalea	0	sEkAsAlJ
athepadeyeapheap	1	AtEpAdEyJpJp
athepadeyeapheap	0	AtEpAdEyJpJp
athibteipheap	1	AtEbtEypJp
athibteipheap	0	AtEbtEypJp
keanaaphibal	1	kJnApEbAl
keanaaphibal	0	kJnApEbAl
konakaphibal	1	kOnAkApEbAl
konakaphibal	0	kOnAkApEbAl
konaaphibal	1	kOnApEbAl
konaaphibal	0	kOnApEbAl
hongkong	1	hONkON
hongkong	0	hONkON
vepsay	1	vEpsAy
vepsay	0	vEpsAy
vebsay	1	vEbsAy
vebsay	0	vEbsAy
cheychumneah	1	cEycOmnJ
cheychumneah	0	cEycOmnJh
cheychomneah	1	cEycOmnJ
cheychomneah	0	cEycOmnJh
choaychomneah	1	cQycOmnJ
choaychomneah	0	cQycOmnJh
choaychumneah	1	cQycOmnJ
choaychumneah	0	cQycOmnJh
loukyeay	1	lOkyJy
loukyeay	0	lOkyJy
sahachip	1	sAhAcEp
sahachip	0	sAhAcEp
sahchip	1	sAhcEp
sahchip	0	sAhcEp
itali	1	EtAlE
itali	0	EtAlE
lup	1	lOp
lup	0	lOp
lub	1	lOb
lub	0	lOb
somphea	1	sOmpJ
somphea	0	sOmpJ
samphear	1	sAmpJ
samphear	0	sAmpJr
dokhout	1	dOkOt
dokhout	0	dOkOt
dakhout	1	dAkOt
dakhout	0	dAkOt
dakhot	1	dAkOt
dakhot	0	dAkOt
prosetthi	1	prOsEtE
prosetthi	0	prOsEtE
prasetthi	1	prAsEtE
prasetthi	0	prAsEtE
pdachproat	1	pdAcprQt
pdachproat	0	pdAcprQt
phdachproatr	1	pdAcprQtr
phdachproatr	0	pdAcprQtr
sopheamungkul	1	sOpJmONkOl
sopheamungkul	0	sOpJmONkOl
sophmongkol	1	sOpmONkOl
sophmongkol	0	sOpmONkOl
thoychoh	1	tOycO
thoychoh	0	tOycOh
thaychoh	1	tAycO
thaychoh	0	tAycOh
bomnol	1	bOmnOl
bomnol	0	bOmnOl
bamnol	1	bAmnOl
bamnol	0	bAmnOl
loukru	1	lOkrO
loukru	0	lOkrO
loukkru	1	lOkrO
loukkru	0	lOkrO
senghaborey	1	sENhAbOrEy
senghaborey	0	sENhAbOrEy
senghabori	1	sENhAbOrE
senghabori	0	sENhAbOrE
stengtraeng	1	stENtrEN
stengtraeng	0	stENtrEN
stuengtraeng	1	stENtrEN
stuengtraeng	0	stENtrEN
stoengtreng	1	stENtrEN
stoengtreng	0	stENtrEN
akealekhathika	1	AkJlEkAtEkA
akealekhathika	0	AkJlEkAtEkA
akkolekhathikar	1	AkOlEkAtEkA
akkolekhathikar	0	AkOlEkAtEkAr
kroabaek	1	krQbEk
kroabaek	0	krQbEk
kroabbaek	1	krQbEk
kroabbaek	0	krQbEk
kroabbek	1	krQbEk
kroabbek	0	krQbEk
pousat	1	pOsAt
pousat	0	pOsAt
pouthisat	1	pOtEsAt
pouthisat	0	pOtEsAt
roattheani	1	rQtJnE
roattheani	0	rQtJnE
rodthatheani	1	rOdtAtJnE
rodthatheani	0	rOdtAtJnE
roam	1	rQm
roam	0	rQm
prokrordey	1	prOkrOdEy
prokrordey	0	prOkrOdEy
prakrotei	1	prAkrOtEy
prakrotei	0	prAkrOtEy
vimean	1	vEmJn
vimean	0	vEmJn
prosach	1	prOsAc
prosach	0	prOsAc
prasach	1	prAsAc
prasach	0	prAsAc
myangtiet	1	myANtJt
myangtiet	0	myANtJt
kokdav	1	kOkdAv
kokdav	0	kOkdAv
kakkdau	1	kAkdO
kakkdau	0	kAkdO
tulneng	1	tOlnEN
tulneng	0	tOlnEN
tolnueng	1	tOlnEN
tolnueng	0	tOlnEN
tolnoeng	1	tOlnEN
tolnoeng	0	tOlnEN
nuek	1	nEk
nuek	0	nEk
noek	1	nEk
noek	0	nEk
prumeatoan	1	prOmJtQn
prumeatoan	0	prOmJtQn
prohmotond	1	prOhmOtOnd
prohmotond	0	prOhmOtOnd
lmeuh	1	lmE
lmeuh	0	lmEh
lmeus	1	lmE
lmeus	0	lmEs
panha	1	pAYA
panha	0	pAYA
banhnhea	1	bAYJ
banhnhea	0	bAYJ
somnehsomnal	1	sOmnEhsOmnAl
somnehsomnal	0	sOmnEhsOmnAl
samnehsamnal	1	sAmnEhsAmnAl
samnehsamnal	0	sAmnEhsAmnAl
ksaepheapyun	1	ksEpJpyOn
ksaepheapyun	0	ksEpJpyOn
khsaepheapyont	1	ksEpJpyOnt
khsaepheapyont	0	ksEpJpyOnt
khsepheapyont	1	ksEpJpyOnt
khsepheapyont	0	ksEpJpyOnt
kropkhan	1	krOpkAn
kropkhan	0	krOpkAn
krabkhand	1	krAbkAnd
krabkhand	0	krAbkAnd
chunhcheang	1	cOYcJN
chunhcheang	0	cOYcJN
chonhcheang	1	cOYcJN
chonhcheang	0	cOYcJN
phoanpheang	1	pQnpJN
phoanpheang	0	pQnpJN
steu	1	stE
steu	0	stE
steur	1	stE
steur	0	stEr
chetana	1	cEtAnA
chetana	0	cEtAnA
chetnea	1	cEtnJ
chetnea	0	cEtnJ
denh	1	dEY
denh	0	dEY
saoksday	1	sOksdAy
saoksday	0	sOksdAy
ketku	1	kEtkO
ketku	0	kEtkO
kitkur	1	kEtkO
kitkur	0	kEtkOr
phesachea	1	pEsAcJ
phesachea	0	pEsAcJ
phesachchea	1	pEsAcJ
phesachchea	0	pEsAcJ
phesachcheak	1	pEsAcJk
phesachcheak	0	pEsAcJk
elechtrounech	1	ElEctrOnEc
elechtrounech	0	ElEctrOnEc
elechtrounich	1	ElEctrOnEc
elechtrounich	0	ElEctrOnEc
elechtronich	1	ElEctrOnEc
elechtronich	0	ElEctrOnEc
komplaeng	1	kOmplEN
komplaeng	0	kOmplEN
kompungphae	1	kOmpONpE
kompungphae	0	kOmpONpE
kampongphae	1	kAmpONpE
kampongphae	0	kAmpONpE
kampongphe	1	kAmpONpE
kampongphe	0	kAmpONpE
pset	1	psEt
pset	0	psEt
phset	1	psEt
phset	0	psEt
msav	1	msAv
msav	0	msAv
msov	1	msOv
msov	0	msOv
msou	1	msO
msou	0	msO
tuolek	1	tOlEk
tuolek	0	tOlEk
tuolekh	1	tOlEk
tuolekh	0	tOlEk
tuleay	1	tOlJy
tuleay	0	tOlJy
san	1	sAn
san	0	sAn
karatthan	1	kArAtAn
karatthan	0	kArAtAn
kardthan	1	kAdtAn
kardthan	0	kAdtAn
chav	1	cAv
chav	0	cAv
nengkeyla	1	nENkEylA
nengkeyla	0	nENkEylA
ningkeila	1	nENkEylA
ningkeila	0	nENkEylA
sachdom	1	sAcdOm
sachdom	0	sAcdOm
monuhsathoa	1	mOnOhsAtQ
monuhsathoa	0	mOnOhsAtQ
monussathorm	1	mOnOsAtOm
monussathorm	0	mOnOsAtOm
sthan	1	stAn
sthan	0	stAn
konlah	1	kOnlA
konlah	0	kOnlAh
kanleah	1	kAnlJ
kanleah	0	kAnlJh
sthani	1	stAnE
sthani	0	stAnE
sthaniy	1	stAnEy
sthaniy	0	stAnEy
sek	1	sEk
sek	0	sEk
tlaeum	1	tlEm
tlaeum	0	tlEm
thlaeum	1	tlEm
thlaeum	0	tlEm
pdachnha	1	pdAcYA
pdachnha	0	pdAcYA
pdechnhea	1	pdEcYJ
pdechnhea	0	pdEcYJ
meanchraeun	1	mJncrEn
meanchraeun	0	mJncrEn
ya	1	yA
ya	0	yA
sraom	1	srOm
sraom	0	srOm
houp	1	hOp
houp	0	hOp
houb	1	hOb
houb	0	hOb
hob	1	hOb
hob	0	hOb
pathom	1	pAtOm
pathom	0	pAtOm
batham	1	bAtAm
batham	0	bAtAm
sangsar	1	sANsA
sangsar	0	sANsAr
sapv	1	sApv
sapv	0	sApv
ksach	1	ksAc
ksach	0	ksAc
khsach	1	ksAc
khsach	0	ksAc
achnhaban	1	AcYAbAn
achnhaban	0	AcYAbAn
achnheabann	1	AcYJbAn
achnheabann	0	AcYJbAn
tong	1	tON
tong	0	tON
thung	1	tON
thung	0	tON
thong	1	tON
thong	0	tON
tuoong	1	tON
tuoong	0	tON
botbanhchea	1	bOtbAYcJ
botbanhchea	0	bOtbAYcJ
batbanhchea	1	bAtbAYcJ
batbanhchea	0	bAtbAYcJ
paoypaet	1	pOypEt
paoypaet	0	pOypEt
paoypet	1	pOypEt
paoypet	0	pOypEt
prakkhae	1	prAkE
prakkhae	0	prAkE
prakkhe	1	prAkE
prakkhe	0	prAkE
yeut	1	yEt
yeut	0	yEt
yueut	1	yEt
yueut	0	yEt
yoet	1	yEt
yoet	0	yEt
akeaneayuokathan	1	AkJnJyOkAtAn
akeaneayuokathan	0	AkJnJyOkAtAn
akkoneaykadthan	1	AkOnJykAdtAn
akkoneaykadthan	0	AkOnJykAdtAn
trungtreay	1	trONtrJy
trungtreay	0	trONtrJy
trongtreay	1	trONtrJy
trongtreay	0	trONtrJy
endunesi	1	EndOnEsE
endunesi	0	EndOnEsE
kavsu	1	kAvsO
kavsu	0	kAvsO
kausu	1	kOsO
kausu	0	kOsO
pduochpdaeum	1	pdOcpdEm
pduochpdaeum	0	pdOcpdEm
phduochphdaeum	1	pdOcpdEm
phduochphdaeum	0	pdOcpdEm
pheakhun	1	pJkOn
pheakhun	0	pJkOn
upasak	1	OpAsAk
upasak	0	OpAsAk
obsakk	1	ObsAk
obsakk	0	ObsAk
neaknipun	1	nJknEpOn
neaknipun	0	nJknEpOn
nakniponth	1	nAknEpOnt
nakniponth	0	nAknEpOnt
bondenh	1	bOndEY
bondenh	0	bOndEY
bandenh	1	bAndEY
bandenh	0	bAndEY
poupenh	1	pOpEY
poupenh	0	pOpEY
pourpenh	1	pOpEY
pourpenh	0	pOpEY
tumnup	1	tOmnOp
tumnup	0	tOmnOp
tumnob	1	tOmnOb
tumnob	0	tOmnOb
chumrok	1	cOmrOk
chumrok	0	cOmrOk
chomrok	1	cOmrOk
chomrok	0	cOmrOk
chomlaek	1	cOmlEk
chomlaek	0	cOmlEk
chamlaek	1	cAmlEk
chamlaek	0	cAmlEk
chamlek	1	cAmlEk
chamlek	0	cAmlEk
tekdohkou	1	tEkdOhkO
tekdohkou	0	tEkdOhkO
tuekdaohkou	1	tEkdOhkO
tuekdaohkou	0	tEkdOhkO
toekdaohkou	1	tEkdOhkO
toekdaohkou	0	tEkdOhkO
meanuhsacheat	1	mJnOhsAcJt
meanuhsacheat	0	mJnOhsAcJt
monussacheate	1	mOnOsAcJtE
monussacheate	0	mOnOsAcJtE
akara	1	AkArA
akara	0	AkArA
akareak	1	AkArJk
akareak	0	AkArJk
akarea	1	AkArJ
akarea	0	AkArJ
sonetthan	1	sOnEtAn
sonetthan	0	sOnEtAn
sannidthan	1	sAnEdtAn
sannidthan	0	sAnEdtAn
keylakareni	1	kEylAkArEnE
keylakareni	0	kEylAkArEnE
keilakarini	1	kEylAkArEnE
keilakarini	0	kEylAkArEnE
nimet	1	nEmEt
nimet	0	nEmEt
nimitt	1	nEmEt
nimitt	0	nEmEt
roaltngay	1	rQltNAy
roaltngay	0	rQltNAy
roalthngai	1	rQltNAy
roalthngai	0	rQltNAy
dounal	1	dOnAl
dounal	0	dOnAl
donal	1	dOnAl
donal	0	dOnAl
nuch	1	nOc
nuch	0	nOc
priep	1	prJp
priep	0	prJp
prieb	1	prJb
prieb	0	prJb
net	1	nEt
net	0	nEt
naet	1	nEt
naet	0	nEt
pika	1	pEkA
pika	0	pEkA
pikar	1	pEkA
pikar	0	pEkAr
srokomnaeut	1	srOkOmnEt
srokomnaeut	0	srOkOmnEt
srokkamnaeut	1	srOkAmnEt
srokkamnaeut	0	srOkAmnEt
avecheamean	1	AvEcJmJn
avecheamean	0	AvEcJmJn
avichchomean	1	AvEcOmJn
avichchomean	0	AvEcOmJn
keanaprotephu	1	kJnAprOtEpO
keanaprotephu	0	kJnAprOtEpO
konakpratephu	1	kOnAkprAtEpO
konakpratephu	0	kOnAkprAtEpO
konapratephu	1	kOnAprAtEpO
konapratephu	0	kOnAprAtEpO
kumream	1	kOmrJm
kumream	0	kOmrJm
nhien	1	YJn
nhien	0	YJn
meanchey	1	mJncEy
meanchey	0	mJncEy
meanchoay	1	mJncQy
meanchoay	0	mJncQy
sigem	1	sEkEm
sigem	0	sEkEm
sihkem	1	sEhkEm
sihkem	0	sEhkEm
sahsbaeuy	1	sAhsbEy
sahsbaeuy	0	sAhsbEy
prengpraeng	1	prENprEN
prengpraeng	0	prENprEN
proengpraeng	1	prENprEN
proengpraeng	0	prENprEN
proengpreng	1	prENprEN
proengpreng	0	prENprEN
pteyknong	1	ptEyknON
pteyknong	0	ptEyknON
phteyknong	1	ptEyknON
phteyknong	0	ptEyknON
rutkech	1	rOtkEc
rutkech	0	rOtkEc
rotkech	1	rOtkEc
rotkech	0	rOtkEc
senapadey	1	sEnApAdEy
senapadey	0	sEnApAdEy
seneabtei	1	sEnJbtEy
seneabtei	0	sEnJbtEy
kmuoy	1	kmOy
kmuoy	0	kmOy
chlohbanhchang	1	clOhbAYcAN
chlohbanhchang	0	clOhbAYcAN
chhlohbanhchang	1	clOhbAYcAN
chhlohbanhchang	0	clOhbAYcAN
puttheasasna	1	pOtJsAsnA
puttheasasna	0	pOtJsAsnA
putthosasnea	1	pOtOsAsnJ
putthosasnea	0	pOtOsAsnJ
chetsnet	1	cEtsnEt
chetsnet	0	cEtsnEt
chitsnetth	1	cEtsnEt
chitsnetth	0	cEtsnEt
petmaen	1	pEtmEn
petmaen	0	pEtmEn
pitmaen	1	pEtmEn
pitmaen	0	pEtmEn
pitmen	1	pEtmEn
pitmen	0	pEtmEn
preang	1	prJN
preang	0	prJN
yum	1	yOm
yum	0	yOm
smoksmanh	1	smOksmAY
smoksmanh	0	smOksmAY
apeapipea	1	ApJpEpJ
apeapipea	0	ApJpEpJ
apeahpipeah	1	ApJhpEpJ
apeahpipeah	0	ApJhpEpJh
chumhor	1	cOmhO
chumhor	0	cOmhOr
chumhar	1	cOmhA
chumhar	0	cOmhAr
butong	1	bOtON
butong	0	bOtON
reasey	1	rJsEy
reasey	0	rJsEy
reasei	1	rJsEy
reasei	0	rJsEy
krehsthan	1	krEhstAn
krehsthan	0	krEhstAn
kruehsthan	1	krEhstAn
kruehsthan	0	krEhstAn
kroehsthan	1	krEhstAn
kroehsthan	0	krEhstAn
bontoat	1	bOntQt
bontoat	0	bOntQt
bantoat	1	bAntQt
bantoat	0	bAntQt
lechtlou	1	lEctlO
lechtlou	0	lEctlO
lechthlou	1	lEctlO
lechthlou	0	lEctlO
domnor	1	dOmnO
domnor	0	dOmnOr
tamna	1	tAmnA
tamna	0	tAmnA
ngeup	1	NEp
ngeup	0	NEp
ngeub	1	NEb
ngeub	0	NEb
phey	1	pEy
phey	0	pEy
phoay	1	pQy
phoay	0	pQy
svay	1	svAy
svay	0	svAy
ontaoproveh	1	OntOprOvE
ontaoproveh	0	OntOprOvEh
antaobrovesa	1	AntObrOvEsA
antaobrovesa	0	AntObrOvEsA
antaobrovesan	1	AntObrOvEsAn
antaobrovesan	0	AntObrOvEsAn
chheanmuk	1	cJnmOk
chheanmuk	0	cJnmOk
chheanmukh	1	cJnmOk
chheanmukh	0	cJnmOk
tumleay	1	tOmlJy
tumleay	0	tOmlJy
tomleay	1	tOmlJy
tomleay	0	tOmlJy
phoucheaniyatthan	1	pOcJnEyAtAn
phoucheaniyatthan	0	pOcJnEyAtAn
phouchniydthan	1	pOcnEydtAn
phouchniydthan	0	pOcnEydtAn
mout	1	mOt
mout	0	mOt
mot	1	mOt
mot	0	mOt
moud	1	mOd
moud	0	mOd
mod	1	mOd
mod	0	mOd
tuohsanekachun	1	tOhsAnEkAcOn
tuohsanekachun	0	tOhsAnEkAcOn
tossanikchon	1	tOsAnEkcOn
tossanikchon	0	tOsAnEkcOn
tumheng	1	tOmhEN
tumheng	0	tOmhEN
tumhoeng	1	tOmhEN
tumhoeng	0	tOmhEN
usman	1	OsmAn
usman	0	OsmAn
osman	1	OsmAn
osman	0	OsmAn
chunpor	1	cOnpO
chunpor	0	cOnpOr
pov	1	pOv
pov	0	pOv
mundulkiri	1	mOndOlkErE
mundulkiri	0	mOndOlkErE
mondolkiri	1	mOndOlkErE
mondolkiri	0	mOndOlkErE
aekateh	1	EkAtE
aekateh	0	EkAtEh
aektes	1	EktE
aektes	0	EktEs
ektes	1	EktE
ektes	0	EktEs
chnuol	1	cnOl
chnuol	0	cnOl
chhnuol	1	cnOl
chhnuol	0	cnOl
tuoki	1	tOkE
tuoki	0	tOkE
tuokki	1	tOkE
tuokki	0	tOkE
thaukae	1	tOkE
thaukae	0	tOkE
thauke	1	tOkE
thauke	0	tOkE
trongchomnoch	1	trONcOmnOc
trongchomnoch	0	trONcOmnOc
trangchamnoch	1	trANcAmnOc
trangchamnoch	0	trANcAmnOc
kropdondop	1	krOpdOndOp
kropdondop	0	krOpdOndOp
krobdandab	1	krObdAndAb
krobdandab	0	krObdAndAb
leahbong	1	lJhbON
leahbong	0	lJhbON
leahbang	1	lJhbAN
leahbang	0	lJhbAN
songkhang	1	sONkAN
songkhang	0	sONkAN
sangkhang	1	sANkAN
sangkhang	0	sANkAN
satheareanaka	1	sAtJrJnAkA
satheareanaka	0	sAtJrJnAkA
sathearonkar	1	sAtJrOnkA
sathearonkar	0	sAtJrOnkAr
sahstracha	1	sAhstrAcA
sahstracha	0	sAhstrAcA
sastrachary	1	sAstrAcAy
sastrachary	0	sAstrAcAy
slak	1	slAk
slak	0	slAk
katapeakech	1	kAtApJkEc
katapeakech	0	kAtApJkEc
katpvokechch	1	kAtpvOkEc
katpvokechch	0	kAtpvOkEc
kleang	1	klJN
kleang	0	klJN
khleang	1	klJN
khleang	0	klJN
teveada	1	tEvJdA
teveada	0	tEvJdA
tevta	1	tEvtA
tevta	0	tEvtA
pengpaek	1	pENpEk
pengpaek	0	pENpEk
puengphaek	1	pENpEk
puengphaek	0	pENpEk
poengphek	1	pENpEk
poengphek	0	pENpEk
sarapheap	1	sArApJp
sarapheap	0	sArApJp
kronat	1	krOnAt
kronat	0	krOnAt
kranat	1	krAnAt
kranat	0	krAnAt
chlatvey	1	clAtvEy
chlatvey	0	clAtvEy
chhlatvey	1	clAtvEy
chhlatvey	0	clAtvEy
yeang	1	yJN
yeang	0	yJN
voahsa	1	vQhsA
voahsa	0	vQhsA
vossa	1	vOsA
vossa	0	vOsA
baepna	1	bEpnA
baepna	0	bEpnA
baebna	1	bEbnA
baebna	0	bEbnA
bebna	1	bEbnA
bebna	0	bEbnA
protephu	1	prOtEpO
protephu	0	prOtEpO
pratephu	1	prAtEpO
pratephu	0	prAtEpO
punyea	1	pOYJ
punyea	0	pOYJ
ponyear	1	pOYJ
ponyear	0	pOYJr
sehsanuseh	1	sEhsAnOsE
sehsanuseh	0	sEhsAnOsEh
sessanusess	1	sEsAnOsEs
sessanusess	0	sEsAnOsEs
thavkae	1	tAvkE
thavkae	0	tAvkE
bongoh	1	bONO
bongoh	0	bONOh
bangas	1	bANA
bangas	0	bANAs
menaoy	1	mEnOy
menaoy	0	mEnOy
minao	1	mEnO
minao	0	mEnO
kaesomruol	1	kEsOmrOl
kaesomruol	0	kEsOmrOl
kaesmruol	1	kEsmrOl
kaesmruol	0	kEsmrOl
kesmruol	1	kEsmrOl
kesmruol	0	kEsmrOl
nokor	1	nOkO
nokor	0	nOkOr
phiehkluon	1	pJhklOn
phiehkluon	0	pJhklOn
phieskhluon	1	pJsklOn
phieskhluon	0	pJsklOn
chomka	1	cOmkA
chomka	0	cOmkA
chamkar	1	cAmkA
chamkar	0	cAmkAr
chomnaparom	1	cOmnApArOm
chomnaparom	0	cOmnApArOm
chamnabarommo	1	cAmnAbArOmO
chamnabarommo	0	cAmnAbArOmO
chamnabarommon	1	cAmnAbArOmOn
chamnabarommon	0	cAmnAbArOmOn
bomrong	1	bOmrON
bomrong	0	bOmrON
bamrung	1	bAmrON
bamrung	0	bAmrON
pariven	1	pArEvEn
pariven	0	pArEvEn
bariven	1	bArEvEn
bariven	0	bArEvEn
klangkla	1	klANklA
klangkla	0	klANklA
khlangkla	1	klANklA
khlangkla	0	klANklA
sdok	1	sdOk
sdok	0	sdOk
dop	1	dOp
dop	0	dOp
dup	1	dOp
dup	0	dOp
dab	1	dAb
dab	0	dAb
tipreksa	1	tEprEksA
tipreksa	0	tEprEksA
tiproeksa	1	tEprEksA
tiproeksa	0	tEprEksA
anet	1	AnEt
anet	0	AnEt
chataleysak	1	cAtAlEysAk
chataleysak	0	cAtAlEysAk
chatdaleisak	1	cAtdAlEysAk
chatdaleisak	0	cAtdAlEysAk
chomney	1	cOmnEy
chomney	0	cOmnEy
chamnei	1	cAmnEy
chamnei	0	cAmnEy
stherapheap	1	stErApJp
stherapheap	0	stErApJp
stherpheap	1	stEpJp
stherpheap	0	stEpJp
kbuon	1	kbOn
kbuon	0	kbOn
tesaroatmuntrey	1	tEsArQtmOntrEy
tesaroatmuntrey	0	tEsArQtmOntrEy
tesrodthamntrei	1	tEsrOdtAmntrEy
tesrodthamntrei	0	tEsrOdtAmntrEy
neneaka	1	nEnJkA
neneaka	0	nEnJkA
ninneakar	1	nEnJkA
ninneakar	0	nEnJkAr
maentaen	1	mEntEn
maentaen	0	mEntEn
menten	1	mEntEn
menten	0	mEntEn
reachachnha	1	rJcAcYA
reachachnha	0	rJcAcYA
reachachnhea	1	rJcAcYJ
reachachnhea	0	rJcAcYJ
tuohyangna	1	tOhyANnA
tuohyangna	0	tOhyANnA
toahyangna	1	tQhyANnA
toahyangna	0	tQhyANnA
sthapana	1	stApAnA
sthapana	0	stApAnA
sthabnea	1	stAbnJ
sthabnea	0	stAbnJ
preksa	1	prEksA
preksa	0	prEksA
proeksa	1	prEksA
proeksa	0	prEksA
mul	1	mOl
mul	0	mOl
loukta	1	lOktA
loukta	0	lOktA
presil	1	prEsEl
presil	0	prEsEl
rolun	1	rOlOn
rolun	0	rOlOn
rumdoh	1	rOmdO
rumdoh	0	rOmdOh
rumdaoh	1	rOmdO
rumdaoh	0	rOmdOh
luokdou	1	lOkdO
luokdou	0	lOkdO
lokdour	1	lOkdO
lokdour	0	lOkdOr
lokdor	1	lOkdO
lokdor	0	lOkdOr
lupchaol	1	lOpcOl
lupchaol	0	lOpcOl
lubchaol	1	lObcOl
lubchaol	0	lObcOl
boum	1	bOm
boum	0	bOm
bom	1	bOm
bom	0	bOm
mav	1	mAv
mav	0	mAv
kumnu	1	kOmnO
kumnu	0	kOmnO
kumnur	1	kOmnO
kumnur	0	kOmnOr
teknoumpaem	1	tEknOmpEm
teknoumpaem	0	tEknOmpEm
tueknoumphaem	1	tEknOmpEm
tueknoumphaem	0	tEknOmpEm
toeknoumphem	1	tEknOmpEm
toeknoumphem	0	tEknOmpEm
srotoap	1	srOtQp
srotoap	0	srOtQp
sratoab	1	srAtQb
sratoab	0	srAtQb
anusah	1	AnOsA
anusah	0	AnOsAh
anusasa	1	AnOsAsA
anusasa	0	AnOsAsA
anusasan	1	AnOsAsAn
anusasan	0	AnOsAsAn
elechtrounik	1	ElEctrOnEk
elechtrounik	0	ElEctrOnEk
elechtronik	1	ElEctrOnEk
elechtronik	0	ElEctrOnEk
yun	1	yOn
yun	0	yOn
yuon	1	yOn
yuon	0	yOn
yont	1	yOnt
yont	0	yOnt
nhonhem	1	YOYEm
nhonhem	0	YOYEm
nhonhuem	1	YOYEm
nhonhuem	0	YOYEm
nhonhoem	1	YOYEm
nhonhoem	0	YOYEm
pdonteatouh	1	pdOntJtO
pdonteatouh	0	pdOntJtOh
phdanteatous	1	pdAntJtO
phdanteatous	0	pdAntJtOs
rupeyaban	1	rOpEyAbAn
rupeyaban	0	rOpEyAbAn
rubeybann	1	rObEybAn
rubeybann	0	rObEybAn
saensok	1	sEnsOk
saensok	0	sEnsOk
saensokh	1	sEnsOk
saensokh	0	sEnsOk
sensokh	1	sEnsOk
sensokh	0	sEnsOk
ateytakal	1	AtEytAkAl
ateytakal	0	AtEytAkAl
ateitkal	1	AtEytkAl
ateitkal	0	AtEytkAl
vecheasah	1	vEcJsA
vecheasah	0	vEcJsAh
vechchosastr	1	vEcOsAstr
vechchosastr	0	vEcOsAstr
sreng	1	srEN
sreng	0	srEN
betong	1	bEtON
betong	0	bEtON
promat	1	prOmAt
promat	0	prOmAt
prameath	1	prAmJt
prameath	0	prAmJt
let	1	lEt
let	0	lEt
voatthotang	1	vQtOtAN
voatthotang	0	vQtOtAN
votthotang	1	vOtOtAN
votthotang	0	vOtOtAN
pisaot	1	pEsOt
pisaot	0	pEsOt
pisaoth	1	pEsOt
pisaoth	0	pEsOt
pisaotho	1	pEsOtO
pisaotho	0	pEsOtO
pisaothon	1	pEsOtOn
pisaothon	0	pEsOtOn
komnaetumrung	1	kOmnEtOmrON
komnaetumrung	0	kOmnEtOmrON
kamnaetmrong	1	kAmnEtmrON
kamnaetmrong	0	kAmnEtmrON
kamnetmrong	1	kAmnEtmrON
kamnetmrong	0	kAmnEtmrON
tuohsavoat	1	tOhsAvQt
tuohsavoat	0	tOhsAvQt
tosvotsa	1	tOsvOtsA
tosvotsa	0	tOsvOtsA
tosvotsar	1	tOsvOtsA
tosvotsar	0	tOsvOtsAr
pdeypropun	1	pdEyprOpOn
pdeypropun	0	pdEyprOpOn
pdeibroponth	1	pdEybrOpOnt
pdeibroponth	0	pdEybrOpOnt
reachea	1	rJcJ
reachea	0	rJcJ
roatthathoameanunh	1	rQtAtQmJnOY
roatthathoameanunh	0	rQtAtQmJnOY
rodthathommonunhnh	1	rOdtAtOmOnOY
rodthathommonunhnh	0	rOdtAtOmOnOY
lum	1	lOm
lum	0	lOm
kloameul	1	klQmEl
kloameul	0	klQmEl
khloammeul	1	klQmEl
khloammeul	0	klQmEl
douchnoh	1	dOcnO
douchnoh	0	dOcnOh
douchnaoh	1	dOcnO
douchnaoh	0	dOcnOh
dochnaoh	1	dOcnO
dochnaoh	0	dOcnOh
parih	1	pArE
parih	0	pArEh
paris	1	pArE
paris	0	pArEs
myangvenh	1	myANvEY
myangvenh	0	myANvEY
myangvinh	1	myANvEY
myangvinh	0	myANvEY
selapakor	1	sElApAkO
selapakor	0	sElApAkOr
selbakar	1	sElbAkA
selbakar	0	sElbAkAr
chomnong	1	cOmnON
chomnong	0	cOmnON
chamnang	1	cAmnAN
chamnang	0	cAmnAN
vasintaon	1	vAsEntOn
vasintaon	0	vAsEntOn
say	1	sAy
say	0	sAy
hangchheng	1	hANcEN
hangchheng	0	hANcEN
chnganh	1	cNAY
chnganh	0	cNAY
chumnumchumreah	1	cOmnOmcOmrJ
chumnumchumreah	0	cOmnOmcOmrJh
chumnumchomreah	1	cOmnOmcOmrJ
chumnumchomreah	0	cOmnOmcOmrJh
chreuh	1	crE
chreuh	0	crEh
chreus	1	crE
chreus	0	crEs
phaen	1	pEn
phaen	0	pEn
phen	1	pEn
phen	0	pEn
satheareanachun	1	sAtJrJnAcOn
satheareanachun	0	sAtJrJnAcOn
sathearonchon	1	sAtJrOncOn
sathearonchon	0	sAtJrOncOn
krochok	1	krOcOk
krochok	0	krOcOk
krachak	1	krAcAk
krachak	0	krAcAk
chomnah	1	cOmnA
chomnah	0	cOmnAh
chamnas	1	cAmnA
chamnas	0	cAmnAs
chrov	1	crOv
chrov	0	crOv
chrou	1	crO
chrou	0	crO
dorkpungkpuoh	1	dOkpONkpO
dorkpungkpuoh	0	dOkpONkpOh
dakhpongkhpos	1	dAkpONkpO
dakhpongkhpos	0	dAkpONkpOs
borrichak	1	bOrEcAk
borrichak	0	bOrEcAk
barichchak	1	bArEcAk
barichchak	0	bArEcAk
saksey	1	sAksEy
saksey	0	sAksEy
saksei	1	sAksEy
saksei	0	sAksEy
akiphey	1	AkEpEy
akiphey	0	AkEpEy
akkiphey	1	AkEpEy
akkiphey	0	AkEpEy
akkiphoay	1	AkEpQy
akkiphoay	0	AkEpQy
chay	1	cAy
chay	0	cAy
chhay	1	cAy
chhay	0	cAy
yuttheachun	1	yOtJcOn
yuttheachun	0	yOtJcOn
yutthochon	1	yOtOcOn
yutthochon	0	yOtOcOn
kruohmeahontaray	1	krOhmJhOntArAy
kruohmeahontaray	0	krOhmJhOntArAy
kruohmohndareay	1	krOhmOhndArJy
kruohmohndareay	0	krOhmOhndArJy
kroahmohndareay	1	krQhmOhndArJy
kroahmohndareay	0	krQhmOhndArJy
chey	1	cEy
chey	0	cEy
choay	1	cQy
choay	0	cQy
tnol	1	tnOl
tnol	0	tnOl
thnal	1	tnAl
thnal	0	tnAl
yuongvaeng	1	yONvEN
yuongvaeng	0	yONvEN
yurangvaeng	1	yOrANvEN
yurangvaeng	0	yOrANvEN
yurangveng	1	yOrANvEN
yurangveng	0	yOrANvEN
tiengtoat	1	tJNtQt
tiengtoat	0	tJNtQt
riep	1	rJp
riep	0	rJp
rieb	1	rJb
rieb	0	rJb
kanada	1	kAnAdA
kanada	0	kAnAdA
myang	1	myAN
myang	0	myAN
seng	1	sEN
seng	0	sEN
nirontarapheap	1	nErOntArApJp
nirontarapheap	0	nErOntArApJp
nirndarpheap	1	nEndApJp
nirndarpheap	0	nEndApJp
baeukchomhor	1	bEkcOmhO
baeukchomhor	0	bEkcOmhOr
baeukchamha	1	bEkcAmhA
baeukchamha	0	bEkcAmhA
rokprak	1	rOkprAk
rokprak	0	rOkprAk
sey	1	sEy
sey	0	sEy
sei	1	sEy
sei	0	sEy
kambet	1	kAmbEt
kambet	0	kAmbEt
khousna	1	kOsnA
khousna	0	kOsnA
khousnea	1	kOsnJ
khousnea	0	kOsnJ
charon	1	cArOn
charon	0	cArOn
charont	1	cArOnt
charont	0	cArOnt
chlongdaen	1	clONdEn
chlongdaen	0	clONdEn
chhlangdaen	1	clANdEn
chhlangdaen	0	clANdEn
chhlangden	1	clANdEn
chhlangden	0	clANdEn
tekpnaek	1	tEkpnEk
tekpnaek	0	tEkpnEk
tuekphnaek	1	tEkpnEk
tuekphnaek	0	tEkpnEk
toekphnek	1	tEkpnEk
toekphnek	0	tEkpnEk
plon	1	plOn
plon	0	plOn
plan	1	plAn
plan	0	plAn
pheaktech	1	pJktEc
pheaktech	0	pJktEc
mhoup	1	mhOp
mhoup	0	mhOp
mhoub	1	mhOb
mhoub	0	mhOb
mhob	1	mhOb
mhob	0	mhOb
neakru	1	nJkrO
neakru	0	nJkrO
nakkru	1	nAkrO
nakkru	0	nAkrO
cheacheang	1	cJcJN
cheacheang	0	cJcJN
plong	1	plON
plong	0	plON
plang	1	plAN
plang	0	plAN
songkotngun	1	sONkOtNOn
songkotngun	0	sONkOtNOn
sangkatthngon	1	sANkAtNOn
sangkatthngon	0	sANkAtNOn
slek	1	slEk
slek	0	slEk
sloek	1	slEk
sloek	0	slEk
komchat	1	kOmcAt
komchat	0	kOmcAt
kamchat	1	kAmcAt
kamchat	0	kAmcAt
kaoseka	1	kOsEkA
kaoseka	0	kOsEkA
chomraeun	1	cOmrEn
chomraeun	0	cOmrEn
chamreun	1	cAmrEn
chamreun	0	cAmrEn
cheachun	1	cJcOn
cheachun	0	cJcOn
cheachon	1	cJcOn
cheachon	0	cJcOn
muoyroryea	1	mOyrOyJ
muoyroryea	0	mOyrOyJ
muoyoryeak	1	mOyOyJk
muoyoryeak	0	mOyOyJk
muoyoryea	1	mOyOyJ
muoyoryea	0	mOyOyJ
ontara	1	OntArA
ontara	0	OntArA
antar	1	AntA
antar	0	AntAr
pachobonapheap	1	pAcObOnApJp
pachobonapheap	0	pAcObOnApJp
bachchobbannopheap	1	bAcObAnOpJp
bachchobbannopheap	0	bAcObAnOpJp
puohvien	1	pOhvJn
puohvien	0	pOhvJn
poahvien	1	pQhvJn
poahvien	0	pQhvJn
ay	1	Ay
ay	0	Ay
bompean	1	bOmpJn
bompean	0	bOmpJn
bampean	1	bAmpJn
bampean	0	bAmpJn
pousaenchey	1	pOsEncEy
pousaenchey	0	pOsEncEy
pouthisenchoay	1	pOtEsEncQy
pouthisenchoay	0	pOtEsEncQy
yulkheunh	1	yOlkEY
yulkheunh	0	yOlkEY
yolkheunh	1	yOlkEY
yolkheunh	0	yOlkEY
somnaeum	1	sOmnEm
somnaeum	0	sOmnEm
samnaeum	1	sAmnEm
samnaeum	0	sAmnEm
komnotra	1	kOmnOtrA
komnotra	0	kOmnOtrA
kamnattra	1	kAmnAtrA
kamnattra	0	kAmnAtrA
bondaeu	1	bOndE
bondaeu	0	bOndE
bandaeur	1	bAndE
bandaeur	0	bAndEr
rupamun	1	rOpAmOn
rupamun	0	rOpAmOn
rubmont	1	rObmOnt
rubmont	0	rObmOnt
bongkoul	1	bONkOl
bongkoul	0	bONkOl
bangkoul	1	bANkOl
bangkoul	0	bANkOl
prohsrey	1	prOhsrEy
prohsrey	0	prOhsrEy
prossrei	1	prOsrEy
prossrei	0	prOsrEy
mouteanapheap	1	mOtJnApJp
mouteanapheap	0	mOtJnApJp
moutonpheap	1	mOtOnpJp
moutonpheap	0	mOtOnpJp
oulampek	1	OlAmpEk
oulampek	0	OlAmpEk
oulampik	1	OlAmpEk
oulampik	0	OlAmpEk
olampik	1	OlAmpEk
olampik	0	OlAmpEk
khokkhan	1	kOkAn
khokkhan	0	kOkAn
khakkhan	1	kAkAn
khakkhan	0	kAkAn
tekmum	1	tEkmOm
tekmum	0	tEkmOm
tuekkhmum	1	tEkmOm
tuekkhmum	0	tEkmOm
toekkhmum	1	tEkmOm
toekkhmum	0	tEkmOm
achiveakor	1	AcEvJkO
achiveakor	0	AcEvJkOr
achivkar	1	AcEvkA
achivkar	0	AcEvkAr
kourouna	1	kOrOnA
kourouna	0	kOrOnA
korona	1	kOrOnA
korona	0	kOrOnA
sthapanek	1	stApAnEk
sthapanek	0	stApAnEk
sthabnik	1	stAbnEk
sthabnik	0	stAbnEk
chombang	1	cOmbAN
chombang	0	cOmbAN
chorachor	1	cOrAcO
chorachor	0	cOrAcOr
chareachar	1	cArJcA
chareachar	0	cArJcAr
cheayu	1	cJyO
cheayu	0	cJyO
cheayur	1	cJyO
cheayur	0	cJyOr
veasna	1	vJsnA
veasna	0	vJsnA
veasnea	1	vJsnJ
veasnea	0	vJsnJ
sovan	1	sOvAn
sovan	0	sOvAn
sovonn	1	sOvOn
sovonn	0	sOvOn
hunsaen	1	hOnsEn
hunsaen	0	hOnsEn
hunsen	1	hOnsEn
hunsen	0	hOnsEn
toaltae	1	tQltE
toaltae	0	tQltE
toalte	1	tQltE
toalte	0	tQltE
bonghaeup	1	bONhEp
bonghaeup	0	bONhEp
banghaeub	1	bANhEb
banghaeub	0	bANhEb
soumorkun	1	sOmOkOn
soumorkun	0	sOmOkOn
soumarkun	1	sOmAkOn
soumarkun	0	sOmAkOn
somarkun	1	sOmAkOn
somarkun	0	sOmAkOn
sroub	1	srOb
sroub	0	srOb
srob	1	srOb
srob	0	srOb
ngonget	1	NONEt
ngonget	0	NONEt
ngonguet	1	NONEt
ngonguet	0	NONEt
ngongoet	1	NONEt
ngongoet	0	NONEt
top	1	tOp
top	0	tOp
tup	1	tOp
tup	0	tOp
tab	1	tAb
tab	0	tAb
tea	1	tJ
tea	0	tJ
thea	1	tJ
thea	0	tJ
pkay	1	pkAy
pkay	0	pkAy
phkay	1	pkAy
phkay	0	pkAy
lubombat	1	lObOmbAt
lubombat	0	lObOmbAt
lubbambat	1	lObAmbAt
lubbambat	0	lObAmbAt
lumnovthan	1	lOmnOvtAn
lumnovthan	0	lOmnOvtAn
lumnovdthan	1	lOmnOvdtAn
lumnovdthan	0	lOmnOvdtAn
lumnoudthan	1	lOmnOdtAn
lumnoudthan	0	lOmnOdtAn
tukchea	1	tOkcJ
tukchea	0	tOkcJ
tesapheap	1	tEsApJp
tesapheap	0	tEsApJp
tespheap	1	tEspJp
tespheap	0	tEspJp
niyouchet	1	nEyOcEt
niyouchet	0	nEyOcEt
niyouchit	1	nEyOcEt
niyouchit	0	nEyOcEt
yeanyun	1	yJYOn
yeanyun	0	yJYOn
yeanyont	1	yJYOnt
yeanyont	0	yJYOnt
baekbak	1	bEkbAk
baekbak	0	bEkbAk
bekbak	1	bEkbAk
bekbak	0	bEkbAk
punlut	1	pOnlOt
punlut	0	pOnlOt
ponlot	1	pOnlOt
ponlot	0	pOnlOt
kongtra	1	kONtrA
kongtra	0	kONtrA
sla	1	slA
sla	0	slA
cheareuy	1	cJrEy
cheareuy	0	cJrEy
chearoeay	1	cJrEy
chearoeay	0	cJrEy
plah	1	plA
plah	0	plAh
phlas	1	plA
phlas	0	plAs
katouh	1	kAtO
katouh	0	kAtOh
kattous	1	kAtO
kattous	0	kAtOs
tepkaosol	1	tEpkOsOl
tepkaosol	0	tEpkOsOl
tepkaosaly	1	tEpkOsAly
tepkaosaly	0	tEpkOsAly
prolay	1	prOlAy
prolay	0	prOlAy
pralay	1	prAlAy
pralay	0	prAlAy
rolok	1	rOlOk
rolok	0	rOlOk
praeklay	1	prEklAy
praeklay	0	prEklAy
preklay	1	prEklAy
preklay	0	prEklAy
ombel	1	OmbEl
ombel	0	OmbEl
ambel	1	AmbEl
ambel	0	AmbEl
reav	1	rJv
reav	0	rJv
seytonhapheap	1	sEytOYApJp
seytonhapheap	0	sEytOYApJp
seitonhapheap	1	sEytOYApJp
seitonhapheap	0	sEytOYApJp
kuosom	1	kOsOm
kuosom	0	kOsOm
kuorsam	1	kOsAm
kuorsam	0	kOsAm
chaydon	1	cAydOn
chaydon	0	cAydOn
chaidany	1	cAydAY
chaidany	0	cAydAY
runh	1	rOY
runh	0	rOY
utyean	1	OtyJn
utyean	0	OtyJn
otyean	1	OtyJn
otyean	0	OtyJn
chongol	1	cONOl
chongol	0	cONOl
changol	1	cANOl
changol	0	cANOl
tuptul	1	tOptOl
tuptul	0	tOptOl
tobtol	1	tObtOl
tobtol	0	tObtOl
savanaka	1	sAvAnAkA
savanaka	0	sAvAnAkA
savneakar	1	sAvnJkA
savneakar	0	sAvnJkAr
sngopsngat	1	sNOpsNAt
sngopsngat	0	sNOpsNAt
sngabsngat	1	sNAbsNAt
sngabsngat	0	sNAbsNAt
norroutdom	1	nOrOtdOm
norroutdom	0	nOrOtdOm
noroutdam	1	nOrOtdAm
noroutdam	0	nOrOtdAm
puleakam	1	pOlJkAm
puleakam	0	pOlJkAm
polkamm	1	pOlkAm
polkamm	0	pOlkAm
meng	1	mEN
meng	0	mEN
ming	1	mEN
ming	0	mEN
khemraphumen	1	kEmrApOmEn
khemraphumen	0	kEmrApOmEn
khemorphumint	1	kEmOpOmEnt
khemorphumint	0	kEmOpOmEnt
roatanakiri	1	rQtAnAkErE
roatanakiri	0	rQtAnAkErE
rotnokiri	1	rOtnOkErE
rotnokiri	0	rOtnOkErE
krae	1	krE
krae	0	krE
kre	1	krE
kre	0	krE
piney	1	pEnEy
piney	0	pEnEy
pinoay	1	pEnQy
pinoay	0	pEnQy
atkombang	1	AtkOmbAN
atkombang	0	AtkOmbAN
arthkambang	1	AtkAmbAN
arthkambang	0	AtkAmbAN
krolahaom	1	krOlAhOm
krolahaom	0	krOlAhOm
kralahaom	1	krAlAhOm
kralahaom	0	krAlAhOm
domlapheap	1	dOmlApJp
domlapheap	0	dOmlApJp
tamleapheap	1	tAmlJpJp
tamleapheap	0	tAmlJpJp
thumtheng	1	tOmtEN
thumtheng	0	tOmtEN
penhvey	1	pEYvEy
penhvey	0	pEYvEy
penhvoay	1	pEYvQy
penhvoay	0	pEYvQy
kechmuoh	1	kEcmO
kechmuoh	0	kEcmOh
kechhmuoh	1	kEcmO
kechhmuoh	0	kEcmOh
kerdechhmoah	1	kEdEcmQ
kerdechhmoah	0	kEdEcmQh
ngoap	1	NQp
ngoap	0	NQp
ngoab	1	NQb
ngoab	0	NQb
bonsol	1	bOnsOl
bonsol	0	bOnsOl
bansal	1	bAnsAl
bansal	0	bAnsAl
bongkop	1	bONkOp
bongkop	0	bONkOp
bangkab	1	bANkAb
bangkab	0	bANkAb
pipoa	1	pEpQ
pipoa	0	pEpQ
pipoaro	1	pEpQrO
pipoaro	0	pEpQrO
pipoaron	1	pEpQrOn
pipoaron	0	pEpQrOn
sachprak	1	sAcprAk
sachprak	0	sAcprAk
achentray	1	AcEntrAy
achentray	0	AcEntrAy
achentrai	1	AcEntrAy
achentrai	0	AcEntrAy
achentraiy	1	AcEntrAy
achentraiy	0	AcEntrAy
domboul	1	dOmbOl
domboul	0	dOmbOl
damboul	1	dAmbOl
damboul	0	dAmbOl
dambol	1	dAmbOl
dambol	0	dAmbOl
meareanapheap	1	mJrJnApJp
meareanapheap	0	mJrJnApJp
mornapheap	1	mOnApJp
mornapheap	0	mOnApJp
latthiprocheathepatay	1	lAtEprOcJtEpAtAy
latthiprocheathepatay	0	lAtEprOcJtEpAtAy
lotthibrocheathibteyy	1	lOtEbrOcJtEbtEy
lotthibrocheathibteyy	0	lOtEbrOcJtEbtEy
komnat	1	kOmnAt
komnat	0	kOmnAt
kram	1	krAm
kram	0	krAm
chamnoh	1	cAmnO
chamnoh	0	cAmnOh
mukmoat	1	mOkmQt
mukmoat	0	mOkmQt
mukhmoat	1	mOkmQt
mukhmoat	0	mOkmQt
deyka	1	dEykA
deyka	0	dEykA
deika	1	dEykA
deika	0	dEykA
absara	1	AbsArA
absara	0	AbsArA
absarea	1	AbsArJ
absarea	0	AbsArJ
chraeunah	1	crEnA
chraeunah	0	crEnAh
chraeunnas	1	crEnA
chraeunnas	0	crEnAs
thana	1	tAnA
thana	0	tAnA
thaneak	1	tAnJk
thaneak	0	tAnJk
thanea	1	tAnJ
thanea	0	tAnJ
songvien	1	sONvJn
songvien	0	sONvJn
sangvien	1	sANvJn
sangvien	0	sANvJn
sonlop	1	sOnlOp
sonlop	0	sOnlOp
sanlob	1	sAnlOb
sanlob	0	sAnlOb
steng	1	stEN
steng	0	stEN
stueng	1	stEN
stueng	0	stEN
stoeng	1	stEN
stoeng	0	stEN
sliekpeak	1	slJkpJk
sliekpeak	0	slJkpJk
damdoh	1	dAmdO
damdoh	0	dAmdOh
bongkoap	1	bONkQp
bongkoap	0	bONkQp
bangkoab	1	bANkQb
bangkoab	0	bANkQb
lumhou	1	lOmhO
lumhou	0	lOmhO
lumhour	1	lOmhO
lumhour	0	lOmhOr
lumhor	1	lOmhO
lumhor	0	lOmhOr
than	1	tAn
than	0	tAn
dthan	1	dtAn
dthan	0	dtAn
vana	1	vAnA
vana	0	vAnA
vonnak	1	vOnAk
vonnak	0	vOnAk
vonna	1	vOnA
vonna	0	vOnA
soborohsachun	1	sObOrOhsAcOn
soborohsachun	0	sObOrOhsAcOn
sabboroschon	1	sAbOrOscOn
sabboroschon	0	sAbOrOscOn
khatbong	1	kAtbON
khatbong	0	kAtbON
khatbang	1	kAtbAN
khatbang	0	kAtbAN
bangkok	1	bANkOk
bangkok	0	bANkOk
bangkak	1	bANkAk
bangkak	0	bANkAk
pahtungkech	1	pAhtONkEc
pahtungkech	0	pAhtONkEc
pahtongkich	1	pAhtONkEc
pahtongkich	0	pAhtONkEc
chhip	1	cEp
chhip	0	cEp
chhib	1	cEb
chhib	0	cEb
merien	1	mErJn
merien	0	mErJn
rovul	1	rOvOl
rovul	0	rOvOl
rovol	1	rOvOl
rovol	0	rOvOl
voattheaneapheap	1	vQtJnJpJp
voattheaneapheap	0	vQtJnJpJp
vodthonpheap	1	vOdtOnpJp
vodthonpheap	0	vOdtOnpJp
viniyouken	1	vEnEyOkEn
viniyouken	0	vEnEyOkEn
viniyoukin	1	vEnEyOkEn
viniyoukin	0	vEnEyOkEn
kongvah	1	kONvA
kongvah	0	kONvAh
kangveah	1	kANvJ
kangveah	0	kANvJh
komnae	1	kOmnE
komnae	0	kOmnE
kamnae	1	kAmnE
kamnae	0	kAmnE
kamne	1	kAmnE
kamne	0	kAmnE
banhchenhmeate	1	bAYcEYmJtE
banhchenhmeate	0	bAYcEYmJtE
banhchenhomte	1	bAYcEYOmtE
banhchenhomte	0	bAYcEYOmtE
pretebat	1	prEtEbAt
pretebat	0	prEtEbAt
pruetdebatr	1	prEtdEbAtr
pruetdebatr	0	prEtdEbAtr
proetdebatr	1	prEtdEbAtr
proetdebatr	0	prEtdEbAtr
preahomchah	1	prJhOmcA
preahomchah	0	prJhOmcAh
preahamchas	1	prJhAmcA
preahamchas	0	prJhAmcAs
kumleat	1	kOmlJt
kumleat	0	kOmlJt
komleat	1	kOmlJt
komleat	0	kOmlJt
chomneyaha	1	cOmnEyAhA
chomneyaha	0	cOmnEyAhA
chamneiahar	1	cAmnJhA
chamneiahar	0	cAmnJhAr
doengte	1	dENtE
doengte	0	dENtE
tureasapday	1	tOrJsApdAy
tureasapday	0	tOrJsApdAy
tursaptodai	1	tOsAptOdAy
tursaptodai	0	tOsAptOdAy
tveubap	1	tvEbAp
tveubap	0	tvEbAp
thveubab	1	tvEbAb
thveubab	0	tvEbAb
petekaphoan	1	pEtEkApQn
petekaphoan	0	pEtEkApQn
betekphond	1	bEtEkpOnd
betekphond	0	bEtEkpOnd
songkhaep	1	sONkEp
songkhaep	0	sONkEp
sangkheb	1	sANkEb
sangkheb	0	sANkEb
nipun	1	nEpOn
nipun	0	nEpOn
niponth	1	nEpOnt
niponth	0	nEpOnt
yuveavey	1	yOvJvEy
yuveavey	0	yOvJvEy
yuvvey	1	yOvEy
yuvvey	0	yOvEy
yuvvoay	1	yOvQy
yuvvoay	0	yOvQy
kropeah	1	krOpJ
kropeah	0	krOpJh
krapeah	1	krApJ
krapeah	0	krApJh
ngut	1	NOt
ngut	0	NOt
tibey	1	tEbEy
tibey	0	tEbEy
tibei	1	tEbEy
tibei	0	tEbEy
vat	1	vAt
vat	0	vAt
koy	1	kOy
koy	0	kOy
tuoangk	1	tONk
tuoangk	0	tONk
satrev	1	sAtrEv
satrev	0	sAtrEv
satruv	1	sAtrOv
satruv	0	sAtrOv
sontuh	1	sOntO
sontuh	0	sOntOh
santuh	1	sAntO
santuh	0	sAntOh
apaparama	1	ApApArAmA
apaparama	0	ApApArAmA
abbabromea	1	AbAbrOmJ
abbabromea	0	AbAbrOmJ
ptuhlaeung	1	ptOhlEN
ptuhlaeung	0	ptOhlEN
phtuhlaeung	1	ptOhlEN
phtuhlaeung	0	ptOhlEN
pisa	1	pEsA
pisa	0	pEsA
royea	1	rOyJ
royea	0	rOyJ
royeah	1	rOyJ
royeah	0	rOyJh
royeak	1	rOyJk
royeak	0	rOyJk
chongkout	1	cONkOt
chongkout	0	cONkOt
changkout	1	cANkOt
changkout	0	cANkOt
changkot	1	cANkOt
changkot	0	cANkOt
chomhieng	1	cOmhJN
chomhieng	0	cOmhJN
chamhieng	1	cAmhJN
chamhieng	0	cAmhJN
dav	1	dAv
dav	0	dAv
pdampnhaeu	1	pdAmpYE
pdampnhaeu	0	pdAmpYE
phdamphnhaeu	1	pdAmpYE
phdamphnhaeu	0	pdAmpYE
voah	1	vQ
voah	0	vQh
voas	1	vQ
voas	0	vQs
viney	1	vEnEy
viney	0	vEnEy
vinoay	1	vEnQy
vinoay	0	vEnQy
ven	1	vEn
ven	0	vEn
sabu	1	sAbO
sabu	0	sAbO
sva	1	svA
sva	0	svA
kunsombat	1	kOnsOmbAt
kunsombat	0	kOnsOmbAt
kunsambatde	1	kOnsAmbAtdE
kunsambatde	0	kOnsAmbAtdE
chrealchrov	1	crJlcrOv
chrealchrov	0	crJlcrOv
chrealchrou	1	crJlcrO
chrealchrou	0	crJlcrO
toat	1	tQt
toat	0	tQt
thoat	1	tQt
thoat	0	tQt
pnhaeusa	1	pYEsA
pnhaeusa	0	pYEsA
phnhaeusar	1	pYEsA
phnhaeusar	0	pYEsAr
hat	1	hAt
hat	0	hAt
eurou	1	ErO
eurou	0	ErO
oero	1	ErO
oero	0	ErO
aekakearoatthatut	1	EkAkJrQtAtOt
aekakearoatthatut	0	EkAkJrQtAtOt
aekakkordthatut	1	EkAkOdtAtOt
aekakkordthatut	0	EkAkOdtAtOt
ekakkordthatut	1	EkAkOdtAtOt
ekakkordthatut	0	EkAkOdtAtOt
chakkhovisay	1	cAkOvEsAy
chakkhovisay	0	cAkOvEsAy
chakkhovisai	1	cAkOvEsAy
chakkhovisai	0	cAkOvEsAy
tumnoah	1	tOmnQ
tumnoah	0	tOmnQh
tumnoas	1	tOmnQ
tumnoas	0	tOmnQs
vechkchop	1	vEckcOp
vechkchop	0	vEckcOp
vechkhchab	1	vEckcAb
vechkhchab	0	vEckcAb
klea	1	klJ
klea	0	klJ
khlea	1	klJ
khlea	0	klJ
chenhchoul	1	cEYcOl
chenhchoul	0	cEYcOl
chenhchol	1	cEYcOl
chenhchol	0	cEYcOl
phumea	1	pOmJ
phumea	0	pOmJ
kosol	1	kOsOl
kosol	0	kOsOl
kosal	1	kOsAl
kosal	0	kOsAl
troam	1	trQm
troam	0	trQm
voahvaeng	1	vQhvEN
voahvaeng	0	vQhvEN
voasvaeng	1	vQsvEN
voasvaeng	0	vQsvEN
voasveng	1	vQsvEN
voasveng	0	vQsvEN
samasatheat	1	sAmAsAtJt
samasatheat	0	sAmAsAtJt
sameastheato	1	sAmJstJtO
sameastheato	0	sAmJstJtO
akahsayeanatthan	1	AkAhsAyJnAtAn
akahsayeanatthan	0	AkAhsAyJnAtAn
akasyeandthan	1	AkAsyJndtAn
akasyeandthan	0	AkAsyJndtAn
chrung	1	crON
chrung	0	crON
popuok	1	pOpOk
popuok	0	pOpOk
popok	1	pOpOk
popok	0	pOpOk
sokchet	1	sOkcEt
sokchet	0	sOkcEt
sokhchett	1	sOkcEt
sokhchett	0	sOkcEt
anukruoh	1	AnOkrO
anukruoh	0	AnOkrOh
anukroah	1	AnOkrQ
anukroah	0	AnOkrQh
kalparechchhaet	1	kAlpArEcEt
kalparechchhaet	0	kAlpArEcEt
kalobrichchhet	1	kAlObrEcEt
kalobrichchhet	0	kAlObrEcEt
pronhap	1	prOYAp
pronhap	0	prOYAp
pranhoab	1	prAYQb
pranhoab	0	prAYQb
mhoupaha	1	mhOpAhA
mhoupaha	0	mhOpAhA
mhoubahar	1	mhObAhA
mhoubahar	0	mhObAhAr
mhobahar	1	mhObAhA
mhobahar	0	mhObAhAr
ason	1	AsOn
ason	0	AsOn
asann	1	AsAn
asann	0	AsAn
koabey	1	kQbEy
koabey	0	kQbEy
kobbei	1	kObEy
kobbei	0	kObEy
peaktha	1	pJktA
peaktha	0	pJktA
peakyotha	1	pJkyOtA
peakyotha	0	pJkyOtA
lem	1	lEm
lem	0	lEm
luem	1	lEm
luem	0	lEm
loem	1	lEm
loem	0	lEm
samaki	1	sAmAkE
samaki	0	sAmAkE
samokki	1	sAmOkE
samokki	0	sAmOkE
tob	1	tOb
tob	0	tOb
tisdeyka	1	tEsdEykA
tisdeyka	0	tEsdEykA
tisdeikar	1	tEsdEykA
tisdeikar	0	tEsdEykAr
theanearaprong	1	tJnJrAprON
theanearaprong	0	tJnJrAprON
theanearabrong	1	tJnJrAbrON
theanearabrong	0	tJnJrAbrON
katde	1	kAtdE
katde	0	kAtdE
katder	1	kAtdE
katder	0	kAtdEr
ksaekrorvat	1	ksEkrOvAt
ksaekrorvat	0	ksEkrOvAt
khsaekrovoat	1	ksEkrOvQt
khsaekrovoat	0	ksEkrOvQt
khsekrovoat	1	ksEkrOvQt
khsekrovoat	0	ksEkrOvQt
teakten	1	tJktEn
teakten	0	tJktEn
teaktin	1	tJktEn
teaktin	0	tJktEn
youngtovtam	1	yONtOvtAm
youngtovtam	0	yONtOvtAm
youngtoutam	1	yONtOtAm
youngtoutam	0	yONtOtAm
snoul	1	snOl
snoul	0	snOl
snol	1	snOl
snol	0	snOl
akahsachor	1	AkAhsAcO
akahsachor	0	AkAhsAcOr
akasachro	1	AkAsAcrO
akasachro	0	AkAsAcrO
akasachron	1	AkAsAcrOn
akasachron	0	AkAsAcrOn
neksman	1	nEksmAn
neksman	0	nEksmAn
nueksman	1	nEksmAn
nueksman	0	nEksmAn
noeksman	1	nEksmAn
noeksman	0	nEksmAn
bokprae	1	bOkprE
bokprae	0	bOkprE
bakprae	1	bAkprE
bakprae	0	bAkprE
bakpre	1	bAkprE
bakpre	0	bAkprE
roloung	1	rOlON
roloung	0	rOlON
vay	1	vAy
vay	0	vAy
vai	1	vAy
vai	0	vAy
sichumrov	1	sEcOmrOv
sichumrov	0	sEcOmrOv
sichmrov	1	sEcmrOv
sichmrov	0	sEcmrOv
sichmrou	1	sEcmrO
sichmrou	0	sEcmrO
haeltek	1	hEltEk
haeltek	0	hEltEk
haeltuek	1	hEltEk
haeltuek	0	hEltEk
heltoek	1	hEltEk
heltoek	0	hEltEk
afganisthan	1	AfkAnEstAn
afganisthan	0	AfkAnEstAn
ahvohkeanisthan	1	AhvOhkJnEstAn
ahvohkeanisthan	0	AhvOhkJnEstAn
kumpi	1	kOmpE
kumpi	0	kOmpE
kompir	1	kOmpE
kompir	0	kOmpEr
domrey	1	dOmrEy
domrey	0	dOmrEy
damri	1	dAmrE
damri	0	dAmrE
atthathibay	1	AtAtEbAy
atthathibay	0	AtAtEbAy
atthathibbay	1	AtAtEbAy
atthathibbay	0	AtAtEbAy
khokchet	1	kOkcEt
khokchet	0	kOkcEt
khakchett	1	kAkcEt
khakchett	0	kAkcEt
thaem	1	tEm
thaem	0	tEm
them	1	tEm
them	0	tEm
reuhaeung	1	rEhEN
reuhaeung	0	rEhEN
reusaeung	1	rEsEN
reusaeung	0	rEsEN
sompoantheamet	1	sOmpQntJmEt
sompoantheamet	0	sOmpQntJmEt
sampoanthomitt	1	sAmpQntOmEt
sampoanthomitt	0	sAmpQntOmEt
sromay	1	srOmAy
sromay	0	srOmAy
sramey	1	srAmEy
sramey	0	srAmEy
kilou	1	kElO
kilou	0	kElO
kilo	1	kElO
kilo	0	kElO
tean	1	tJn
tean	0	tJn
tien	1	tJn
tien	0	tJn
yangmech	1	yANmEc
yangmech	0	yANmEc
he	1	hE
he	0	hE
ayuchivet	1	AyOcEvEt
ayuchivet	0	AyOcEvEt
ayuchivit	1	AyOcEvEt
ayuchivit	0	AyOcEvEt
toansamay	1	tQnsAmAy
toansamay	0	tQnsAmAy
toansamey	1	tQnsAmEy
toansamey	0	tQnsAmEy
toansamoay	1	tQnsAmQy
toansamoay	0	tQnsAmQy
botsompheah	1	bOtsOmpJ
botsompheah	0	bOtsOmpJh
batsampheasa	1	bAtsAmpJsA
batsampheasa	0	bAtsAmpJsA
batsampheasan	1	bAtsAmpJsAn
batsampheasan	0	bAtsAmpJsAn
botr	1	bOtr
botr	0	bOtr
meateyoubol	1	mJtEyObOl
meateyoubol	0	mJtEyObOl
moteyoubal	1	mOtEyObAl
moteyoubal	0	mOtEyObAl
vithean	1	vEtJn
vithean	0	vEtJn
sakolouk	1	sAkOlOk
sakolouk	0	sAkOlOk
saklolouk	1	sAklOlOk
saklolouk	0	sAklOlOk
athepadey	1	AtEpAdEy
athepadey	0	AtEpAdEy
athibtei	1	AtEbtEy
athibtei	0	AtEbtEy
kdeysongkhem	1	kdEysONkEm
kdeysongkhem	0	kdEysONkEm
kdeisngkhuem	1	kdEysNkEm
kdeisngkhuem	0	kdEysNkEm
kdeisngkhoem	1	kdEysNkEm
kdeisngkhoem	0	kdEysNkEm
chuleaphol	1	cOlJpOl
chuleaphol	0	cOlJpOl
cholphal	1	cOlpAl
cholphal	0	cOlpAl
pikruohyoubol	1	pEkrOhyObOl
pikruohyoubol	0	pEkrOhyObOl
pikruohyoubal	1	pEkrOhyObAl
pikruohyoubal	0	pEkrOhyObAl
pikroahyoubal	1	pEkrQhyObAl
pikroahyoubal	0	pEkrQhyObAl
robong	1	rObON
robong	0	rObON
robang	1	rObAN
robang	0	rObAN
lbat	1	lbAt
lbat	0	lbAt
kongyoutheapul	1	kONyOtJpOl
kongyoutheapul	0	kONyOtJpOl
kangyouthpol	1	kANyOtpOl
kangyouthpol	0	kANyOtpOl
soksontepheap	1	sOksOntEpJp
soksontepheap	0	sOksOntEpJp
sokhsantepheap	1	sOksAntEpJp
sokhsantepheap	0	sOksAntEpJp
hong	1	hON
hong	0	hON
hangs	1	hANs
hangs	0	hANs
meatophum	1	mJtOpOm
meatophum	0	mJtOpOm
meatophumi	1	mJtOpOmE
meatophumi	0	mJtOpOmE
youkyul	1	yOkyOl
youkyul	0	yOkyOl
youkyol	1	yOkyOl
youkyol	0	yOkyOl
reay	1	rJy
reay	0	rJy
somyut	1	sOmyOt
somyut	0	sOmyOt
samyutth	1	sAmyOt
samyutth	0	sAmyOt
thuntheantek	1	tOntJntEk
thuntheantek	0	tOntJntEk
thontheantuek	1	tOntJntEk
thontheantuek	0	tOntJntEk
thontheantoek	1	tOntJntEk
thontheantoek	0	tOntJntEk
phereaveakam	1	pErJvJkAm
phereaveakam	0	pErJvJkAm
pherovkamm	1	pErOvkAm
pherovkamm	0	pErOvkAm
rumloubompean	1	rOmlObOmpJn
rumloubompean	0	rOmlObOmpJn
rumlouphbampean	1	rOmlOpbAmpJn
rumlouphbampean	0	rOmlOpbAmpJn
klahan	1	klAhAn
klahan	0	klAhAn
tbet	1	tbEt
tbet	0	tbEt
dbet	1	dbEt
dbet	0	dbEt
mek	1	mEk
mek	0	mEk
mekh	1	mEk
mekh	0	mEk
chaomchav	1	cOmcAv
chaomchav	0	cOmcAv
chaomchau	1	cOmcO
chaomchau	0	cOmcO
rungvung	1	rONvON
rungvung	0	rONvON
rongvong	1	rONvON
rongvong	0	rONvON
el	1	El
el	0	El
tortovtiet	1	tOtOvtJt
tortovtiet	0	tOtOvtJt
tatovtiet	1	tAtOvtJt
tatovtiet	0	tAtOvtJt
tatoutiet	1	tAtOtJt
tatoutiet	0	tAtOtJt
prolean	1	prOlJn
prolean	0	prOlJn
soumbey	1	sOmbEy
soumbey	0	sOmbEy
soumbei	1	sOmbEy
soumbei	0	sOmbEy
sombei	1	sOmbEy
sombei	0	sOmbEy
chliet	1	clJt
chliet	0	clJt
chhliet	1	clJt
chhliet	0	clJt
tuohsanavoatdey	1	tOhsAnAvQtdEy
tuohsanavoatdey	0	tOhsAnAvQtdEy
tossaneavddei	1	tOsAnJvdEy
tossaneavddei	0	tOsAnJvdEy
blok	1	blOk
blok	0	blOk
plok	1	plOk
plok	0	plOk
putin	1	pOtEn
putin	0	pOtEn
runthut	1	rOntOt
runthut	0	rOntOt
ronthot	1	rOntOt
ronthot	0	rOntOt
otmut	1	OtmOt
otmut	0	OtmOt
atthmot	1	AtmOt
atthmot	0	AtmOt
ukretthakam	1	OkrEtAkAm
ukretthakam	0	OkrEtAkAm
okredthakamm	1	OkrEdtAkAm
okredthakamm	0	OkrEdtAkAm
komlongpel	1	kOmlONpEl
komlongpel	0	kOmlONpEl
kamlongpel	1	kAmlONpEl
kamlongpel	0	kAmlONpEl
chromoh	1	crOmO
chromoh	0	crOmOh
chramuh	1	crAmO
chramuh	0	crAmOh
banhchang	1	bAYcAN
banhchang	0	bAYcAN
sepakam	1	sEpAkAm
sepakam	0	sEpAkAm
sebbakamm	1	sEbAkAm
sebbakamm	0	sEbAkAm
ketepretbondet	1	kEtEprEtbOndEt
ketepretbondet	0	kEtEprEtbOndEt
ketdepruetthobndit	1	kEtdEprEtObndEt
ketdepruetthobndit	0	kEtdEprEtObndEt
ketdeproetthobndit	1	kEtdEprEtObndEt
ketdeproetthobndit	0	kEtdEprEtObndEt
cheatsah	1	cJtsA
cheatsah	0	cJtsAh
cheatesasa	1	cJtEsAsA
cheatesasa	0	cJtEsAsA
cheatesasan	1	cJtEsAsAn
cheatesasan	0	cJtEsAsAn
mech	1	mEc
mech	0	mEc
retae	1	rEtE
retae	0	rEtE
ruettae	1	rEtE
ruettae	0	rEtE
roette	1	rEtE
roette	0	rEtE
suonchba	1	sOncbA
suonchba	0	sOncbA
suonchbar	1	sOncbA
suonchbar	0	sOncbAr
soam	1	sQm
soam	0	sQm
ubaseka	1	ObAsEkA
ubaseka	0	ObAsEkA
obaseka	1	ObAsEkA
obaseka	0	ObAsEkA
chatchaeng	1	cAtcEN
chatchaeng	0	cAtcEN
chatcheng	1	cAtcEN
chatcheng	0	cAtcEN
ptiengptoat	1	ptJNptQt
ptiengptoat	0	ptJNptQt
phtiengphtoat	1	ptJNptQt
phtiengphtoat	0	ptJNptQt
peaksomdey	1	pJksOmdEy
peaksomdey	0	pJksOmdEy
peakyosmdei	1	pJkyOsmdEy
peakyosmdei	0	pJkyOsmdEy
komloh	1	kOmlO
komloh	0	kOmlOh
kamluoh	1	kAmlO
kamluoh	0	kAmlOh
kamloah	1	kAmlQ
kamloah	0	kAmlQh
kbot	1	kbOt
kbot	0	kbOt
kbat	1	kbAt
kbat	0	kbAt
paekkhapheap	1	pEkApJp
paekkhapheap	0	pEkApJp
bekkhapheap	1	bEkApJp
bekkhapheap	0	bEkApJp
pyuh	1	pyO
pyuh	0	pyOh
pyuo	1	pyO
pyuo	0	pyO
pyuor	1	pyO
pyuor	0	pyOr
neakoknha	1	nJkOkYA
neakoknha	0	nJkOkYA
nakoknha	1	nAkOkYA
nakoknha	0	nAkOkYA
kaep	1	kEp
kaep	0	kEp
kaeb	1	kEb
kaeb	0	kEb
keb	1	kEb
keb	0	kEb
bonlah	1	bOnlA
bonlah	0	bOnlAh
banloas	1	bAnlQ
banloas	0	bAnlQs
beysach	1	bEysAc
beysach	0	bEysAc
besach	1	bEsAc
besach	0	bEsAc
pnheak	1	pYJk
pnheak	0	pYJk
phnheak	1	pYJk
phnheak	0	pYJk
kohav	1	kOhAv
kohav	0	kOhAv
kaohhau	1	kOhO
kaohhau	0	kOhO
bontechbontuoch	1	bOntEcbOntOc
bontechbontuoch	0	bOntEcbOntOc
bantechbantuoch	1	bAntEcbAntOc
bantechbantuoch	0	bAntEcbAntOc
vineati	1	vEnJtE
vineati	0	vEnJtE
sonteareakatha	1	sOntJrJkAtA
sonteareakatha	0	sOntJrJkAtA
sontorkatha	1	sOntOkAtA
sontorkatha	0	sOntOkAtA
opor	1	OpO
opor	0	OpOr
abar	1	AbA
abar	0	AbAr
dounpenh	1	dOnpEY
dounpenh	0	dOnpEY
donpenh	1	dOnpEY
donpenh	0	dOnpEY
tovmeul	1	tOvmEl
tovmeul	0	tOvmEl
toumeul	1	tOmEl
toumeul	0	tOmEl
ponpong	1	pOnpON
ponpong	0	pOnpON
ponpang	1	pOnpAN
ponpang	0	pOnpAN
chnang	1	cnAN
chnang	0	cnAN
chhnang	1	cnAN
chhnang	0	cnAN
toteng	1	tOtEN
toteng	0	tOtEN
totueng	1	tOtEN
totueng	0	tOtEN
totoeng	1	tOtEN
totoeng	0	tOtEN
bouchea	1	bOcJ
bouchea	0	bOcJ
bochea	1	bOcJ
bochea	0	bOcJ
pdasay	1	pdAsAy
pdasay	0	pdAsAy
phdasay	1	pdAsAy
phdasay	0	pdAsAy
asana	1	AsAnA
asana	0	AsAnA
asneak	1	AsnJk
asneak	0	AsnJk
asnea	1	AsnJ
asnea	0	AsnJ
charet	1	cArEt
charet	0	cArEt
charit	1	cArEt
charit	0	cArEt
chrolom	1	crOlOm
chrolom	0	crOlOm
chralam	1	crAlAm
chralam	0	crAlAm
lay	1	lAy
lay	0	lAy
cheunleun	1	cEnlEn
cheunleun	0	cEnlEn
choeanloean	1	cEnlEn
choeanloean	0	cEnlEn
daeutuo	1	dEtO
daeutuo	0	dEtO
daeurtuo	1	dEtO
daeurtuo	0	dEtO
proutein	1	prOtEyn
proutein	0	prOtEyn
protein	1	prOtEyn
protein	0	prOtEyn
psayptoal	1	psAyptQl
psayptoal	0	psAyptQl
phsayphtoal	1	psAyptQl
phsayphtoal	0	psAyptQl
pipoareanea	1	pEpQrJnJ
pipoareanea	0	pEpQrJnJ
pipornnea	1	pEpOnJ
pipornnea	0	pEpOnJ
pliengtleak	1	plJNtlJk
pliengtleak	0	plJNtlJk
phliengthleak	1	plJNtlJk
phliengthleak	0	plJNtlJk
mdom	1	mdOm
mdom	0	mdOm
lmom	1	lmOm
lmom	0	lmOm
kongvol	1	kONvOl
kongvol	0	kONvOl
kangvol	1	kANvOl
kangvol	0	kANvOl
chereapheap	1	cErJpJp
chereapheap	0	cErJpJp
cheirpheap	1	cEyrpJp
cheirpheap	0	cEyrpJp
chroktvea	1	crOktvJ
chroktvea	0	crOktvJ
chraktvear	1	crAktvJ
chraktvear	0	crAktvJr
trotrung	1	trOtrON
trotrung	0	trOtrON
trotrong	1	trOtrON
trotrong	0	trOtrON
vityea	1	vEtyJ
vityea	0	vEtyJ
trokoul	1	trOkOl
trokoul	0	trOkOl
trakoul	1	trAkOl
trakoul	0	trAkOl
trakol	1	trAkOl
trakol	0	trAkOl
botthan	1	bOtAn
botthan	0	bOtAn
batdthan	1	bAtdtAn
batdthan	0	bAtdtAn
young	1	yON
young	0	yON
kalatesa	1	kAlAtEsA
kalatesa	0	kAlAtEsA
kaleaktesak	1	kAlJktEsAk
kaleaktesak	0	kAlJktEsAk
kaleatesa	1	kAlJtEsA
kaleatesa	0	kAlJtEsA
chumpeak	1	cOmpJk
chumpeak	0	cOmpJk
pholvibak	1	pOlvEbAk
pholvibak	0	pOlvEbAk
phalvibak	1	pAlvEbAk
phalvibak	0	pAlvEbAk
leakkhanasombat	1	lJkAnAsOmbAt
leakkhanasombat	0	lJkAnAsOmbAt
lokkhanaksambatde	1	lOkAnAksAmbAtdE
lokkhanaksambatde	0	lOkAnAksAmbAtdE
lokkhanasambatde	1	lOkAnAsAmbAtdE
lokkhanasambatde	0	lOkAnAsAmbAtdE
smav	1	smAv
smav	0	smAv
smau	1	smO
smau	0	smO
tlaytnou	1	tlAytnO
tlaytnou	0	tlAytnO
thlaithnour	1	tlAytnO
thlaithnour	0	tlAytnOr
thlaithnor	1	tlAytnO
thlaithnor	0	tlAytnOr
chumnuoyka	1	cOmnOykA
chumnuoyka	0	cOmnOykA
chumnuoykar	1	cOmnOykA
chumnuoykar	0	cOmnOykAr
yesuv	1	yEsOv
yesuv	0	yEsOv
reasmey	1	rJsmEy
reasmey	0	rJsmEy
rosmi	1	rOsmE
rosmi	0	rOsmE
somnol	1	sOmnOl
somnol	0	sOmnOl
samnal	1	sAmnAl
samnal	0	sAmnAl
kraem	1	krEm
kraem	0	krEm
krem	1	krEm
krem	0	krEm
toaltaesoh	1	tQltEsO
toaltaesoh	0	tQltEsOh
toaltaesaoh	1	tQltEsO
toaltaesaoh	0	tQltEsOh
toaltesaoh	1	tQltEsO
toaltesaoh	0	tQltEsOh
prosat	1	prOsAt
prosat	0	prOsAt
pikruoh	1	pEkrO
pikruoh	0	pEkrOh
pikroah	1	pEkrQ
pikroah	0	pEkrQh
yangnakdey	1	yANnAkdEy
yangnakdey	0	yANnAkdEy
yangnakdei	1	yANnAkdEy
yangnakdei	0	yANnAkdEy
ret	1	rEt
ret	0	rEt
ritth	1	rEt
ritth	0	rEt
sampatean	1	sAmpAtJn
sampatean	0	sAmpAtJn
sambatean	1	sAmbAtJn
sambatean	0	sAmbAtJn
sliek	1	slJk
sliek	0	slJk
voung	1	vON
voung	0	vON
vung	1	vON
vung	0	vON
hvoung	1	hvON
hvoung	0	hvON
hvong	1	hvON
hvong	0	hvON
kreungpsom	1	krENpsOm
kreungpsom	0	krENpsOm
kroeangphsam	1	krENpsAm
kroeangphsam	0	krENpsAm
chraeuntae	1	crEntE
chraeuntae	0	crEntE
chraeunte	1	crEntE
chraeunte	0	crEntE
choa	1	cQ
choa	0	cQ
choar	1	cQ
choar	0	cQr
tolyapheap	1	tOlyApJp
tolyapheap	0	tOlyApJp
tolyopheap	1	tOlyOpJp
tolyopheap	0	tOlyOpJp
tnamnhien	1	tnAmYJn
tnamnhien	0	tnAmYJn
thnamnhien	1	tnAmYJn
thnamnhien	0	tnAmYJn
boupea	1	bOpJ
boupea	0	bOpJ
boupear	1	bOpJ
boupear	0	bOpJr
bopear	1	bOpJ
bopear	0	bOpJr
tuolkouk	1	tOlkOk
tuolkouk	0	tOlkOk
retbonteng	1	rEtbOntEN
retbonteng	0	rEtbOntEN
ruetbantoeng	1	rEtbAntEN
ruetbantoeng	0	rEtbAntEN
roetbantoeng	1	rEtbAntEN
roetbantoeng	0	rEtbAntEN
van	1	vAn
van	0	vAn
samathi	1	sAmAtE
samathi	0	sAmAtE
sameathi	1	sAmJtE
sameathi	0	sAmJtE
sromaol	1	srOmOl
sromaol	0	srOmOl
sramoul	1	srAmOl
sramoul	0	srAmOl
aharupakor	1	AhArOpAkO
aharupakor	0	AhArOpAkOr
aharubakro	1	AhArObAkrO
aharubakro	0	AhArObAkrO
aharubakron	1	AhArObAkrOn
aharubakron	0	AhArObAkrOn
chma	1	cmA
chma	0	cmA
chhma	1	cmA
chhma	0	cmA
cheamuntrey	1	cJmOntrEy
cheamuntrey	0	cJmOntrEy
cheamntrei	1	cJmntrEy
cheamntrei	0	cJmntrEy
paemlhaem	1	pEmlhEm
paemlhaem	0	pEmlhEm
phaemlhaem	1	pEmlhEm
phaemlhaem	0	pEmlhEm
phemlhem	1	pEmlhEm
phemlhem	0	pEmlhEm
roatproha	1	rQtprOhA
roatproha	0	rQtprOhA
rodthabrohar	1	rOdtAbrOhA
rodthabrohar	0	rOdtAbrOhAr
rukkhapromanh	1	rOkAprOmAY
rukkhapromanh	0	rOkAprOmAY
rukkhabromoanh	1	rOkAbrOmQY
rukkhabromoanh	0	rOkAbrOmQY
aveakah	1	AvJkA
aveakah	0	AvJkAh
avkas	1	AvkA
avkas	0	AvkAs
eda	1	EdA
eda	0	EdA
edas	1	EdA
edas	0	EdAs
kokvok	1	kOkvOk
kokvok	0	kOkvOk
kakhvok	1	kAkvOk
kakhvok	0	kAkvOk
pakisthan	1	pAkEstAn
pakisthan	0	pAkEstAn
pdaeum	1	pdEm
pdaeum	0	pdEm
phdaeum	1	pdEm
phdaeum	0	pdEm
sngat	1	sNAt
sngat	0	sNAt
stil	1	stEl
stil	0	stEl
kanoamchoul	1	kAnQmcOl
kanoamchoul	0	kAnQmcOl
karnoamchoul	1	kAnQmcOl
karnoamchoul	0	kAnQmcOl
karnoamchol	1	kAnQmcOl
karnoamchol	0	kAnQmcOl
kvol	1	kvOl
kvol	0	kvOl
khval	1	kvAl
khval	0	kvAl
chlat	1	clAt
chlat	0	clAt
chhlat	1	clAt
chhlat	0	clAt
songkruohbontoan	1	sONkrOhbOntQn
songkruohbontoan	0	sONkrOhbOntQn
sangkruohbantoan	1	sANkrOhbAntQn
sangkruohbantoan	0	sANkrOhbAntQn
sangkroahbantoan	1	sANkrQhbAntQn
sangkroahbantoan	0	sANkrQhbAntQn
sonlak	1	sOnlAk
sonlak	0	sOnlAk
sanleak	1	sAnlJk
sanleak	0	sAnlJk
sareyreang	1	sArEyrJN
sareyreang	0	sArEyrJN
sarireangk	1	sArErJNk
sarireangk	0	sArErJNk
phikkho	1	pEkO
phikkho	0	pEkO
leamuok	1	lJmOk
leamuok	0	lJmOk
leamok	1	lJmOk
leamok	0	lJmOk
sopheap	1	sOpJp
sopheap	0	sOpJp
amerikang	1	AmErEkAN
amerikang	0	AmErEkAN
intheu	1	EntE
intheu	0	EntE
inthueu	1	EntE
inthueu	0	EntE
inthoe	1	EntE
inthoe	0	EntE
ehslam	1	EhslAm
ehslam	0	EhslAm
eslam	1	EslAm
eslam	0	EslAm
islam	1	EslAm
islam	0	EslAm
kraok	1	krOk
kraok	0	krOk
chngol	1	cNOl
chngol	0	cNOl
chhngal	1	cNAl
chhngal	0	cNAl
dongkao	1	dONkO
dongkao	0	dONkO
dangkao	1	dANkO
dangkao	0	dANkO
takmav	1	tAkmAv
takmav	0	tAkmAv
takhmau	1	tAkmO
takhmau	0	tAkmO
puchsah	1	pOcsA
puchsah	0	pOcsAh
puchsasa	1	pOcsAsA
puchsasa	0	pOcsAsA
puchsasan	1	pOcsAsAn
puchsasan	0	pOcsAsAn
songvak	1	sONvAk
songvak	0	sONvAk
sangveak	1	sANvJk
sangveak	0	sANvJk
hongda	1	hONdA
hongda	0	hONdA
chomnak	1	cOmnAk
chomnak	0	cOmnAk
chamnak	1	cAmnAk
chamnak	0	cAmnAk
tureakeameaneakum	1	tOrJkJmJnJkOm
tureakeameaneakum	0	tOrJkJmJnJkOm
turkomneakmo	1	tOkOmnJkmO
turkomneakmo	0	tOkOmnJkmO
turkomneakmon	1	tOkOmnJkmOn
turkomneakmon	0	tOkOmnJkmOn
tumne	1	tOmnE
tumne	0	tOmnE
tumner	1	tOmnE
tumner	0	tOmnEr
bongaek	1	bONEk
bongaek	0	bONEk
bangaek	1	bANEk
bangaek	0	bANEk
bangek	1	bANEk
bangek	0	bANEk
pronet	1	prOnEt
pronet	0	prOnEt
pranet	1	prAnEt
pranet	0	prAnEt
sombok	1	sOmbOk
sombok	0	sOmbOk
sambak	1	sAmbAk
sambak	0	sAmbAk
chumtoah	1	cOmtQ
chumtoah	0	cOmtQh
chumtoas	1	cOmtQ
chumtoas	0	cOmtQs
botbaen	1	bOtbEn
botbaen	0	bOtbEn
batbaen	1	bAtbEn
batbaen	0	bAtbEn
batben	1	bAtbEn
batben	0	bAtbEn
bomphoh	1	bOmpO
bomphoh	0	bOmpOh
bamphos	1	bAmpO
bamphos	0	bAmpOs
pyeakor	1	pyJkO
pyeakor	0	pyJkOr
pyeakro	1	pyJkrO
pyeakro	0	pyJkrO
pyeakron	1	pyJkrOn
pyeakron	0	pyJkrOn
sombol	1	sOmbOl
sombol	0	sOmbOl
somtouh	1	sOmtO
somtouh	0	sOmtOh
somtous	1	sOmtO
somtous	0	sOmtOs
thureakech	1	tOrJkEc
thureakech	0	tOrJkEc
thurkechch	1	tOkEc
thurkechch	0	tOkEc
bonguoch	1	bONOc
bonguoch	0	bONOc
banguoch	1	bANOc
banguoch	0	bANOc
pra	1	prA
pra	0	prA
mukdomnaeng	1	mOkdOmnEN
mukdomnaeng	0	mOkdOmnEN
mukhtamnaeng	1	mOktAmnEN
mukhtamnaeng	0	mOktAmnEN
mukhtamneng	1	mOktAmnEN
mukhtamneng	0	mOktAmnEN
samacheksaphea	1	sAmAcEksApJ
samacheksaphea	0	sAmAcEksApJ
sameachikasphea	1	sAmJcEkAspJ
sameachikasphea	0	sAmJcEkAspJ
samasapheap	1	sAmAsApJp
samasapheap	0	sAmAsApJp
sameaspheap	1	sAmJspJp
sameaspheap	0	sAmJspJp
somka	1	sOmkA
somka	0	sOmkA
somkar	1	sOmkA
somkar	0	sOmkAr
sechkdeysok	1	sEckdEysOk
sechkdeysok	0	sEckdEysOk
sechkdeisokh	1	sEckdEysOk
sechkdeisokh	0	sEckdEysOk
ayukal	1	AyOkAl
ayukal	0	AyOkAl
irak	1	ErAk
irak	0	ErAk
dengchbah	1	dENcbA
dengchbah	0	dENcbAh
doengchbas	1	dENcbA
doengchbas	0	dENcbAs
pathomaseksa	1	pAtOmAsEksA
pathomaseksa	0	pAtOmAsEksA
bathmoseksa	1	bAtmOsEksA
bathmoseksa	0	bAtmOsEksA
lep	1	lEp
lep	0	lEp
leb	1	lEb
leb	0	lEb
srak	1	srAk
srak	0	srAk
avuthat	1	AvOtAt
avuthat	0	AvOtAt
avuthhatth	1	AvOthAt
avuthhatth	0	AvOthAt
klangpek	1	klANpEk
klangpek	0	klANpEk
khlangpek	1	klANpEk
khlangpek	0	klANpEk
chranchaol	1	crAncOl
chranchaol	0	crAncOl
chhupsomrak	1	cOpsOmrAk
chhupsomrak	0	cOpsOmrAk
chhobsamreak	1	cObsAmrJk
chhobsamreak	0	cObsAmrJk
baektleay	1	bEktlJy
baektleay	0	bEktlJy
baekthleay	1	bEktlJy
baekthleay	0	bEktlJy
bekthleay	1	bEktlJy
bekthleay	0	bEktlJy
punleun	1	pOnlEn
punleun	0	pOnlEn
ponloean	1	pOnlEn
ponloean	0	pOnlEn
roteh	1	rOtE
roteh	0	rOtEh
laengleah	1	lENlJ
laengleah	0	lENlJh
lengleah	1	lENlJ
lengleah	0	lENlJh
sena	1	sEnA
sena	0	sEnA
senea	1	sEnJ
senea	0	sEnJ
sdaeung	1	sdEN
sdaeung	0	sdEN
atapulek	1	AtApOlEk
atapulek	0	AtApOlEk
atdaplik	1	AtdAplEk
atdaplik	0	AtdAplEk
kamakarini	1	kAmAkArEnE
kamakarini	0	kAmAkArEnE
kammokarini	1	kAmOkArEnE
kammokarini	0	kAmOkArEnE
kalna	1	kAlnA
kalna	0	kAlnA
chleanpean	1	clJnpJn
chleanpean	0	clJnpJn
chhleanpean	1	clJnpJn
chhleanpean	0	clJnpJn
bangponth	1	bANpOnt
bangponth	0	bANpOnt
anusavri	1	AnOsAvrE
anusavri	0	AnOsAvrE
anussavri	1	AnOsAvrE
anussavri	0	AnOsAvrE
anussavriy	1	AnOsAvrEy
anussavriy	0	AnOsAvrEy
keanaroatmuntrey	1	kJnArQtmOntrEy
keanaroatmuntrey	0	kJnArQtmOntrEy
konakrodthamntrei	1	kOnAkrOdtAmntrEy
konakrodthamntrei	0	kOnAkrOdtAmntrEy
konarodthamntrei	1	kOnArOdtAmntrEy
konarodthamntrei	0	kOnArOdtAmntrEy
chuonkal	1	cOnkAl
chuonkal	0	cOnkAl
domloung	1	dOmlON
domloung	0	dOmlON
damloung	1	dAmlON
damloung	0	dAmlON
damlong	1	dAmlON
damlong	0	dAmlON
chomnam	1	cOmnAm
chomnam	0	cOmnAm
chamnam	1	cAmnAm
chamnam	0	cAmnAm
pdachmuk	1	pdAcmOk
pdachmuk	0	pdAcmOk
phdachmukh	1	pdAcmOk
phdachmukh	0	pdAcmOk
sameakipheap	1	sAmJkEpJp
sameakipheap	0	sAmJkEpJp
samokkipheap	1	sAmOkEpJp
samokkipheap	0	sAmOkEpJp
sma	1	smA
sma	0	smA
chomlak	1	cOmlAk
chomlak	0	cOmlAk
chamleak	1	cAmlJk
chamleak	0	cAmlJk
chbaompov	1	cbOmpOv
chbaompov	0	cbOmpOv
chbarampov	1	cbArAmpOv
chbarampov	0	cbArAmpOv
chbarampou	1	cbArAmpO
chbarampou	0	cbArAmpO
nhuhnhung	1	YOhYON
nhuhnhung	0	YOhYON
nhuhnhong	1	YOhYON
nhuhnhong	0	YOhYON
daeumkomnaeut	1	dEmkOmnEt
daeumkomnaeut	0	dEmkOmnEt
daeumkamnaeut	1	dEmkAmnEt
daeumkamnaeut	0	dEmkAmnEt
nealeka	1	nJlEkA
nealeka	0	nJlEkA
padevoat	1	pAdEvQt
padevoat	0	pAdEvQt
badevotda	1	bAdEvOtdA
badevotda	0	bAdEvOtdA
badevotdan	1	bAdEvOtdAn
badevotdan	0	bAdEvOtdAn
bompul	1	bOmpOl
bompul	0	bOmpOl
bampul	1	bAmpOl
bampul	0	bAmpOl
somrok	1	sOmrOk
somrok	0	sOmrOk
samrok	1	sAmrOk
samrok	0	sAmrOk
samruk	1	sAmrOk
samruk	0	sAmrOk
cheungtek	1	cENtEk
cheungtek	0	cENtEk
cheungtuek	1	cENtEk
cheungtuek	0	cENtEk
cheungtoek	1	cENtEk
cheungtoek	0	cENtEk
plak	1	plAk
plak	0	plAk
phlak	1	plAk
phlak	0	plAk
psapchoap	1	psApcQp
psapchoap	0	psApcQp
phsarphchoab	1	psApcQb
phsarphchoab	0	psApcQb
meulthae	1	mEltE
meulthae	0	mEltE
meulthe	1	mEltE
meulthe	0	mEltE
sahakren	1	sAhAkrEn
sahakren	0	sAhAkrEn
sahkrin	1	sAhkrEn
sahkrin	0	sAhkrEn
oamoun	1	QmOn
oamoun	0	QmOn
armoun	1	AmOn
armoun	0	AmOn
armon	1	AmOn
armon	0	AmOn
kheatakam	1	kJtAkAm
kheatakam	0	kJtAkAm
kheatkamm	1	kJtkAm
kheatkamm	0	kJtkAm
chomnatka	1	cOmnAtkA
chomnatka	0	cOmnAtkA
chamnatkar	1	cAmnAtkA
chamnatkar	0	cAmnAtkAr
bomnaek	1	bOmnEk
bomnaek	0	bOmnEk
bamnaek	1	bAmnEk
bamnaek	0	bAmnEk
bamnek	1	bAmnEk
bamnek	0	bAmnEk
roleay	1	rOlJy
roleay	0	rOlJy
leangsomat	1	lJNsOmAt
leangsomat	0	lJNsOmAt
leangsamat	1	lJNsAmAt
leangsamat	0	lJNsAmAt
vivoat	1	vEvQt
vivoat	0	vEvQt
vivott	1	vEvOt
vivott	0	vEvOt
dohdou	1	dOhdO
dohdou	0	dOhdO
daohdour	1	dOhdO
daohdour	0	dOhdOr
daohdor	1	dOhdO
daohdor	0	dOhdOr
akapakereya	1	AkApAkErEyA
akapakereya	0	AkApAkErEyA
akabbakeriyea	1	AkAbAkErEyJ
akabbakeriyea	0	AkAbAkErEyJ
roatn	1	rQtn
roatn	0	rQtn
heranhpatean	1	hErAYpAtJn
heranhpatean	0	hErAYpAtJn
heronhnhobbatean	1	hErOYObAtJn
heronhnhobbatean	0	hErOYObAtJn
asit	1	AsEt
asit	0	AsEt
denhtlay	1	dEYtlAy
denhtlay	0	dEYtlAy
denhthlai	1	dEYtlAy
denhthlai	0	dEYtlAy
parebot	1	pArEbOt
parebot	0	pArEbOt
baribat	1	bArEbAt
baribat	0	bArEbAt
baeutuohbey	1	bEtOhbEy
baeutuohbey	0	bEtOhbEy
baeutuohbei	1	bEtOhbEy
baeutuohbei	0	bEtOhbEy
baeutoahbei	1	bEtQhbEy
baeutoahbei	0	bEtQhbEy
punda	1	pOndA
punda	0	pOndA
ponthodar	1	pOntOdA
ponthodar	0	pOntOdAr
konsaeng	1	kOnsEN
konsaeng	0	kOnsEN
kansaeng	1	kAnsEN
kansaeng	0	kAnsEN
kanseng	1	kAnsEN
kanseng	0	kAnsEN
khaoav	1	kAOAv
khaoav	0	kAOAv
kroan	1	krQn
kroan	0	krQn
bomplaeng	1	bOmplEN
bomplaeng	0	bOmplEN
bamplaeng	1	bAmplEN
bamplaeng	0	bAmplEN
bampleng	1	bAmplEN
bampleng	0	bAmplEN
mat	1	mAt
mat	0	mAt
veayluk	1	vJylOk
veayluk	0	vJylOk
songkot	1	sONkOt
songkot	0	sONkOt
chhapchheh	1	cApcE
chhapchheh	0	cApcEh
chhabchheh	1	cAbcE
chhabchheh	0	cAbcEh
chuplieng	1	cOplJN
chuplieng	0	cOplJN
choblieng	1	cOblJN
choblieng	0	cOblJN
praeutnam	1	prEtnAm
praeutnam	0	prEtnAm
praeuthnam	1	prEtnAm
praeuthnam	0	prEtnAm
leukstuoy	1	lEkstOy
leukstuoy	0	lEkstOy
somboubaep	1	sOmbObEp
somboubaep	0	sOmbObEp
sambourbaeb	1	sAmbObEb
sambourbaeb	0	sAmbObEb
samborbeb	1	sAmbObEb
samborbeb	0	sAmbObEb
sday	1	sdAy
sday	0	sdAy
fen	1	fEn
fen	0	fEn
hven	1	hvEn
hven	0	hvEn
treymeah	1	trEymJ
treymeah	0	trEymJh
treimeas	1	trEymJ
treimeas	0	trEymJs
tibonhchop	1	tEbOYcOp
tibonhchop	0	tEbOYcOp
tibnhchab	1	tEbYcAb
tibnhchab	0	tEbYcAb
srong	1	srON
srong	0	srON
srang	1	srAN
srang	0	srAN
komral	1	kOmrAl
komral	0	kOmrAl
kamreal	1	kAmrJl
kamreal	0	kAmrJl
chluoh	1	clO
chluoh	0	clOh
chhluoh	1	clO
chhluoh	0	clOh
chhloah	1	clQ
chhloah	0	clQh
tnaot	1	tnOt
tnaot	0	tnOt
tkaoltouh	1	tkOltO
tkaoltouh	0	tkOltOh
thkaoltous	1	tkOltO
thkaoltous	0	tkOltOs
lingk	1	lENk
lingk	0	lENk
somliek	1	sOmlJk
somliek	0	sOmlJk
samliek	1	sAmlJk
samliek	0	sAmlJk
utdormeanchey	1	OtdOmJncEy
utdormeanchey	0	OtdOmJncEy
otdarmeanchey	1	OtdAmJncEy
otdarmeanchey	0	OtdAmJncEy
otdarmeanchoay	1	OtdAmJncQy
otdarmeanchoay	0	OtdAmJncQy
kotra	1	kOtrA
kotra	0	kOtrA
kattra	1	kAtrA
kattra	0	kAtrA
kadou	1	kAdO
kadou	0	kAdO
kado	1	kAdO
kado	0	kAdO
kare	1	kArE
kare	0	kArE
thoy	1	tOy
thoy	0	tOy
tngaytrong	1	tNAytrON
tngaytrong	0	tNAytrON
thngaitrong	1	tNAytrON
thngaitrong	0	tNAytrON
totuch	1	tOtOc
totuch	0	tOtOc
nihsay	1	nEhsAy
nihsay	0	nEhsAy
nissai	1	nEsAy
nissai	0	nEsAy
nissay	1	nEsAy
nissay	0	nEsAy
sahav	1	sAhAv
sahav	0	sAhAv
chomkamon	1	cOmkAmOn
chomkamon	0	cOmkAmOn
chamkarmon	1	cAmkAmOn
chamkarmon	0	cAmkAmOn
praley	1	prAlEy
praley	0	prAlEy
praloay	1	prAlQy
praloay	0	prAlQy
prachnha	1	prAcYA
prachnha	0	prAcYA
prachnhea	1	prAcYJ
prachnhea	0	prAcYJ
prasray	1	prAsrAy
prasray	0	prAsrAy
prasrai	1	prAsrAy
prasrai	0	prAsrAy
pea	1	pJ
pea	0	pJ
somphoah	1	sOmpQ
somphoah	0	sOmpQh
samphass	1	sAmpAs
samphass	0	sAmpAs
koksteah	1	kOkstJ
koksteah	0	kOkstJh
kaksteah	1	kAkstJ
kaksteah	0	kAkstJh
donghae	1	dONhE
donghae	0	dONhE
danghae	1	dANhE
danghae	0	dANhE
danghe	1	dANhE
danghe	0	dANhE
daeuleng	1	dElEN
daeuleng	0	dElEN
daeurleng	1	dElEN
daeurleng	0	dElEN
bap	1	bAp
bap	0	bAp
bab	1	bAb
bab	0	bAb
pungreay	1	pONrJy
pungreay	0	pONrJy
pongreay	1	pONrJy
pongreay	0	pONrJy
lumnouthan	1	lOmnOtAn
lumnouthan	0	lOmnOtAn
komtech	1	kOmtEc
komtech	0	kOmtEc
kamtech	1	kAmtEc
kamtech	0	kAmtEc
tri	1	trE
tri	0	trE
prochamkhae	1	prOcAmkE
prochamkhae	0	prOcAmkE
prachamkhae	1	prAcAmkE
prachamkhae	0	prAcAmkE
prachamkhe	1	prAcAmkE
prachamkhe	0	prAcAmkE
pdachka	1	pdAckA
pdachka	0	pdAckA
phdachkar	1	pdAckA
phdachkar	0	pdAckAr
mungkulka	1	mONkOlkA
mungkulka	0	mONkOlkA
mongkolkar	1	mONkOlkA
mongkolkar	0	mONkOlkAr
mekhum	1	mEkOm
mekhum	0	mEkOm
lumnoam	1	lOmnQm
lumnoam	0	lOmnQm
seneyaek	1	sEnEyEk
seneyaek	0	sEnEyEk
seniyek	1	sEnEyEk
seniyek	0	sEnEyEk
seniaek	1	sEnEAEk
seniaek	0	sEnEAEk
akeasnongka	1	AkJsnONkA
akeasnongka	0	AkJsnONkA
akkosnongkar	1	AkOsnONkA
akkosnongkar	0	AkOsnONkAr
ayaka	1	AyAkA
ayaka	0	AyAkA
ayyokar	1	AyOkA
ayyokar	0	AyOkAr
ereyabot	1	ErEyAbOt
ereyabot	0	ErEyAbOt
eriyeabath	1	ErEyJbAt
eriyeabath	0	ErEyJbAt
utoniyum	1	OtOnEyOm
utoniyum	0	OtOnEyOm
otoniyom	1	OtOnEyOm
otoniyom	0	OtOnEyOm
kromom	1	krOmOm
kromom	0	krOmOm
kramum	1	krAmOm
kramum	0	krAmOm
choapchaot	1	cQpcOt
choapchaot	0	cQpcOt
choabchaot	1	cQbcOt
choabchaot	0	cQbcOt
trehsdey	1	trEhsdEy
trehsdey	0	trEhsdEy
tresdey	1	trEsdEy
tresdey	0	trEsdEy
truesdei	1	trEsdEy
truesdei	0	trEsdEy
troesdei	1	trEsdEy
troesdei	0	trEsdEy
bonlom	1	bOnlOm
bonlom	0	bOnlOm
banlum	1	bAnlOm
banlum	0	bAnlOm
prosenchea	1	prOsEncJ
prosenchea	0	prOsEncJ
prasenchea	1	prAsEncJ
prasenchea	0	prAsEncJ
yuksamay	1	yOksAmAy
yuksamay	0	yOksAmAy
yukosmey	1	yOkOsmEy
yukosmey	0	yOkOsmEy
yukosmoay	1	yOkOsmQy
yukosmoay	0	yOkOsmQy
rani	1	rAnE
rani	0	rAnE
lornah	1	lOnA
lornah	0	lOnAh
lanas	1	lAnA
lanas	0	lAnAs
soutr	1	sOtr
soutr	0	sOtr
sotr	1	sOtr
sotr	0	sOtr
koampea	1	kQmpJ
koampea	0	kQmpJ
koampear	1	kQmpJ
koampear	0	kQmpJr
tunlesap	1	tOnlEsAp
tunlesap	0	tOnlEsAp
tonlesab	1	tOnlEsAb
tonlesab	0	tOnlEsAb
pheksi	1	pEksE
pheksi	0	pEksE
phoeksi	1	pEksE
phoeksi	0	pEksE
phaenti	1	pEntE
phaenti	0	pEntE
phenti	1	pEntE
phenti	0	pEntE
mokmleh	1	mOkmlE
mokmleh	0	mOkmlEh
roka	1	rOkA
roka	0	rOkA
repouh	1	rEpO
repouh	0	rEpOh
ruebous	1	rEbO
ruebous	0	rEbOs
roebos	1	rEbO
roebos	0	rEbOs
vinichchhay	1	vEnEcAy
vinichchhay	0	vEnEcAy
vinichchhai	1	vEnEcAy
vinichchhai	0	vEnEcAy
domkol	1	dOmkOl
domkol	0	dOmkOl
tamkal	1	tAmkAl
tamkal	0	tAmkAl
tina	1	tEnA
tina	0	tEnA
preahput	1	prJhpOt
preahput	0	prJhpOt
preahputth	1	prJhpOt
preahputth	0	prJhpOt
sastr	1	sAstr
sastr	0	sAstr
srabie	1	srAbJ
srabie	0	srAbJ
srabier	1	srAbJ
srabier	0	srAbJr
akosol	1	AkOsOl
akosol	0	AkOsOl
akosal	1	AkOsAl
akosal	0	AkOsAl
anapyeabal	1	AnApyJbAl
anapyeabal	0	AnApyJbAl
tiprochumchun	1	tEprOcOmcOn
tiprochumchun	0	tEprOcOmcOn
tibrochumchon	1	tEbrOcOmcOn
tibrochumchon	0	tEbrOcOmcOn
bompon	1	bOmpOn
bompon	0	bOmpOn
bampan	1	bAmpAn
bampan	0	bAmpAn
pteymuk	1	ptEymOk
pteymuk	0	ptEymOk
phteymukh	1	ptEymOk
phteymukh	0	ptEymOk
uk	1	Ok
uk	0	Ok
kropenh	1	krOpEY
kropenh	0	krOpEY
krapenh	1	krApEY
krapenh	0	krApEY
nitean	1	nEtJn
nitean	0	nEtJn
bovorkanha	1	bOvOkAYA
bovorkanha	0	bOvOkAYA
bavrokanhnhea	1	bAvrOkAYJ
bavrokanhnhea	0	bAvrOkAYJ
sakde	1	sAkdE
sakde	0	sAkdE
ateparama	1	AtEpArAmA
ateparama	0	AtEpArAmA
atebarmea	1	AtEbAmJ
atebarmea	0	AtEbAmJ
cheungchah	1	cENcA
cheungchah	0	cENcAh
cheungchas	1	cENcA
cheungchas	0	cENcAs
patokor	1	pAtOkO
patokor	0	pAtOkOr
batokar	1	bAtOkA
batokar	0	bAtOkAr
sboun	1	sbOn
sboun	0	sbOn
sbon	1	sbOn
sbon	0	sbOn
kheat	1	kJt
kheat	0	kJt
tetthaka	1	tEtAkA
tetthaka	0	tEtAkA
tidthakar	1	tEdtAkA
tidthakar	0	tEdtAkAr
prokankchoap	1	prOkAnkcQp
prokankchoap	0	prOkAnkcQp
prakankhchoab	1	prAkAnkcQb
prakankhchoab	0	prAkAnkcQb
selathoa	1	sElAtQ
selathoa	0	sElAtQ
seilthorm	1	sEyltOm
seilthorm	0	sEyltOm
khemboudea	1	kEmbOdJ
khemboudea	0	kEmbOdJ
khembodea	1	kEmbOdJ
khembodea	0	kEmbOdJ
tey	1	tEy
tey	0	tEy
tei	1	tEy
tei	0	tEy
baokprah	1	bOkprA
baokprah	0	bOkprAh
baokpras	1	bOkprA
baokpras	0	bOkprAs
paem	1	pEm
paem	0	pEm
phaem	1	pEm
phaem	0	pEm
phem	1	pEm
phem	0	pEm
preylong	1	prEylON
preylong	0	prEylON
preylang	1	prEylAN
preylang	0	prEylAN
ream	1	rJm
ream	0	rJm
ongkorvoat	1	ONkOvQt
ongkorvoat	0	ONkOvQt
angkorvott	1	ANkOvOt
angkorvott	0	ANkOvOt
atakheat	1	AtAkJt
atakheat	0	AtAkJt
atdakheat	1	AtdAkJt
atdakheat	0	AtdAkJt
kbach	1	kbAc
kbach	0	kbAc
dombounmean	1	dOmbOnmJn
dombounmean	0	dOmbOnmJn
dambounmean	1	dAmbOnmJn
dambounmean	0	dAmbOnmJn
dambonmean	1	dAmbOnmJn
dambonmean	0	dAmbOnmJn
meada	1	mJdA
meada	0	mJdA
meata	1	mJtA
meata	0	mJtA
muksanha	1	mOksAYA
muksanha	0	mOksAYA
mukhsanhnhea	1	mOksAYJ
mukhsanhnhea	0	mOksAYJ
kaetumrung	1	kEtOmrON
kaetumrung	0	kEtOmrON
kaetmrong	1	kEtmrON
kaetmrong	0	kEtmrON
ketmrong	1	kEtmrON
ketmrong	0	kEtmrON
bonalay	1	bOnAlAy
bonalay	0	bOnAlAy
bannaley	1	bAnAlEy
bannaley	0	bAnAlEy
bannaloay	1	bAnAlQy
bannaloay	0	bAnAlQy
vila	1	vElA
vila	0	vElA
daeumtun	1	dEmtOn
daeumtun	0	dEmtOn
pumtoan	1	pOmtQn
pumtoan	0	pOmtQn
visaotheaneakam	1	vEsOtJnJkAm
visaotheaneakam	0	vEsOtJnJkAm
visaothonkamm	1	vEsOtOnkAm
visaothonkamm	0	vEsOtOnkAm
seyhanu	1	sEyhAnO
seyhanu	0	sEyhAnO
seihnu	1	sEyhnO
seihnu	0	sEyhnO
ezip	1	EzEp
ezip	0	EzEp
ehsib	1	EhsEb
ehsib	0	EhsEb
komray	1	kOmrAy
komray	0	kOmrAy
kamrey	1	kAmrEy
kamrey	0	kAmrEy
pchumben	1	pcOmbEn
pchumben	0	pcOmbEn
phchumbend	1	pcOmbEnd
phchumbend	0	pcOmbEnd
romoah	1	rOmQ
romoah	0	rOmQh
romoas	1	rOmQ
romoas	0	rOmQs
ruhreu	1	rOhrE
ruhreu	0	rOhrE
lvaeng	1	lvEN
lvaeng	0	lvEN
lveng	1	lvEN
lveng	0	lvEN
vechea	1	vEcJ
vechea	0	vEcJ
vichchea	1	vEcJ
vichchea	0	vEcJ
sechsi	1	sEcsE
sechsi	0	sEcsE
za	1	zA
za	0	zA
hsa	1	hsA
hsa	0	hsA
kapal	1	kApAl
kapal	0	kApAl
kehathan	1	kEhAtAn
kehathan	0	kEhAtAn
kehdthan	1	kEhdtAn
kehdthan	0	kEhdtAn
phumpheak	1	pOmpJk
phumpheak	0	pOmpJk
phumipheak	1	pOmEpJk
phumipheak	0	pOmEpJk
houlong	1	hOlON
houlong	0	hOlON
houlang	1	hOlAN
houlang	0	hOlAN
holang	1	hOlAN
holang	0	hOlAN
keananea	1	kJnAnJ
keananea	0	kJnAnJ
konnea	1	kOnJ
konnea	0	kOnJ
chundaeu	1	cOndE
chundaeu	0	cOndE
chondaeur	1	cOndE
chondaeur	0	cOndEr
baebot	1	bEbOt
baebot	0	bEbOt
baebbat	1	bEbAt
baebbat	0	bEbAt
bebbat	1	bEbAt
bebbat	0	bEbAt
masa	1	mAsA
masa	0	mAsA
massa	1	mAsA
massa	0	mAsA
yeay	1	yJy
yeay	0	yJy
soborohsathoa	1	sObOrOhsAtQ
soborohsathoa	0	sObOrOhsAtQ
sabborosthorm	1	sAbOrOstOm
sabborosthorm	0	sAbOrOstOm
setavimean	1	sEtAvEmJn
setavimean	0	sEtAvEmJn
setvimean	1	sEtvEmJn
setvimean	0	sEtvEmJn
sehsol	1	sEhsOl
sehsol	0	sEhsOl
sessal	1	sEsAl
sessal	0	sEsAl
acha	1	AcA
acha	0	AcA
achary	1	AcAy
achary	0	AcAy
khondou	1	kOndO
khondou	0	kOndO
khondo	1	kOndO
khondo	0	kOndO
kmaoch	1	kmOc
kmaoch	0	kmOc
khmaoch	1	kmOc
khmaoch	0	kmOc
cheak	1	cJk
cheak	0	cJk
talibong	1	tAlEbON
talibong	0	tAlEbON
talibang	1	tAlEbAN
talibang	0	tAlEbAN
bondoh	1	bOndO
bondoh	0	bOndOh
bandoh	1	bAndO
bandoh	0	bAndOh
bakteri	1	bAktErE
bakteri	0	bAktErE
balteah	1	bAltJ
balteah	0	bAltJh
prampi	1	prAmpE
prampi	0	prAmpE
prampir	1	prAmpE
prampir	0	prAmpEr
ruopruom	1	rOprOm
ruopruom	0	rOprOm
ruobruom	1	rObrOm
ruobruom	0	rObrOm
saharey	1	sAhArEy
saharey	0	sAhArEy
sahkari	1	sAhkArE
sahkari	0	sAhkArE
sopuleapheap	1	sOpOlJpJp
sopuleapheap	0	sOpOlJpJp
sopolpheap	1	sOpOlpJp
sopolpheap	0	sOpOlpJp
seney	1	sEnEy
seney	0	sEnEy
seniy	1	sEnEy
seniy	0	sEnEy
seni	1	sEnE
seni	0	sEnE
prokaek	1	prOkEk
prokaek	0	prOkEk
prakaek	1	prAkEk
prakaek	0	prAkEk
prakek	1	prAkEk
prakek	0	prAkEk
saeuch	1	sEc
saeuch	0	sEc
uhsa	1	OhsA
uhsa	0	OhsA
ossa	1	OsA
ossa	0	OsA
ossah	1	OsA
ossah	0	OsAh
cheyleaphi	1	cEylJpE
cheyleaphi	0	cEylJpE
choayleaphi	1	cQylJpE
choayleaphi	0	cQylJpE
veariakisani	1	vJrJkEsAnE
veariakisani	0	vJrJkEsAnE
veariakkisni	1	vJrJkEsnE
veariakkisni	0	vJrJkEsnE
avyeut	1	AvyEt
avyeut	0	AvyEt
avyueut	1	AvyEt
avyueut	0	AvyEt
avyoet	1	AvyEt
avyoet	0	AvyEt
chongkran	1	cONkrAn
chongkran	0	cONkrAn
changkran	1	cANkrAn
changkran	0	cANkrAn
menbach	1	mEnbAc
menbach	0	mEnbAc
minbach	1	mEnbAc
minbach	0	mEnbAc
ruochphot	1	rOcpOt
ruochphot	0	rOcpOt
krolekmeul	1	krOlEkmEl
krolekmeul	0	krOlEkmEl
kralekmeul	1	krAlEkmEl
kralekmeul	0	krAlEkmEl
domrong	1	dOmrON
domrong	0	dOmrON
tamrong	1	tAmrON
tamrong	0	tAmrON
tamleung	1	tAmlEN
tamleung	0	tAmlEN
momeanhek	1	mOmJYEk
momeanhek	0	mOmJYEk
momeanhuek	1	mOmJYEk
momeanhuek	0	mOmJYEk
momeanhoek	1	mOmJYEk
momeanhoek	0	mOmJYEk
mreamday	1	mrJmdAy
mreamday	0	mrJmdAy
mreamdai	1	mrJmdAy
mreamdai	0	mrJmdAy
stengmeanchey	1	stENmJncEy
stengmeanchey	0	stENmJncEy
stuengmeanchey	1	stENmJncEy
stuengmeanchey	0	stENmJncEy
stoengmeanchoay	1	stENmJncQy
stoengmeanchoay	0	stENmJncQy
thuli	1	tOlE
thuli	0	tOlE
pasifek	1	pAsEfEk
pasifek	0	pAsEfEk
pasihvek	1	pAsEhvEk
pasihvek	0	pAsEhvEk
piset	1	pEsEt
piset	0	pEsEt
pisedth	1	pEsEdt
pisedth	0	pEsEdt
pluoh	1	plO
pluoh	0	plOh
phluoh	1	plO
phluoh	0	plOh
phloah	1	plQ
phloah	0	plQh
songkumokech	1	sONkOmOkEc
songkumokech	0	sONkOmOkEc
sangkomkechch	1	sANkOmkEc
sangkomkechch	0	sANkOmkEc
vekveun	1	vEkvEn
vekveun	0	vEkvEn
hvoekhveun	1	hvEkvEn
hvoekhveun	0	hvEkvEn
hvoekhvoen	1	hvEkvEn
hvoekhvoen	0	hvEkvEn
chnay	1	cnAy
chnay	0	cnAy
chnai	1	cnAy
chnai	0	cnAy
dokchenh	1	dOkcEY
dokchenh	0	dOkcEY
dakchenh	1	dAkcEY
dakchenh	0	dAkcEY
yean	1	yJn
yean	0	yJn
asayatthan	1	AsAyAtAn
asayatthan	0	AsAyAtAn
asyodthan	1	AsyOdtAn
asyodthan	0	AsyOdtAn
kriemkrom	1	krJmkrOm
kriemkrom	0	krJmkrOm
kriemkram	1	krJmkrAm
kriemkram	0	krJmkrAm
krip	1	krEp
krip	0	krEp
krib	1	krEb
krib	0	krEb
banhchoh	1	bAYcO
banhchoh	0	bAYcOh
pdaotsomkhan	1	pdOtsOmkAn
pdaotsomkhan	0	pdOtsOmkAn
phdaotsamkhan	1	pdOtsAmkAn
phdaotsamkhan	0	pdOtsAmkAn
for	1	fO
for	0	fOr
hva	1	hvA
hva	0	hvA
krouch	1	krOc
krouch	0	krOc
kroch	1	krOc
kroch	0	krOc
klinik	1	klEnEk
klinik	0	klEnEk
protebatkor	1	prOtEbAtkO
protebatkor	0	prOtEbAtkOr
pteahbay	1	ptJhbAy
pteahbay	0	ptJhbAy
phteahbay	1	ptJhbAy
phteahbay	0	ptJhbAy
phoakde	1	pQkdE
phoakde	0	pQkdE
plaepka	1	plEpkA
plaepka	0	plEpkA
phlaephka	1	plEpkA
phlaephka	0	plEpkA
phlephka	1	plEpkA
phlephka	0	plEpkA
proleng	1	prOlEN
proleng	0	prOlEN
prolueng	1	prOlEN
prolueng	0	prOlEN
proloeng	1	prOlEN
proloeng	0	prOlEN
songha	1	sONhA
songha	0	sONhA
sangha	1	sANhA
sangha	0	sANhA
dub	1	dOb
dub	0	dOb
liv	1	lEv
liv	0	lEv
setsereypheap	1	sEtsErEypJp
setsereypheap	0	sEtsErEypJp
setthiseripheap	1	sEtEsErEpJp
setthiseripheap	0	sEtEsErEpJp
sokhon	1	sOkOn
sokhon	0	sOkOn
daoyday	1	dOydAy
daoyday	0	dOydAy
daoydai	1	dOydAy
daoydai	0	dOydAy
tampetov	1	tAmpEtOv
tampetov	0	tAmpEtOv
tampittov	1	tAmpEtOv
tampittov	0	tAmpEtOv
tampittou	1	tAmpEtO
tampittou	0	tAmpEtO
bouksarop	1	bOksArOp
bouksarop	0	bOksArOp
boukasrub	1	bOkAsrOb
boukasrub	0	bOkAsrOb
bokasrub	1	bOkAsrOb
bokasrub	0	bOkAsrOb
vongs	1	vONs
vongs	0	vONs
streh	1	strE
streh	0	strEh
stres	1	strE
stres	0	strEs
kohok	1	kOhOk
kohok	0	kOhOk
kohak	1	kOhAk
kohak	0	kOhAk
krompreksaphibal	1	krOmprEksApEbAl
krompreksaphibal	0	krOmprEksApEbAl
kromproeksaphibal	1	krOmprEksApEbAl
kromproeksaphibal	0	krOmprEksApEbAl
choapkeang	1	cQpkJN
choapkeang	0	cQpkJN
choabkeang	1	cQbkJN
choabkeang	0	cQbkJN
khlean	1	klJn
khlean	0	klJn
chhkuot	1	ckOt
chhkuot	0	ckOt
suosdei	1	sOsdEy
suosdei	0	sOsdEy
sokhsabbay	1	sOksAbAy
sokhsabbay	0	sOksAbAy
otey	1	OtEy
otey	0	OtEy
atei	1	AtEy
atei	0	AtEy
avey	1	AvEy
avey	0	AvEy
nhom	1	YOm
nhom	0	YOm
bros	1	brO
bros	0	brOs
	1	
	0	
l'â	1	lA
l'â	0	lA
sabai	1	sAbAy
sabai	0	sAbAy
dar	1	dA
dar	0	dAr
œ	1	E
œ	0	E
