# word	style	romanization
បាន	chat	ban
បាន	ungegn	ban
ការ	chat	kar
ការ	ungegn	kar
និង	chat	ning
និង	ungegn	nĭng
ដែល	chat	dael
ដែល	ungegn	dêl
ក្នុង	chat	knong
ក្នុង	ungegn	knŏng
មាន	chat	mean
មាន	ungegn	méan
នៅ	chat	nov
នៅ	ungegn	nŏu
របស់	chat	robas
របស់	ungegn	rôbás
អ្នក	chat	nak
អ្នក	ungegn	'nâk
នេះ	chat	neh
នេះ	ungegn	néh
ជា	chat	chea
ជា	ungegn	chéa
ថា	chat	tha
ថា	ungegn	tha
លោក	chat	louk
លោក	ungegn	loŭk
នឹង	chat	nueng
នឹង	ungegn	nœ̆ng
ដោយ	chat	daoy
ដោយ	ungegn	daôy
ពី	chat	pi
ពី	ungegn	pi
ទៅ	chat	tov
ទៅ	ungegn	tŏu
ហើយ	chat	haeuy
ហើយ	ungegn	haeuy
មិន	chat	min
មិន	ungegn	mĭn
នៃ	chat	ney
នៃ	ungegn	ney
ឆ្នាំ	chat	chhnam
ឆ្នាំ	ungegn	chhnăm
អាច	chat	ach
អាច	ungegn	ach
មួយ	chat	muoy
មួយ	ungegn	muŏy
ដើម្បី	chat	daeumbei
ដើម្បី	ungegn	daeumbei
ធ្វើ	chat	thveu
ធ្វើ	ungegn	thveu
ថ្ងៃ	chat	thngai
ថ្ងៃ	ungegn	thngai
មក	chat	mok
មក	ungegn	môk
ទី	chat	ti
ទី	ungegn	ti
លើ	chat	leu
លើ	ungegn	leu
ដល់	chat	dal
ដល់	ungegn	dál
យើង	chat	yeung
យើង	ungegn	yeung
នោះ	chat	nuoh
នោះ	ungegn	nŏăh
ប្រទេស	chat	prates
ប្រទេស	ungegn	prâtés
គឺ	chat	kueu
គឺ	ungegn	kœ
ឱ្យ	chat	ao
ឱ្យ	ungegn	aô
សម្រាប់	chat	samroab
សម្រាប់	ungegn	sâmroăb
តាម	chat	tam
តាម	ungegn	tam
កម្ពុជា	chat	kampuchea
កម្ពុជា	ungegn	kâmpŭchéa
វា	chat	vea
វា	ungegn	véa
ត្រូវបាន	chat	trouvban
ត្រូវបាន	ungegn	trovban
ក៏	chat	ka
ក៏	ungegn	kâ
ពេល	chat	pel
ពេល	ungegn	pél
ខែ	chat	khae
ខែ	ungegn	khê
ត្រូវ	chat	trouv
ត្រូវ	ungegn	trov
ខាង	chat	khang
ខាង	ungegn	khang
ឬ	chat	rueu
ឬ	ungegn	rœ
ខ្ញុំ	chat	khnhom
ខ្ញុំ	ungegn	khnhom
ទៀត	chat	tiet
ទៀត	ungegn	tiĕt
ខ្លួន	chat	khluon
ខ្លួន	ungegn	khluŏn
ខេត្ត	chat	khett
ខេត្ត	ungegn	khétt
គេ	chat	ke
គេ	ungegn	ké
ឡើង	chat	laeung
ឡើង	ungegn	laeung
ជាមួយ	chat	cheamuoy
ជាមួយ	ungegn	chéamuŏy
ទទួល	chat	totuol
ទទួល	ungegn	tôtuŏl
ទេ	chat	te
ទេ	ungegn	té
គ្នា	chat	knea
គ្នា	ungegn	knéa
ព្រះ	chat	preah
ព្រះ	ungegn	preăh
ដ៏	chat	da
ដ៏	ungegn	dâ
ក្រុម	chat	krom
ក្រុម	ungegn	krŏm
ដែលមាន	chat	daelmean
ដែលមាន	ungegn	dêlméan
គិត	chat	kit
គិត	ungegn	kĭt
ភាព	chat	pheap
ភាព	ungegn	phéap
ពួកគេ	chat	puokke
ពួកគេ	ungegn	puŏkké
យ៉ាង	chat	yang
យ៉ាង	ungegn	yang
មនុស្ស	chat	monuss
មនុស្ស	ungegn	mônŭss
នូវ	chat	nuv
នូវ	ungegn	nuv
ទាំង	chat	teang
ទាំង	ungegn	teăng
ចំនួន	chat	chamnuon
ចំនួន	ungegn	châmnuŏn
ល្អ	chat	la
ល្អ	ungegn	l'â
ថ្មី	chat	thmei
ថ្មី	ungegn	thmei
យក	chat	yok
យក	ungegn	yôk
ជាតិ	chat	cheate
ជាតិ	ungegn	chéatĕ
នាក់	chat	neak
នាក់	ungegn	neăk
គាត់	chat	koat
គាត់	ungegn	koăt
មុន	chat	mun
មុន	ungegn	mŭn
ផ្តល់	chat	phdal
ផ្តល់	ungegn	phdál
តែ	chat	tae
តែ	ungegn	tê
គឺជា	chat	kueuchea
គឺជា	ungegn	kœchéa
ប៉ុន្តែ	chat	pondae
ប៉ុន្តែ	ungegn	pŏndê
ថ្លៃ	chat	thlai
ថ្លៃ	ungegn	thlai
កាលពី	chat	kalpi
កាលពី	ungegn	kalpi
ដាក់	chat	dak
ដាក់	ungegn	dăk
ចេញ	chat	chenh
ចេញ	ungegn	chénh
ម្នាក់	chat	mneak
ម្នាក់	ungegn	mneăk
អ្វី	chat	vei
អ្វី	ungegn	'vei
ឥត	chat	et
ឥត	ungegn	ĕt
ឈ្មោះ	chat	chhmuoh
ឈ្មោះ	ungegn	chhmŏăh
ក្រុមហ៊ុន	chat	kromhun
ក្រុមហ៊ុន	ungegn	krŏmhŭn
កំពុង	chat	kampung
កំពុង	ungegn	kâmpŭng
ជួយ	chat	chuoy
ជួយ	ungegn	chuŏy
ច្រើន	chat	chraeun
ច្រើន	ungegn	chraeun
ព័ត៌មាន	chat	poartmean
ព័ត៌មាន	ungegn	poărtméan
ដែរ	chat	daer
ដែរ	ungegn	dêr
ជាច្រើន	chat	cheachraeun
ជាច្រើន	ungegn	chéachraeun
ផងដែរ	chat	phangdaer
ផងដែរ	ungegn	phângdêr
បើ	chat	baeu
បើ	ungegn	baeu
និយាយ	chat	niyeay
និយាយ	ungegn	nĭyéay
ការងារ	chat	karngear
ការងារ	ungegn	karngéar
ជន	chat	chon
ជន	ungegn	chôn
ជាង	chat	cheang
ជាង	ungegn	chéang
ចំពោះ	chat	champuoh
ចំពោះ	ungegn	châmpŏăh
ចុះ	chat	choh
ចុះ	ungegn	chŏh
ពលរដ្ឋ	chat	polrodth
ពលរដ្ឋ	ungegn	pôlrôdth
បន្ត	chat	bant
បន្ត	ungegn	bânt
ប្រាក់	chat	prak
ប្រាក់	ungegn	prăk
មុខ	chat	mukh
មុខ	ungegn	mŭkh
លេង	chat	leng
លេង	ungegn	léng
ផ្លូវ	chat	phlouv
ផ្លូវ	ungegn	phlov
នៅពេល	chat	novpel
នៅពេល	ungegn	nŏupél
ទាំងអស់	chat	teangas
ទាំងអស់	ungegn	teăng'ás
ផ្សេង	chat	phseng
ផ្សេង	ungegn	phséng
បំផុត	chat	bamphot
បំផុត	ungegn	bâmphŏt
បង្ហាញ	chat	banghanh
បង្ហាញ	ungegn	bânghanh
ចូល	chat	choul
ចូល	ungegn	chol
កើត	chat	kaeut
កើត	ungegn	kaeut
ធ្វើការ	chat	thveukar
ធ្វើការ	ungegn	thveukar
ក្រសួង	chat	krasuong
ក្រសួង	ungegn	krâsuŏng
បញ្ហា	chat	banhha
បញ្ហា	ungegn	bânhha
សូម	chat	soum
សូម	ungegn	som
ទឹក	chat	tuek
ទឹក	ungegn	tœ̆k
ចូលរួម	chat	choulruom
ចូលរួម	ungegn	cholruŏm
បន្ថែម	chat	banthaem
បន្ថែម	ungegn	bânthêm
រឿង	chat	roeang
រឿង	ungegn	rœăng
អំពី	chat	ampi
អំពី	ungegn	'âmpi
ជំងឺ	chat	chumngueu
ជំងឺ	ungegn	chumngœ
ចិន	chat	chen
ចិន	ungegn	chĕn
នាង	chat	neang
នាង	ungegn	néang
ប្រើ	chat	praeu
ប្រើ	ungegn	praeu
ចង់	chat	chang
ចង់	ungegn	cháng
តំបន់	chat	tamban
តំបន់	ungegn	tâmbán
ក្រោម	chat	kraom
ក្រោម	ungegn	kraôm
ប្រើប្រាស់	chat	praeupras
ប្រើប្រាស់	ungegn	praeuprăs
កូន	chat	koun
កូន	ungegn	kon
នៅលើ	chat	novleu
នៅលើ	ungegn	nŏuleu
ក្រោយ	chat	kraoy
ក្រោយ	ungegn	kraôy
អាមេរិក	chat	amerik
អាមេរិក	ungegn	amérĭk
គ្រប់	chat	krob
គ្រប់	ungegn	krób
ប្រជា	chat	prachea
ប្រជា	ungegn	prâchéa
ធំ	chat	thum
ធំ	ungegn	thum
បញ្ជាក់	chat	banhcheak
បញ្ជាក់	ungegn	bânhcheăk
លើក	chat	leuk
លើក	ungegn	leuk
គ្មាន	chat	kmean
គ្មាន	ungegn	kméan
ច្បាប់	chat	chbab
ច្បាប់	ungegn	chbăb
ខ្លាំង	chat	khlang
ខ្លាំង	ungegn	khlăng
ខ្មែរ	chat	khmaer
ខ្មែរ	ungegn	khmêr
វិញ	chat	vinh
វិញ	ungegn	vĭnh
កម្មវិធី	chat	kammovithi
កម្មវិធី	ungegn	kâmmôvĭthi
អោយ	chat	aoy
អោយ	ungegn	aôy
រ	chat	ro
រ	ungegn	rô
កាន់	chat	kan
កាន់	ungegn	kăn
ពីរ	chat	pir
ពីរ	ungegn	pir
ផ្នែក	chat	phnaek
ផ្នែក	ungegn	phnêk
ឃើញ	chat	kheunh
ឃើញ	ungegn	kheunh
ស	chat	sa
ស	ungegn	sâ
ស្រុក	chat	srok
ស្រុក	ungegn	srŏk
ដូចជា	chat	douchchea
ដូចជា	ungegn	dochchéa
ដឹងថា	chat	doengtha
ដឹងថា	ungegn	dœ̆ngtha
ការពារ	chat	karpear
ការពារ	ungegn	karpéar
កន្លែង	chat	kanlaeng
កន្លែង	ungegn	kânlêng
តើ	chat	taeu
តើ	ungegn	taeu
ឡើយ	chat	laeuy
ឡើយ	ungegn	laeuy
នោះទេ	chat	nuohte
នោះទេ	ungegn	nŏăhté
រូប	chat	rub
រូប	ungegn	rub
ណា	chat	na
ណា	ungegn	na
មួយចំនួន	chat	muoychamnuon
មួយចំនួន	ungegn	muŏychâmnuŏn
ដឹង	chat	doeng
ដឹង	ungegn	dœ̆ng
បើក	chat	baeuk
បើក	ungegn	baeuk
កាន់តែ	chat	kantae
កាន់តែ	ungegn	kăntê
ជីវិត	chat	chivit
ជីវិត	ungegn	chivĭt
បង្កើត	chat	bangkaeut
បង្កើត	ungegn	bângkaeut
ជាមួយនឹង	chat	cheamuoynueng
ជាមួយនឹង	ungegn	chéamuŏynœ̆ng
ផ្ទះ	chat	phteah
ផ្ទះ	ungegn	phteăh
រយៈពេល	chat	royeakpel
រយៈពេល	ungegn	rôyeăpél
រថយន្ត	chat	rothyont
រថយន្ត	ungegn	rôthyônt
ជូន	chat	chun
ជូន	ungegn	chun
ដូច្នេះ	chat	douchneh
ដូច្នេះ	ungegn	dochnéh
ហ្គេម	chat	hkem
ហ្គេម	ungegn	hkém
សេចក្តី	chat	sechkdei
សេចក្តី	ungegn	séchkdei
សម្តេច	chat	samdech
សម្តេច	ungegn	sâmdéch
ពិភព	chat	piphop
ពិភព	ungegn	pĭphôp
បន្ទាប់ពី	chat	bantoabpi
បន្ទាប់ពី	ungegn	bântoăbpi
ក៏បាន	chat	kaban
ក៏បាន	ungegn	kâban
ប្រកួត	chat	prakuot
ប្រកួត	ungegn	prâkuŏt
រៀបចំ	chat	riebcham
រៀបចំ	ungegn	riĕbchâm
ភូមិ	chat	phumi
ភូមិ	ungegn	phumĭ
មើល	chat	meul
មើល	ungegn	meul
គួរ	chat	kuor
គួរ	ungegn	kuŏr
សំខាន់	chat	samkhan
សំខាន់	ungegn	sâmkhăn
គាំទ្រ	chat	koamtro
គាំទ្រ	ungegn	kŏâmtrô
ក	chat	ka
ក	ungegn	kâ
តម្លៃ	chat	tamley
តម្លៃ	ungegn	tâmley
ក្រុង	chat	krong
ក្រុង	ungegn	krŏng
ធ្វើឱ្យ	chat	thveuao
ធ្វើឱ្យ	ungegn	thveuaô
ព្រោះ	chat	pruoh
ព្រោះ	ungegn	prŏăh
ដូច	chat	douch
ដូច	ungegn	doch
ប្រសិនបើ	chat	prasenbaeu
ប្រសិនបើ	ungegn	prâsĕnbaeu
ម៉ោង	chat	maong
ម៉ោង	ungegn	maông
មន្ត្រី	chat	montrei
មន្ត្រី	ungegn	môntrei
លេខ	chat	lekh
លេខ	ungegn	lékh
ទីក្រុង	chat	tikrong
ទីក្រុង	ungegn	tikrŏng
ប្រព័ន្ធ	chat	prapoanth
ប្រព័ន្ធ	ungegn	prâpoănth
ដ	chat	da
ដ	ungegn	dâ
វី	chat	vi
វី	ungegn	vi
ខ្ពស់	chat	khpos
ខ្ពស់	ungegn	khpós
ដំណើរ	chat	damnaeur
ដំណើរ	ungegn	dâmnaeur
ភ្នាល់	chat	phnoal
ភ្នាល់	ungegn	phnoăl
ឃុំ	chat	khum
ឃុំ	ungegn	khŭm
ភ្នំពេញ	chat	phnumpenh
ភ្នំពេញ	ungegn	phnumpénh
ប្រភេទ	chat	praphet
ប្រភេទ	ungegn	prâphét
ប្រធាន	chat	prathean
ប្រធាន	ungegn	prâthéan
រក	chat	rok
រក	ungegn	rôk
កូ	chat	kou
កូ	ungegn	ko
ករណី	chat	karnei
ករណី	ungegn	kârnei
ទើប	chat	teub
ទើប	ungegn	teub
សង្គម	chat	sangkom
សង្គម	ungegn	sângkôm
គ្រឿង	chat	kroeang
គ្រឿង	ungegn	krœăng
លក់	chat	lok
លក់	ungegn	lók
តាមរយៈ	chat	tamoryeak
តាមរយៈ	ungegn	tamôryeă
ដុល្លារ	chat	dollear
ដុល្លារ	ungegn	dŏlléar
អន្តរជាតិ	chat	antarcheate
អន្តរជាតិ	ungegn	'ântârchéatĕ
ម្ចាស់	chat	mchas
ម្ចាស់	ungegn	mchăs
ដឹកនាំ	chat	doeknoam
ដឹកនាំ	ungegn	dœ̆knŏâm
ចាប់ផ្តើម	chat	chabphdaeum
ចាប់ផ្តើម	ungegn	chăbphdaeum
អស់	chat	as
អស់	ungegn	'ás
កាស៊ីណូ	chat	kasinou
កាស៊ីណូ	ungegn	kasino
រដ្ឋាភិបាល	chat	rodthaphibal
រដ្ឋាភិបាល	ungegn	rôdthaphĭbal
រងគ្រោះ	chat	rongkruoh
រងគ្រោះ	ungegn	rôngkrŏăh
អាយុ	chat	ayu
អាយុ	ungegn	ayŭ
លាន	chat	lean
លាន	ungegn	léan
ជំនាញ	chat	chumneanh
ជំនាញ	ungegn	chumnéanh
ណាស់	chat	nas
ណាស់	ungegn	năs
សុខភាព	chat	sokhpheap
សុខភាព	ungegn	sŏkhphéap
នាំ	chat	noam
នាំ	ungegn	nŏâm
សែន	chat	saen
សែន	ungegn	sên
កិច្ច	chat	kechch
កិច្ច	ungegn	kĕchch
ប្រជាជន	chat	pracheachon
ប្រជាជន	ungegn	prâchéachôn
ខណៈ	chat	khanak
ខណៈ	ungegn	khână
ហ៊ុន	chat	hun
ហ៊ុន	ungegn	hŭn
ជួប	chat	chuob
ជួប	ungegn	chuŏb
ជើង	chat	cheung
ជើង	ungegn	cheung
ស្ត្រី	chat	strei
ស្ត្រី	ungegn	strei
រស់នៅ	chat	rosnov
រស់នៅ	ungegn	rósnŏu
គ្រប់គ្រង	chat	krobkrong
គ្រប់គ្រង	ungegn	króbkrông
ទិញ	chat	tinh
ទិញ	ungegn	tĭnh
ពិត	chat	pit
ពិត	ungegn	pĭt
ប្រកាស	chat	prakas
ប្រកាស	ungegn	prâkas
គណបក្ស	chat	konbaks
គណបក្ស	ungegn	kônbâks
ប្រាប់	chat	prab
ប្រាប់	ungegn	prăb
ដី	chat	dei
ដី	ungegn	dei
នយោបាយ	chat	noyoubay
នយោបាយ	ungegn	nôyoŭbay
ឯកឧត្តម	chat	aekotdam
ឯកឧត្តម	ungegn	êkŏtdâm
ខ្លះ	chat	khlah
ខ្លះ	ungegn	khlăh
ដោយសារ	chat	daoysar
ដោយសារ	ungegn	daôysar
អង្គការ	chat	angkokar
អង្គការ	ungegn	'ângkôkar
ដំបូង	chat	damboung
ដំបូង	ungegn	dâmbong
ថ្នាក់	chat	thnak
ថ្នាក់	ungegn	thnăk
ប្រឆាំង	chat	prachhang
ប្រឆាំង	ungegn	prâchhăng
ប្រុស	chat	pros
ប្រុស	ungegn	prŏs
អនឡាញ	chat	anlanh
អនឡាញ	ungegn	'ânlanh
ដំណើរការ	chat	damnaeurkar
ដំណើរការ	ungegn	dâmnaeurkar
ប្រភព	chat	praphop
ប្រភព	ungegn	prâphôp
វិស័យ	chat	visai
វិស័យ	ungegn	vĭsăy
ចិត្ត	chat	chett
ចិត្ត	ungegn	chĕtt
បុរស	chat	boros
បុរស	ungegn	bŏrôs
ស្រី	chat	srei
ស្រី	ungegn	srei
តារា	chat	tarea
តារា	ungegn	taréa
កាត់	chat	kat
កាត់	ungegn	kăt
សម្រេច	chat	samrech
សម្រេច	ungegn	sâmréch
សមត្ថកិច្ច	chat	samtthakechch
សមត្ថកិច្ច	ungegn	sâmtthâkĕchch
ប	chat	ba
ប	ungegn	bâ
ឈ្នះ	chat	chhneah
ឈ្នះ	ungegn	chhneăh
រង	chat	rong
រង	ungegn	rông
ទាន់	chat	toan
ទាន់	ungegn	toăn
នគរបាល	chat	nokrobal
នគរបាល	ungegn	nôkrôbal
ស្លាប់	chat	slab
ស្លាប់	ungegn	slăb
សកម្មភាព	chat	sakammopheap
សកម្មភាព	ungegn	sâkâmmôphéap
ថៃ	chat	thai
ថៃ	ungegn	thai
បាល់ទាត់	chat	baltoat
បាល់ទាត់	ungegn	băltoăt
ជាប់	chat	choab
ជាប់	ungegn	choăb
កម្លាំង	chat	kamleang
កម្លាំង	ungegn	kâmleăng
គេហទំព័រ	chat	kehtumpoar
គេហទំព័រ	ungegn	kéhtumpoăr
ដើម	chat	daeum
ដើម	ungegn	daeum
លុយ	chat	luy
លុយ	ungegn	lŭy
កុំ	chat	kom
កុំ	ungegn	kom
រួច	chat	ruoch
រួច	ungegn	ruŏch
កំណត់	chat	kamnat
កំណត់	ungegn	kâmnát
មកពី	chat	mokpi
មកពី	ungegn	môkpi
បណ្តាញ	chat	bandanh
បណ្តាញ	ungegn	bândanh
ពិសេស	chat	pises
ពិសេស	ungegn	pĭsés
សេដ្ឋកិច្ច	chat	sedthakechch
សេដ្ឋកិច្ច	ungegn	sédthâkĕchch
នៅតែ	chat	novtae
នៅតែ	ungegn	nŏutê
ផលិតផល	chat	phalitphal
ផលិតផល	ungegn	phâlĭtphâl
ពាក់ព័ន្ធ	chat	peakpoanth
ពាក់ព័ន្ធ	ungegn	peăkpoănth
បច្ចុប្បន្ន	chat	bachchobbann
បច្ចុប្បន្ន	ungegn	bâchchŏbbânn
ព្រឹក	chat	pruek
ព្រឹក	ungegn	prœ̆k
សិក្សា	chat	seksa
សិក្សា	ungegn	sĕksa
ចំណុច	chat	chamnoch
ចំណុច	ungegn	châmnŏch
គ្រួសារ	chat	kruosar
គ្រួសារ	ungegn	kruŏsar
មិនមាន	chat	minmean
មិនមាន	ungegn	mĭnméan
ឱកាស	chat	aokas
ឱកាស	ungegn	aôkas
កីឡាករ	chat	keilakar
កីឡាករ	ungegn	keilakâr
រវាង	chat	roveang
រវាង	ungegn	rôvéang
ពិតជា	chat	pitchea
ពិតជា	ungegn	pĭtchéa
គម្រោង	chat	komroung
គម្រោង	ungegn	kômroŭng
ទាក់ទង	chat	teaktong
ទាក់ទង	ungegn	teăktông
រួម	chat	ruom
រួម	ungegn	ruŏm
ទាំងនេះ	chat	teangneh
ទាំងនេះ	ungegn	teăngnéh
រដ្ឋមន្ត្រី	chat	rodthamntrei
រដ្ឋមន្ត្រី	ungegn	rôdthâmntrei
រាជធានីភ្នំពេញ	chat	reachtheaniphnumpenh
រាជធានីភ្នំពេញ	ungegn	réachthéaniphnumpénh
ថ្លែង	chat	thlaeng
ថ្លែង	ungegn	thlêng
ក្លាយជា	chat	klaychea
ក្លាយជា	ungegn	klaychéa
ទំនាក់ទំនង	chat	tumneaktumnong
ទំនាក់ទំនង	ungegn	tumneăktumnông
ពួក	chat	puok
ពួក	ungegn	puŏk
មិនមែន	chat	minmaen
មិនមែន	ungegn	mĭnmên
ម៉ាស៊ីន	chat	masin
ម៉ាស៊ីន	ungegn	masin
កីឡា	chat	keila
កីឡា	ungegn	keila
ផលិត	chat	phalit
ផលិត	ungegn	phâlĭt
ក្មេង	chat	kmeng
ក្មេង	ungegn	kméng
ពិធី	chat	pithi
ពិធី	ungegn	pĭthi
រង្វាន់	chat	rongvoan
រង្វាន់	ungegn	rôngvoăn
អាជ្ញាធរ	chat	achnheathor
អាជ្ញាធរ	ungegn	achnhéathôr
ជាពិសេស	chat	cheapises
ជាពិសេស	ungegn	chéapĭsés
ប៉ុណ្ណោះ	chat	ponnaoh
ប៉ុណ្ណោះ	ungegn	pŏnnaôh
ដោយសារតែ	chat	daoysartae
ដោយសារតែ	ungegn	daôysartê
រដ្ឋ	chat	rodth
រដ្ឋ	ungegn	rôdth
អនុវត្ត	chat	anuvott
អនុវត្ត	ungegn	'ânŭvôtt
សង្កាត់	chat	sangkat
សង្កាត់	ungegn	sângkăt
បោះឆ្នោត	chat	baohchhnaot
បោះឆ្នោត	ungegn	baôhchhnaôt
ពិនិត្យ	chat	pinity
ពិនិត្យ	ungegn	pĭnĭty
ផង	chat	phang
ផង	ungegn	phâng
ក្រៅ	chat	krau
ក្រៅ	ungegn	krau
លទ្ធផល	chat	lotthophal
លទ្ធផល	ungegn	lôtthôphâl
សង្ស័យ	chat	sangsai
សង្ស័យ	ungegn	sângsăy
បង្ក	chat	bangk
បង្ក	ungegn	bângk
ពាក្យ	chat	peaky
ពាក្យ	ungegn	péaky
មូលដ្ឋាន	chat	muldthan
មូលដ្ឋាន	ungegn	muldthan
នា	chat	nea
នា	ungegn	néa
ជិត	chat	chit
ជិត	ungegn	chĭt
សប្តាហ៍	chat	sabda
សប្តាហ៍	ungegn	sâbdah
ចុងក្រោយ	chat	chongkraoy
ចុងក្រោយ	ungegn	chŏngkraôy
ធ្លាប់	chat	thloab
ធ្លាប់	ungegn	thloăb
អាហារ	chat	ahar
អាហារ	ungegn	ahar
ខ្សែ	chat	khsae
ខ្សែ	ungegn	khsê
ឧបករណ៍	chat	obakro
ឧបករណ៍	ungegn	ŏbâkrôn
រូបភាព	chat	rubpheap
រូបភាព	ungegn	rubphéap
អារម្មណ៍	chat	arommo
អារម្មណ៍	ungegn	arômmôn
ឆ្លង	chat	chhlang
ឆ្លង	ungegn	chhlâng
ន	chat	no
ន	ungegn	nô
គ្រាប់	chat	kroab
គ្រាប់	ungegn	kroăb
កញ្ញា	chat	kanhnhea
កញ្ញា	ungegn	kânhnhéa
ជនជាតិ	chat	choncheate
ជនជាតិ	ungegn	chônchéatĕ
តូច	chat	touch
តូច	ungegn	toch
ខ្លួនឯង	chat	khluonaeng
ខ្លួនឯង	ungegn	khluŏnêng
សត្វ	chat	satv
សត្វ	ungegn	sâtv
រហូតដល់	chat	rohoutdal
រហូតដល់	ungegn	rôhotdál
ឡើងវិញ	chat	laeungvinh
ឡើងវិញ	ungegn	laeungvĭnh
ត	chat	ta
ត	ungegn	tâ
សមាជិក	chat	sameachik
សមាជិក	ungegn	sâméachĭk
ពណ៌	chat	porn
ពណ៌	ungegn	pôrn
របៀប	chat	robieb
របៀប	ungegn	rôbiĕb
ខុស	chat	khos
ខុស	ungegn	khŏs
លើកឡើង	chat	leuklaeung
លើកឡើង	ungegn	leuklaeung
កម្រិត	chat	kamrit
កម្រិត	ungegn	kâmrĭt
បញ្ចប់	chat	banhchab
បញ្ចប់	ungegn	bânhcháb
ទុក	chat	tuk
ទុក	ungegn	tŭk
ខណ្ឌ	chat	khand
ខណ្ឌ	ungegn	khând
រូបនេះ	chat	rubneh
រូបនេះ	ungegn	rubnéh
ម	chat	mo
ម	ungegn	mô
ស្វែងរក	chat	svaengrok
ស្វែងរក	ungegn	svêngrôk
ទីផ្សារ	chat	tiphsar
ទីផ្សារ	ungegn	tiphsar
ព្យាបាល	chat	pyeabal
ព្យាបាល	ungegn	pyéabal
សុវត្ថិភាព	chat	sovtthepheap
សុវត្ថិភាព	ungegn	sŏvtthĕphéap
តេជោ	chat	techou
តេជោ	ungegn	téchoŭ
ស្គាល់	chat	skoal
ស្គាល់	ungegn	skoăl
វីដេអូ	chat	videou
វីដេអូ	ungegn	vidé'o
បណ្តាល	chat	bandal
បណ្តាល	ungegn	bândal
នាយករដ្ឋមន្ត្រី	chat	neaykardthamntrei
នាយករដ្ឋមន្ត្រី	ungegn	néaykârdthâmntrei
ពេលវេលា	chat	pelvelea
ពេលវេលា	ungegn	pélvéléa
ចាប់	chat	chab
ចាប់	ungegn	chăb
សហរដ្ឋ	chat	sahrodth
សហរដ្ឋ	ungegn	sâhrôdth
ប្រចាំ	chat	pracham
ប្រចាំ	ungegn	prâchăm
ម៉ូតូ	chat	moutou
ម៉ូតូ	ungegn	moto
ផ្ទាល់	chat	phtoal
ផ្ទាល់	ungegn	phtoăl
ដោះស្រាយ	chat	daohsray
ដោះស្រាយ	ungegn	daôhsray
ចំណែក	chat	chamnaek
ចំណែក	ungegn	châmnêk
ទីតាំង	chat	titang
ទីតាំង	ungegn	tităng
ផ្សព្វផ្សាយ	chat	phsapvophsay
ផ្សព្វផ្សាយ	ungegn	phsâpvôphsay
កូរ៉េ	chat	koure
កូរ៉េ	ungegn	koré
ប្រហែល	chat	prahael
ប្រហែល	ungegn	prâhêl
អាន	chat	an
អាន	ungegn	an
លោកស្រី	chat	louksrei
លោកស្រី	ungegn	loŭksrei
រក្សា	chat	roksa
រក្សា	ungegn	rôksa
ប្រសើរ	chat	prasaeur
ប្រសើរ	ungegn	prâsaeur
ស្ថិតនៅ	chat	sthetnov
ស្ថិតនៅ	ungegn	sthĕtnŏu
ណាមួយ	chat	namuoy
ណាមួយ	ungegn	namuŏy
ដើរ	chat	daeur
ដើរ	ungegn	daeur
ជ្រើសរើស	chat	chreusreus
ជ្រើសរើស	ungegn	chreusreus
សម្តែង	chat	samdaeng
សម្តែង	ungegn	sâmdêng
កណ្តាល	chat	kandal
កណ្តាល	ungegn	kândal
វៀតណាម	chat	vietnam
វៀតណាម	ungegn	viĕtnam
រដ្ឋបាល	chat	rodthabal
រដ្ឋបាល	ungegn	rôdthâbal
ចំណាយ	chat	chamnay
ចំណាយ	ungegn	châmnay
បងប្អូន	chat	bangpoun
បងប្អូន	ungegn	bângp'on
ក្តី	chat	kdei
ក្តី	ungegn	kdei
អភិវឌ្ឍ	chat	aphivodth
អភិវឌ្ឍ	ungegn	'âphĭvôdth
បែបនេះ	chat	baebneh
បែបនេះ	ungegn	bêbnéh
រកឃើញ	chat	rokkheunh
រកឃើញ	ungegn	rôkkheunh
ផ្លាស់ប្តូរ	chat	phlaspdour
ផ្លាស់ប្តូរ	ungegn	phlăspdor
ដៃ	chat	dai
ដៃ	ungegn	dai
បង្កើន	chat	bangkaeun
បង្កើន	ungegn	bângkaeun
នានា	chat	neanea
នានា	ungegn	néanéa
នាទី	chat	neati
នាទី	ungegn	néati
បញ្ចូល	chat	banhchoul
បញ្ចូល	ungegn	bânhchol
សាលា	chat	salea
សាលា	ungegn	saléa
អត្ថបទ	chat	atthabat
អត្ថបទ	ungegn	'âtthâbât
មហា	chat	moha
មហា	ungegn	môha
ចាំបាច់	chat	chambach
ចាំបាច់	ungegn	chămbăch
ជំរុញ	chat	chumrunh
ជំរុញ	ungegn	chumrŭnh
ល	chat	lo
ល	ungegn	lô
ប្រមាណ	chat	pramean
ប្រមាណ	ungegn	prâméan
ព្រមទាំង	chat	promteang
ព្រមទាំង	ungegn	prômteăng
ជោគជ័យ	chat	choukchey
ជោគជ័យ	ungegn	choŭkchoăy
ក៏ដូចជា	chat	kadouchchea
ក៏ដូចជា	ungegn	kâdochchéa
ទូរស័ព្ទ	chat	tursapt
ទូរស័ព្ទ	ungegn	tursăpt
គ្រាន់តែ	chat	kroantae
គ្រាន់តែ	ungegn	kroăntê
ណែនាំ	chat	naenoam
ណែនាំ	ungegn	nênŏâm
លក្ខណៈ	chat	lokkhanak
លក្ខណៈ	ungegn	lôkkhână
វិធី	chat	vithi
វិធី	ungegn	vĭthi
អាជីវកម្ម	chat	achivkamm
អាជីវកម្ម	ungegn	achivkâmm
អា	chat	a
អា	ungegn	a
យប់	chat	yob
យប់	ungegn	yób
តែងតែ	chat	taengtae
តែងតែ	ungegn	têngtê
ធ្លាក់	chat	thleak
ធ្លាក់	ungegn	thleăk
បាញ់	chat	banh
បាញ់	ungegn	bănh
ល្បែង	chat	lbaeng
ល្បែង	ungegn	lbêng
ចាក់	chat	chak
ចាក់	ungegn	chăk
លើស	chat	leus
លើស	ungegn	leus
ងាយស្រួល	chat	ngeaysruol
ងាយស្រួល	ungegn	ngéaysruŏl
សៀមរាប	chat	siemreab
សៀមរាប	ungegn	siĕmréab
ទាំងនោះ	chat	teangnuoh
ទាំងនោះ	ungegn	teăngnŏăh
អនុញ្ញាត	chat	anunhnheat
អនុញ្ញាត	ungegn	'ânŭnhnhéat
រៀន	chat	rien
រៀន	ungegn	riĕn
សហគមន៍	chat	sahkomo
សហគមន៍	ungegn	sâhkômôn
កើន	chat	kaeun
កើន	ungegn	kaeun
ពាណិជ្ជកម្ម	chat	peanechchokamm
ពាណិជ្ជកម្ម	ungegn	péanĕchchôkâmm
បន្ទាប់	chat	bantoab
បន្ទាប់	ungegn	bântoăb
អតិថិជន	chat	atethechon
អតិថិជន	ungegn	'âtĕthĕchôn
សារព័ត៌មាន	chat	sarpoartmean
សារព័ត៌មាន	ungegn	sarpoărtméan
ជុំវិញ	chat	chumvinh
ជុំវិញ	ungegn	chŭmvĭnh
ជម្រើស	chat	chomreus
ជម្រើស	ungegn	chômreus
អតីត	chat	ateit
អតីត	ungegn	'âteit
វ៉ាក់សាំង	chat	vaksang
វ៉ាក់សាំង	ungegn	văksăng
បញ្ជូន	chat	banhchun
បញ្ជូន	ungegn	bânhchun
ត្រូវការ	chat	trouvkar
ត្រូវការ	ungegn	trovkar
ជាដើម	chat	cheadaeum
ជាដើម	ungegn	chéadaeum
ប៉ុន្មាន	chat	ponmean
ប៉ុន្មាន	ungegn	pŏnméan
រាល់	chat	roal
រាល់	ungegn	roăl
បន្ថយ	chat	banthay
បន្ថយ	ungegn	bânthây
យោងតាម	chat	youngtam
យោងតាម	ungegn	yoŭngtam
បិទ	chat	bet
បិទ	ungegn	bĕt
ស្លត	chat	slat
ស្លត	ungegn	slât
ទេសចរណ៍	chat	tesachro
ទេសចរណ៍	ungegn	tésâchrôn
កំពូល	chat	kampul
កំពូល	ungegn	kâmpul
អភិវឌ្ឍន៍	chat	aphivdtho
អភិវឌ្ឍន៍	ungegn	'âphĭvdthôn
អង្គ	chat	angk
អង្គ	ungegn	'ângk
ដង	chat	dang
ដង	ungegn	dâng
បទ	chat	bat
បទ	ungegn	bât
ថ្ងៃនេះ	chat	thngaineh
ថ្ងៃនេះ	ungegn	thngainéh
រហូត	chat	rohout
រហូត	ungegn	rôhot
កើតហេតុ	chat	kaeutheto
កើតហេតុ	ungegn	kaeuthétŏ
បុណ្យ	chat	bony
បុណ្យ	ungegn	bŏny
តែម្តង	chat	taemdang
តែម្តង	ungegn	têmdâng
ភ្លាម	chat	phleam
ភ្លាម	ungegn	phléam
ជប៉ុន	chat	chopon
ជប៉ុន	ungegn	chôpŏn
ស្រាវជ្រាវ	chat	sravchreav
ស្រាវជ្រាវ	ungegn	sravchréav
ត្រូវតែ	chat	trouvtae
ត្រូវតែ	ungegn	trovtê
ទ្រង់	chat	trong
ទ្រង់	ungegn	tróng
ត្បូង	chat	tboung
ត្បូង	ungegn	tbong
សមត្ថភាព	chat	samtthapheap
សមត្ថភាព	ungegn	sâmtthâphéap
ចំណោម	chat	chamnaom
ចំណោម	ungegn	châmnaôm
អប់រំ	chat	abrum
អប់រំ	ungegn	'ábrum
ស្រប	chat	srab
ស្រប	ungegn	srâb
ក៏ដោយ	chat	kadaoy
ក៏ដោយ	ungegn	kâdaôy
រាជរដ្ឋាភិបាល	chat	reachrodthaphibal
រាជរដ្ឋាភិបាល	ungegn	réachrôdthaphĭbal
យុវជន	chat	yuvchon
យុវជន	ungegn	yŭvchôn
វិនិយោគ	chat	viniyouk
វិនិយោគ	ungegn	vĭnĭyoŭk
របួស	chat	robuos
របួស	ungegn	rôbuŏs
សិទ្ធិ	chat	setthi
សិទ្ធិ	ungegn	sĕtthĭ
ពេញ	chat	penh
ពេញ	ungegn	pénh
បា	chat	ba
បា	ungegn	ba
អត់	chat	at
អត់	ungegn	'át
ឈាម	chat	chheam
ឈាម	ungegn	chhéam
នៅតាម	chat	novtam
នៅតាម	ungegn	nŏutam
តុលាការ	chat	toleakar
តុលាការ	ungegn	tŏléakar
រីករាយ	chat	rikreay
រីករាយ	ungegn	rikréay
ត្រឹមត្រូវ	chat	troemtrouv
ត្រឹមត្រូវ	ungegn	trœ̆mtrov
ភាគី	chat	pheaki
ភាគី	ungegn	phéaki
ប្រកបដោយ	chat	prakbadaoy
ប្រកបដោយ	ungegn	prâkbâdaôy
ចូលទៅ	chat	choultov
ចូលទៅ	ungegn	choltŏu
ស្ថានភាព	chat	sthanpheap
ស្ថានភាព	ungegn	sthanphéap
ភាគច្រើន	chat	pheakchraeun
ភាគច្រើន	ungegn	phéakchraeun
យ៉ាងណា	chat	yangna
យ៉ាងណា	ungegn	yangna
ប្រយុទ្ធ	chat	prayutth
ប្រយុទ្ធ	ungegn	prâyŭtth
ថ្នាំ	chat	thnam
ថ្នាំ	ungegn	thnăm
ស្ថិត	chat	sthet
ស្ថិត	ungegn	sthĕt
ក្បាល	chat	kbal
ក្បាល	ungegn	kbal
សរុប	chat	sarub
សរុប	ungegn	sârŭb
គ្រោះថ្នាក់	chat	kruohthnak
គ្រោះថ្នាក់	ungegn	krŏăhthnăk
អះអាង	chat	ahang
អះអាង	ungegn	'ăh'ang
ថវិកា	chat	thavika
ថវិកា	ungegn	thâvĭka
តំណាង	chat	tamnang
តំណាង	ungegn	tâmnang
ប្រធានាធិបតី	chat	pratheaneathibtei
ប្រធានាធិបតី	ungegn	prâthéanéathĭbtei
ធម្មជាតិ	chat	thommocheate
ធម្មជាតិ	ungegn	thômmôchéatĕ
រុស្ស៊ី	chat	russi
រុស្ស៊ី	ungegn	rŭssi
គំនិត	chat	kumnit
គំនិត	ungegn	kumnĭt
ម៉ឺន	chat	meun
ម៉ឺន	ungegn	mœn
ង	chat	ngo
ង	ungegn	ngô
នាពេល	chat	neapel
នាពេល	ungegn	néapél
បំពេញ	chat	bampenh
បំពេញ	ungegn	bâmpénh
អំពើ	chat	ampeu
អំពើ	ungegn	'âmpeu
កន្លងមក	chat	kanlongmok
កន្លងមក	ungegn	kânlôngmôk
ហៅ	chat	hau
ហៅ	ungegn	hau
សន្តិសុខ	chat	santesokh
សន្តិសុខ	ungegn	sântĕsŏkh
កម្សាន្ត	chat	kamsant
កម្សាន្ត	ungegn	kâmsant
លោកអ្នក	chat	louknak
លោកអ្នក	ungegn	loŭk'nâk
កុមារ	chat	komear
កុមារ	ungegn	kŏméar
ដូចគ្នា	chat	douchknea
ដូចគ្នា	ungegn	dochknéa
បច្ចេកវិទ្យា	chat	bachchekvityea
បច្ចេកវិទ្យា	ungegn	bâchchékvĭtyéa
ស្បែក	chat	sbaek
ស្បែក	ungegn	sbêk
ប្រសាសន៍	chat	prasasa
ប្រសាសន៍	ungegn	prâsasân
ដទៃ	chat	datey
ដទៃ	ungegn	dâtey
ភ្ញៀវ	chat	phnhiev
ភ្ញៀវ	ungegn	phnhiĕv
បី	chat	bei
បី	ungegn	bei
មករា	chat	mokrea
មករា	ungegn	môkréa
បារាំង	chat	bareang
បារាំង	ungegn	bareăng
ជាមួយគ្នា	chat	cheamuoyknea
ជាមួយគ្នា	ungegn	chéamuŏyknéa
សាធារណៈ	chat	sathearnak
សាធារណៈ	ungegn	sathéarnă
ច្បាស់	chat	chbas
ច្បាស់	ungegn	chbăs
ធានា	chat	theanea
ធានា	ungegn	théanéa
ទោះបីជា	chat	tuohbeichea
ទោះបីជា	ungegn	tŏăhbeichéa
យល់	chat	yol
យល់	ungegn	yól
ចូលចិត្ត	chat	choulchett
ចូលចិត្ត	ungegn	cholchĕtt
ឃាត់	chat	khoat
ឃាត់	ungegn	khoăt
ន័យ	chat	ney
ន័យ	ungegn	noăy
បរទេស	chat	bartes
បរទេស	ungegn	bârtés
រួមមាន	chat	ruommean
រួមមាន	ungegn	ruŏmméan
បែប	chat	baeb
បែប	ungegn	bêb
សុំ	chat	som
សុំ	ungegn	som
ជំនួយ	chat	chumnuoy
ជំនួយ	ungegn	chumnuŏy
សួរ	chat	suor
សួរ	ungegn	suŏr
អង់គ្លេស	chat	angkles
អង់គ្លេស	ungegn	'ángklés
កិច្ចការ	chat	kechchakar
កិច្ចការ	ungegn	kĕchchâkar
គុណភាព	chat	kunpheap
គុណភាព	ungegn	kŭnphéap
គួរតែ	chat	kuortae
គួរតែ	ungegn	kuŏrtê
វេលា	chat	velea
វេលា	ungegn	véléa
ទុកដាក់	chat	tukdak
ទុកដាក់	ungegn	tŭkdăk
ចាប់ពី	chat	chabpi
ចាប់ពី	ungegn	chăbpi
ធនាគារ	chat	thoneakear
ធនាគារ	ungegn	thônéakéar
សារ	chat	sar
សារ	ungegn	sar
សាងសង់	chat	sangsang
សាងសង់	ungegn	sangsáng
ចាស់	chat	chas
ចាស់	ungegn	chăs
ហ្នឹង	chat	hnoeng
ហ្នឹង	ungegn	hnœ̆ng
ភេទ	chat	phet
ភេទ	ungegn	phét
អញ្ជើញ	chat	anhcheunh
អញ្ជើញ	ungegn	'ânhcheunh
គោលដៅ	chat	kouldau
គោលដៅ	ungegn	koŭldau
សេវាកម្ម	chat	seveakamm
សេវាកម្ម	ungegn	sévéakâmm
ស្អាត	chat	sat
ស្អាត	ungegn	s'at
ឯ	chat	ae
ឯ	ungegn	ê
ឯកសារ	chat	aeksar
ឯកសារ	ungegn	êksar
ទំហំ	chat	tumham
ទំហំ	ungegn	tumhâm
សហការ	chat	sahkar
សហការ	ungegn	sâhkar
សមុទ្រ	chat	samutr
សមុទ្រ	ungegn	sâmŭtr
យ	chat	yo
យ	ungegn	yô
ជិះ	chat	chih
ជិះ	ungegn	chĭh
កិច្ចប្រជុំ	chat	kechchabrochum
កិច្ចប្រជុំ	ungegn	kĕchchâbrôchŭm
គ	chat	ko
គ	ungegn	kô
ក្លឹប	chat	kloeb
ក្លឹប	ungegn	klœ̆b
អ្នកស្រី	chat	naksrei
អ្នកស្រី	ungegn	'nâksrei
សម	chat	sam
សម	ungegn	sâm
ព្យាយាម	chat	pyeayeam
ព្យាយាម	ungegn	pyéayéam
ត្រឹមតែ	chat	troemtae
ត្រឹមតែ	ungegn	trœ̆mtê
អំណាច	chat	amnach
អំណាច	ungegn	'âmnach
ទូទាំង	chat	tuteang
ទូទាំង	ungegn	tuteăng
ត្រឡប់	chat	tralab
ត្រឡប់	ungegn	trâláb
ដឹក	chat	doek
ដឹក	ungegn	dœ̆k
សម្លាប់	chat	samloab
សម្លាប់	ungegn	sâmloăb
មន្ទីរពេទ្យ	chat	montirpety
មន្ទីរពេទ្យ	ungegn	môntirpéty
ចុង	chat	chong
ចុង	ungegn	chŏng
ទស្សនា	chat	tossanea
ទស្សនា	ungegn	tôssânéa
បណ្តា	chat	banda
បណ្តា	ungegn	bânda
មន្ទីរ	chat	montir
មន្ទីរ	ungegn	môntir
យកចិត្ត	chat	yokchett
យកចិត្ត	ungegn	yôkchĕtt
ភ្ជាប់	chat	phchoab
ភ្ជាប់	ungegn	phchoăb
វគ្គ	chat	vokk
វគ្គ	ungegn	vôkk
ថាមពល	chat	thampol
ថាមពល	ungegn	thampôl
បាត់បង់	chat	batbang
បាត់បង់	ungegn	bătbáng
ផែនការ	chat	phaenkar
ផែនការ	ungegn	phênkar
ចាប់អារម្មណ៍	chat	chabarommo
ចាប់អារម្មណ៍	ungegn	chăb'arômmôn
ប្រសិទ្ធភាព	chat	prasetthopheap
ប្រសិទ្ធភាព	ungegn	prâsĕtthôphéap
ព	chat	po
ព	ungegn	pô
សេវា	chat	sevea
សេវា	ungegn	sévéa
បាត់	chat	bat
បាត់	ungegn	băt
ភាគ	chat	pheak
ភាគ	ungegn	phéak
ឈាន	chat	chhean
ឈាន	ungegn	chhéan
ទៅជា	chat	tovchea
ទៅជា	ungegn	tŏuchéa
អឺរ៉ុប	chat	eurob
អឺរ៉ុប	ungegn	œrŏb
ដៃគូ	chat	daiku
ដៃគូ	ungegn	daiku
ក្រោយពី	chat	kraoypi
ក្រោយពី	ungegn	kraôypi
តម្រូវការ	chat	tamruvkar
តម្រូវការ	ungegn	tâmruvkar
តុលា	chat	tolea
តុលា	ungegn	tŏléa
ពិភាក្សា	chat	pipheaksa
ពិភាក្សា	ungegn	pĭphéaksa
កសាង	chat	kasang
កសាង	ungegn	kâsang
ចោល	chat	chaol
ចោល	ungegn	chaôl
ផ្លូវការ	chat	phlouvkar
ផ្លូវការ	ungegn	phlovkar
ពង្រឹង	chat	pongrueng
ពង្រឹង	ungegn	pôngrœ̆ng
តាំងពី	chat	tangpi
តាំងពី	ungegn	tăngpi
ហ្វេសប៊ុក	chat	hvesbuk
ហ្វេសប៊ុក	ungegn	hvésbŭk
ធម្មតា	chat	thommota
ធម្មតា	ungegn	thômmôta
វិធានការ	chat	vitheankar
វិធានការ	ungegn	vĭthéankar
ស៊ី	chat	si
ស៊ី	ungegn	si
កំពុងតែ	chat	kampungtae
កំពុងតែ	ungegn	kâmpŭngtê
ភាសា	chat	pheasa
ភាសា	ungegn	phéasa
ត្រី	chat	trei
ត្រី	ungegn	trei
ព្រឹត្តិការណ៍	chat	pruetdekaro
ព្រឹត្តិការណ៍	ungegn	prœ̆tdĕkarôn
ស្រឡាញ់	chat	sralanh
ស្រឡាញ់	ungegn	srâlănh
យោធា	chat	youthea
យោធា	ungegn	yoŭthéa
ដក	chat	dak
ដក	ungegn	dâk
ប៉ះពាល់	chat	pahpoal
ប៉ះពាល់	ungegn	păhpoăl
រាយការណ៍	chat	reaykaro
រាយការណ៍	ungegn	réaykarôn
គោរព	chat	kourop
គោរព	ungegn	koŭrôp
ឥឡូវ	chat	elouv
ឥឡូវ	ungegn	ĕlov
អស្ចារ្យ	chat	aschary
អស្ចារ្យ	ungegn	'âschary
តិច	chat	tech
តិច	ungegn	tĕch
វប្បធម៌	chat	vobbathorm
វប្បធម៌	ungegn	vôbbâthôrm
មេ	chat	me
មេ	ungegn	mé
អ៊ីនធឺណិត	chat	inthueunet
អ៊ីនធឺណិត	ungegn	inthœnĕt
បុគ្គលិក	chat	bokkolik
បុគ្គលិក	ungegn	bŏkkôlĭk
ស្ថាប័ន	chat	sthaban
ស្ថាប័ន	ungegn	sthabăn
ឈើ	chat	chheu
ឈើ	ungegn	chheu
កម្មករ	chat	kammokar
កម្មករ	ungegn	kâmmôkâr
ច	chat	cha
ច	ungegn	châ
បង្ហោះ	chat	banghaoh
បង្ហោះ	ungegn	bânghaôh
បន្ទប់	chat	bantob
បន្ទប់	ungegn	bântób
ចេះ	chat	cheh
ចេះ	ungegn	chéh
ពួកគាត់	chat	puokkoat
ពួកគាត់	ungegn	puŏkkoăt
ជាក់ស្តែង	chat	cheaksdaeng
ជាក់ស្តែង	ungegn	cheăksdêng
យូរ	chat	yur
យូរ	ungegn	yur
សាច់	chat	sach
សាច់	ungegn	săch
បម្រើ	chat	bamreu
បម្រើ	ungegn	bâmreu
ម្តាយ	chat	mday
ម្តាយ	ungegn	mday
ថត	chat	that
ថត	ungegn	thât
ប្រតិបត្តិការ	chat	pratebatdekar
ប្រតិបត្តិការ	ungegn	prâtĕbâtdĕkar
ល្បី	chat	lbei
ល្បី	ungegn	lbei
ចុច	chat	choch
ចុច	ungegn	chŏch
មូលហេតុ	chat	mulheto
មូលហេតុ	ungegn	mulhétŏ
ភ្នែក	chat	phnaek
ភ្នែក	ungegn	phnêk
សរសេរ	chat	sarser
សរសេរ	ungegn	sârsér
បច្ចេកទេស	chat	bachchektes
បច្ចេកទេស	ungegn	bâchchéktés
វិច្ឆិកា	chat	vichchheka
វិច្ឆិកា	ungegn	vĭchchhĕka
កន្លង	chat	kanlong
កន្លង	ungegn	kânlông
ក្នុងស្រុក	chat	knongsrok
ក្នុងស្រុក	ungegn	knŏngsrŏk
វាយ	chat	veay
វាយ	ungegn	véay
ចរាចរណ៍	chat	chareachro
ចរាចរណ៍	ungegn	châréachrôn
របាយការណ៍	chat	robaykaro
របាយការណ៍	ungegn	rôbaykarôn
ដដែល	chat	dadael
ដដែល	ungegn	dâdêl
មែន	chat	maen
មែន	ungegn	mên
បរិស្ថាន	chat	baristhan
បរិស្ថាន	ungegn	bârĭsthan
សំឡេង	chat	samleng
សំឡេង	ungegn	sâmléng
រត់	chat	rot
រត់	ungegn	rót
លឿន	chat	loean
លឿន	ungegn	lœăn
ពាក់	chat	peak
ពាក់	ungegn	peăk
លំបាក	chat	lumbak
លំបាក	ungegn	lumbak
ភាគរយ	chat	pheakroy
ភាគរយ	ungegn	phéakrôy
ដំណឹង	chat	damnoeng
ដំណឹង	ungegn	dâmnœ̆ng
រន្ធ	chat	ronth
រន្ធ	ungegn	rônth
កា	chat	ka
កា	ungegn	ka
មិត្ត	chat	mitt
មិត្ត	ungegn	mĭtt
មិថុនា	chat	mithonea
មិថុនា	ungegn	mĭthŏnéa
ស្តាប់	chat	sdab
ស្តាប់	ungegn	sdăb
ចំ	chat	cham
ចំ	ungegn	châm
នាយ	chat	neay
នាយ	ungegn	néay
បុគ្គល	chat	bokkol
បុគ្គល	ungegn	bŏkkôl
បន្តិច	chat	bantech
បន្តិច	ungegn	bântĕch
ម៉ាក	chat	mak
ម៉ាក	ungegn	mak
គោល	chat	koul
គោល	ungegn	koŭl
សារធាតុ	chat	sartheato
សារធាតុ	ungegn	sarthéatŏ
អ	chat	a
អ	ungegn	'â
ទិន្នន័យ	chat	tinnoney
ទិន្នន័យ	ungegn	tĭnnônoăy
ម៉ែត្រ	chat	maetr
ម៉ែត្រ	ungegn	mêtr
ចម្រៀង	chat	chamrieng
ចម្រៀង	ungegn	châmriĕng
ឆ្លើយតប	chat	chhlaeuytab
ឆ្លើយតប	ungegn	chhlaeuytâb
រាប់	chat	roab
រាប់	ungegn	roăb
កសិកម្ម	chat	kasekamm
កសិកម្ម	ungegn	kâsĕkâmm
ពុំ	chat	pum
ពុំ	ungegn	pŭm
បង់	chat	bang
បង់	ungegn	báng
ផល	chat	phal
ផល	ungegn	phâl
វ័យ	chat	vey
វ័យ	ungegn	voăy
ហិរញ្ញវត្ថុ	chat	heronhnhovttho
ហិរញ្ញវត្ថុ	ungegn	hĕrônhnhôvtthŏ
ទោះជា	chat	tuohchea
ទោះជា	ungegn	tŏăhchéa
បង	chat	bang
បង	ungegn	bâng
ត្រួតពិនិត្យ	chat	truotpinity
ត្រួតពិនិត្យ	ungegn	truŏtpĭnĭty
បទពិសោធន៍	chat	batpisaotho
បទពិសោធន៍	ungegn	bâtpĭsaôthôn
ទាមទារ	chat	teamtear
ទាមទារ	ungegn	téamtéar
សីហា	chat	seiha
សីហា	ungegn	seiha
ម្តង	chat	mdang
ម្តង	ungegn	mdâng
ពាន់	chat	poan
ពាន់	ungegn	poăn
ព្រះសីហនុ	chat	preahseihnu
ព្រះសីហនុ	ungegn	preăhseihnŭ
ការិយាល័យ	chat	kariyealey
ការិយាល័យ	ungegn	karĭyéaloăy
កក្កដា	chat	kakkada
កក្កដា	ungegn	kâkkâda
សុខ	chat	sokh
សុខ	ungegn	sŏkh
ទំនើប	chat	tumneub
ទំនើប	ungegn	tumneub
វ	chat	vo
វ	ungegn	vô
សង្គ្រាម	chat	sangkream
សង្គ្រាម	ungegn	sângkréam
ប្រឈម	chat	prachhom
ប្រឈម	ungegn	prâchhôm
យន្តហោះ	chat	yontahaoh
យន្តហោះ	ungegn	yôntâhaôh
សប្បាយ	chat	sabbay
សប្បាយ	ungegn	sâbbay
នាម	chat	neam
នាម	ungegn	néam
ឧសភា	chat	osphea
ឧសភា	ungegn	ŏsphéa
ផ្ទាល់ខ្លួន	chat	phtoalkhluon
ផ្ទាល់ខ្លួន	ungegn	phtoălkhluŏn
ព្រំដែន	chat	prumdaen
ព្រំដែន	ungegn	prumdên
របប	chat	robab
របប	ungegn	rôbâb
នៅឡើយ	chat	novlaeuy
នៅឡើយ	ungegn	nŏulaeuy
មើលឃើញ	chat	meulkheunh
មើលឃើញ	ungegn	meulkheunh
ធ្នូ	chat	thnu
ធ្នូ	ungegn	thnu
កងទ័ព	chat	kangtoap
កងទ័ព	ungegn	kângtoăp
ធ្វើជា	chat	thveuchea
ធ្វើជា	ungegn	thveuchéa
ឯង	chat	aeng
ឯង	ungegn	êng
រោងចក្រ	chat	roungchakr
រោងចក្រ	ungegn	roŭngchâkr
បាល់	chat	bal
បាល់	ungegn	băl
វាយប្រហារ	chat	veayprahar
វាយប្រហារ	ungegn	véayprâhar
រាងកាយ	chat	reangkay
រាងកាយ	ungegn	réangkay
ផ្សាយ	chat	phsay
ផ្សាយ	ungegn	phsay
ប្រមូល	chat	pramul
ប្រមូល	ungegn	prâmul
ក្រៅពី	chat	kraupi
ក្រៅពី	ungegn	kraupi
មីនា	chat	minea
មីនា	ungegn	minéa
ត្រឹម	chat	troem
ត្រឹម	ungegn	trœ̆m
សិស្ស	chat	sess
សិស្ស	ungegn	sĕss
ងាយ	chat	ngeay
ងាយ	ungegn	ngéay
ជឿ	chat	choea
ជឿ	ungegn	chœă
សញ្ញា	chat	sanhnhea
សញ្ញា	ungegn	sânhnhéa
បើកបរ	chat	baeukbar
បើកបរ	ungegn	baeukbâr
ស្តីពី	chat	sdeipi
ស្តីពី	ungegn	sdeipi
អាស៊ាន	chat	asean
អាស៊ាន	ungegn	aséan
ទឹកចិត្ត	chat	tuekchett
ទឹកចិត្ត	ungegn	tœ̆kchĕtt
លិច	chat	lich
លិច	ungegn	lĭch
ក្រុមប្រឹក្សា	chat	kromproeksa
ក្រុមប្រឹក្សា	ungegn	krŏmprœ̆ksa
ហាង	chat	hang
ហាង	ungegn	hang
ពេញនិយម	chat	penhniyom
ពេញនិយម	ungegn	pénhnĭyôm
អី	chat	ei
អី	ungegn	ei
ធ្ងន់ធ្ងរ	chat	thngonthngor
ធ្ងន់ធ្ងរ	ungegn	thngónthngôr
គណនី	chat	konni
គណនី	ungegn	kônni
ព្រមព្រៀង	chat	promprieng
ព្រមព្រៀង	ungegn	prômpriĕng
ទំនិញ	chat	tumninh
ទំនិញ	ungegn	tumnĭnh
ទៅវិញ	chat	tovvinh
ទៅវិញ	ungegn	tŏuvĭnh
ទំព័រ	chat	tumpoar
ទំព័រ	ungegn	tumpoăr
ដឹកជញ្ជូន	chat	doekchonhchun
ដឹកជញ្ជូន	ungegn	dœ̆kchônhchun
សម្រេចចិត្ត	chat	samrechchett
សម្រេចចិត្ត	ungegn	sâmréchchĕtt
ទាក់ទាញ	chat	teakteanh
ទាក់ទាញ	ungegn	teăktéanh
រដូវ	chat	rodouv
រដូវ	ungegn	rôdov
បញ្ជា	chat	banhchea
បញ្ជា	ungegn	bânhchéa
សក់	chat	sak
សក់	ungegn	sák
រួមទាំង	chat	ruomteang
រួមទាំង	ungegn	ruŏmteăng
សាកល្បង	chat	saklbang
សាកល្បង	ungegn	saklbâng
ជាងគេ	chat	cheangke
ជាងគេ	ungegn	chéangké
សុខាភិបាល	chat	sokhaphibal
សុខាភិបាល	ungegn	sŏkhaphĭbal
សង្គ្រោះ	chat	sangkruoh
សង្គ្រោះ	ungegn	sângkrŏăh
ក្តៅ	chat	kdau
ក្តៅ	ungegn	kdau
សម្រួល	chat	samruol
សម្រួល	ungegn	sâmruŏl
ពិតប្រាកដ	chat	pitprakad
ពិតប្រាកដ	ungegn	pĭtprakâd
មាត់	chat	moat
មាត់	ungegn	moăt
នរណា	chat	norna
នរណា	ungegn	nôrna
នារី	chat	neari
នារី	ungegn	néari
លី	chat	li
លី	ungegn	li
រៀល	chat	riel
រៀល	ungegn	riĕl
មេរោគ	chat	merouk
មេរោគ	ungegn	méroŭk
គូ	chat	ku
គូ	ungegn	ku
បញ្ចេញ	chat	banhchenh
បញ្ចេញ	ungegn	bânhchénh
ប្រព្រឹត្ត	chat	prapruett
ប្រព្រឹត្ត	ungegn	prâprœ̆tt
គោលបំណង	chat	koulbamnang
គោលបំណង	ungegn	koŭlbâmnâng
ភ្នំ	chat	phnum
ភ្នំ	ungegn	phnum
វត្ត	chat	vott
វត្ត	ungegn	vôtt
សិល្បៈ	chat	selbak
សិល្បៈ	ungegn	sĕlbă
បក្ស	chat	baks
បក្ស	ungegn	bâks
បណ្តុះបណ្តាល	chat	bandohbandal
បណ្តុះបណ្តាល	ungegn	bândŏhbândal
ឧស្សាហកម្ម	chat	ossahkamm
ឧស្សាហកម្ម	ungegn	ŏssahkâmm
ចែករំលែក	chat	chaekrumlaek
ចែករំលែក	ungegn	chêkrumlêk
អនាគត	chat	aneakot
អនាគត	ungegn	'ânéakôt
មេសា	chat	mesa
មេសា	ungegn	mésa
ទប់ស្កាត់	chat	tobskat
ទប់ស្កាត់	ungegn	tóbskăt
យុទ្ធសាស្ត្រ	chat	yutthosastr
យុទ្ធសាស្ត្រ	ungegn	yŭtthôsastr
សហប្រតិបត្តិការ	chat	sahpratebatdekar
សហប្រតិបត្តិការ	ungegn	sâhprâtĕbâtdĕkar
ខ្លី	chat	khlei
ខ្លី	ungegn	khlei
ពិបាក	chat	pibak
ពិបាក	ungegn	pĭbak
បំណង	chat	bamnang
បំណង	ungegn	bâmnâng
ការអនុវត្ត	chat	karonuvott
ការអនុវត្ត	ungegn	karô'nŭvôtt
កុម្ភៈ	chat	kompheak
កុម្ភៈ	ungegn	kŏmpheă
ផ្ទៃ	chat	phtey
ផ្ទៃ	ungegn	phtey
ខ្មៅ	chat	khmau
ខ្មៅ	ungegn	khmau
ទឹកដី	chat	tuekdei
ទឹកដី	ungegn	tœ̆kdei
តែង	chat	taeng
តែង	ungegn	têng
ឧត្តមសេនីយ៍	chat	otdamseni
ឧត្តមសេនីយ៍	ungegn	ŏtdâmséniy
ធនធាន	chat	thonthean
ធនធាន	ungegn	thônthéan
រចនា	chat	rochnea
រចនា	ungegn	rôchnéa
បញ្ជី	chat	banhchi
បញ្ជី	ungegn	bânhchi
ត្រៀម	chat	triem
ត្រៀម	ungegn	triĕm
អាវុធ	chat	avuth
អាវុធ	ungegn	avŭth
ភ្លើង	chat	phleung
ភ្លើង	ungegn	phleung
ឆ្លងកាត់	chat	chhlangkat
ឆ្លងកាត់	ungegn	chhlângkăt
ភ្ញាក់ផ្អើល	chat	phnheakphaeul
ភ្ញាក់ផ្អើល	ungegn	phnheăkph'aeul
ចិញ្ចឹម	chat	chenhchoem
ចិញ្ចឹម	ungegn	chĕnhchœ̆m
ពីនេះ	chat	pineh
ពីនេះ	ungegn	pinéh
សន្តិភាព	chat	santepheap
សន្តិភាព	ungegn	sântĕphéap
ឃើញថា	chat	kheunhtha
ឃើញថា	ungegn	kheunhtha
មាស	chat	meas
មាស	ungegn	méas
ដោយឡែក	chat	daoylaek
ដោយឡែក	ungegn	daôylêk
បុក	chat	bok
បុក	ungegn	bŏk
ផ្សារ	chat	phsar
ផ្សារ	ungegn	phsar
ទីនេះ	chat	tineh
ទីនេះ	ungegn	tinéh
ក្លិប	chat	kleb
ក្លិប	ungegn	klĕb
លួច	chat	luoch
លួច	ungegn	luŏch
វិភាគ	chat	vipheak
វិភាគ	ungegn	vĭphéak
ឡាន	chat	lan
ឡាន	ungegn	lan
ការ៉ាត់	chat	karat
ការ៉ាត់	ungegn	karăt
តួនាទី	chat	tuoneati
តួនាទី	ungegn	tuŏnéati
អាទិត្យ	chat	atity
អាទិត្យ	ungegn	atĭty
បាត់ដំបង	chat	batdambang
បាត់ដំបង	ungegn	bătdâmbâng
ពោល	chat	poul
ពោល	ungegn	poŭl
ក្រហម	chat	kraham
ក្រហម	ungegn	krâhâm
ទាប	chat	teab
ទាប	ungegn	téab
តែមួយ	chat	taemuoy
តែមួយ	ungegn	têmuŏy
រសៀល	chat	rosiel
រសៀល	ungegn	rôsiĕl
សមាគម	chat	sameakom
សមាគម	ungegn	sâméakôm
អាស៊ី	chat	asi
អាស៊ី	ungegn	asi
យ៉ាងណាក៏ដោយ	chat	yangnakadaoy
យ៉ាងណាក៏ដោយ	ungegn	yangnakâdaôy
គ្រូពេទ្យ	chat	krupety
គ្រូពេទ្យ	ungegn	krupéty
ប្រពន្ធ	chat	praponth
ប្រពន្ធ	ungegn	prâpônth
ក្រុមគ្រួសារ	chat	kromkruosar
ក្រុមគ្រួសារ	ungegn	krŏmkruŏsar
ស្មើ	chat	smaeu
ស្មើ	ungegn	smaeu
ចាំ	chat	cham
ចាំ	ungegn	chăm
ប្រាសាទ	chat	prasat
ប្រាសាទ	ungegn	prasat
ឯកជន	chat	aekchon
ឯកជន	ungegn	êkchôn
គ្រប់គ្រាន់	chat	krobkroan
គ្រប់គ្រាន់	ungegn	króbkroăn
កង់	chat	kang
កង់	ungegn	káng
រំពឹង	chat	rumpueng
រំពឹង	ungegn	rumpœ̆ng
វេទិកា	chat	vetika
វេទិកា	ungegn	vétĭka
អំពាវនាវ	chat	ampeavneav
អំពាវនាវ	ungegn	'âmpéavnéav
សៀវភៅ	chat	sievphov
សៀវភៅ	ungegn	siĕvphŏu
ជ	chat	cho
ជ	ungegn	chô
ប្រែ	chat	prae
ប្រែ	ungegn	prê
ប្រគល់	chat	prakol
ប្រគល់	ungegn	prâkól
ផលប៉ះពាល់	chat	phalpahpoal
ផលប៉ះពាល់	ungegn	phâlpăhpoăl
រង់ចាំ	chat	rongcham
រង់ចាំ	ungegn	róngchăm
ថ្ម	chat	thma
ថ្ម	ungegn	thmâ
កាល	chat	kal
កាល	ungegn	kal
ទាំងស្រុង	chat	teangsrong
ទាំងស្រុង	ungegn	teăngsrŏng
ចាប់តាំងពី	chat	chabtangpi
ចាប់តាំងពី	ungegn	chăbtăngpi
មេដឹកនាំ	chat	medoeknoam
មេដឹកនាំ	ungegn	médœ̆knŏâm
ឥទ្ធិពល	chat	etthipol
ឥទ្ធិពល	ungegn	ĕtthĭpôl
អភិបាល	chat	aphibal
អភិបាល	ungegn	'âphĭbal
ថែមទៀត	chat	thaemtiet
ថែមទៀត	ungegn	thêmtiĕt
ពេក	chat	pek
ពេក	ungegn	pék
នីមួយ	chat	nimuoy
នីមួយ	ungegn	nimuŏy
មុខងារ	chat	mukhngear
មុខងារ	ungegn	mŭkhngéar
រីកចម្រើន	chat	rikchamreun
រីកចម្រើន	ungegn	rikchâmreun
ស្នើ	chat	snaeu
ស្នើ	ungegn	snaeu
គណៈកម្មាធិការ	chat	konakkammeathikar
គណៈកម្មាធិការ	ungegn	kônăkâmméathĭkar
សំណាង	chat	samnang
សំណាង	ungegn	sâmnang
ស្នាក់នៅ	chat	snaknov
ស្នាក់នៅ	ungegn	snăknŏu
ជំនឿ	chat	chumnoea
ជំនឿ	ungegn	chumnœă
ផ្ទុក	chat	phtuk
ផ្ទុក	ungegn	phtŭk
បង្ក្រាប	chat	bangkrab
បង្ក្រាប	ungegn	bângkrab
ឈរ	chat	chhor
ឈរ	ungegn	chhôr
ខ្យល់	chat	khyal
ខ្យល់	ungegn	khyál
ទាំងមូល	chat	teangmul
ទាំងមូល	ungegn	teăngmul
ចោទប្រកាន់	chat	chaotprakan
ចោទប្រកាន់	ungegn	chaôtprâkăn
ឆ្ងាយ	chat	chhngay
ឆ្ងាយ	ungegn	chhngay
រៀងរាល់	chat	riengroal
រៀងរាល់	ungegn	riĕngroăl
សូវ	chat	souv
សូវ	ungegn	sov
អ៊ុយក្រែន	chat	uykraen
អ៊ុយក្រែន	ungegn	ŭykrên
ផ្គត់ផ្គង់	chat	phkotphkong
ផ្គត់ផ្គង់	ungegn	phkótphkóng
ប្តូរ	chat	pdour
ប្តូរ	ungegn	pdor
មជ្ឈមណ្ឌល	chat	mochchhomndol
មជ្ឈមណ្ឌល	ungegn	môchchhômndôl
ប្រយោជន៍	chat	prayoucho
ប្រយោជន៍	ungegn	prâyoŭchôn
ទូទៅ	chat	tutov
ទូទៅ	ungegn	tutŏu
រីក	chat	rik
រីក	ungegn	rik
ដាច់	chat	dach
ដាច់	ungegn	dăch
រួមគ្នា	chat	ruomknea
រួមគ្នា	ungegn	ruŏmknéa
ដំណាក់កាល	chat	damnakkal
ដំណាក់កាល	ungegn	dâmnăkkal
ព្រៃ	chat	prey
ព្រៃ	ungegn	prey
ជំនួស	chat	chumnuos
ជំនួស	ungegn	chumnuŏs
ប្តី	chat	pdei
ប្តី	ungegn	pdei
បណ្ឌិត	chat	bandit
បណ្ឌិត	ungegn	bândĭt
តាមដាន	chat	tamdan
តាមដាន	ungegn	tamdan
សិទ្ធិមនុស្ស	chat	setthimnuss
សិទ្ធិមនុស្ស	ungegn	sĕtthĭmnŭss
អំឡុងពេល	chat	amlongpel
អំឡុងពេល	ungegn	'âmlŏngpél
សង្ឃឹម	chat	sangkhuem
សង្ឃឹម	ungegn	sângkhœ̆m
បង្វិល	chat	bangvil
បង្វិល	ungegn	bângvĭl
តេស្ត	chat	test
តេស្ត	ungegn	tést
សុទ្ធតែ	chat	sotthotae
សុទ្ធតែ	ungegn	sŏtthôtê
ឆាប់	chat	chhab
ឆាប់	ungegn	chhăb
អាក្រក់	chat	akrok
អាក្រក់	ungegn	akrók
ថែរក្សា	chat	thaerksa
ថែរក្សា	ungegn	thêrksa
សម័យ	chat	samey
សម័យ	ungegn	sâmoăy
ស្រលាញ់	chat	sraloanh
ស្រលាញ់	ungegn	srâloănh
នាយក	chat	neayok
នាយក	ungegn	néayôk
រឹងមាំ	chat	ruengmoam
រឹងមាំ	ungegn	rœ̆ngmŏâm
សំណង់	chat	samnang
សំណង់	ungegn	sâmnáng
ត្រង់	chat	trang
ត្រង់	ungegn	tráng
មានតែ	chat	meantae
មានតែ	ungegn	méantê
ម្តងទៀត	chat	mdangtiet
ម្តងទៀត	ungegn	mdângtiĕt
ឥណ្ឌា	chat	endea
ឥណ្ឌា	ungegn	ĕndéa
ទទួលស្គាល់	chat	totuolskoal
ទទួលស្គាល់	ungegn	tôtuŏlskoăl
ប្រចាំថ្ងៃ	chat	prachamthngai
ប្រចាំថ្ងៃ	ungegn	prâchămthngai
ឈប់	chat	chhob
ឈប់	ungegn	chhób
ពង្រីក	chat	pongrik
ពង្រីក	ungegn	pôngrik
ល្ងាច	chat	lngeach
ល្ងាច	ungegn	lngéach
សហព័ន្ធ	chat	sahpoanth
សហព័ន្ធ	ungegn	sâhpoănth
ចែក	chat	chaek
ចែក	ungegn	chêk
ទម្រង់	chat	tomrong
ទម្រង់	ungegn	tômróng
ប៉ុស្តិ៍	chat	po
ប៉ុស្តិ៍	ungegn	pŏsdĕ
ជំនាន់	chat	chumnoan
ជំនាន់	ungegn	chumnoăn
ទាំងឡាយ	chat	teanglay
ទាំងឡាយ	ungegn	teănglay
ទម្ងន់	chat	tomngon
ទម្ងន់	ungegn	tômngón
ទទួលខុសត្រូវ	chat	totuolkhostrouv
ទទួលខុសត្រូវ	ungegn	tôtuŏlkhŏstrov
ហេតុការណ៍	chat	hetokaro
ហេតុការណ៍	ungegn	hétŏkarôn
នាំពាក្យ	chat	noampeaky
នាំពាក្យ	ungegn	nŏâmpéaky
វត្ថុ	chat	vottho
វត្ថុ	ungegn	vôtthŏ
មហាជន	chat	mohachon
មហាជន	ungegn	môhachôn
គ្រូ	chat	kru
គ្រូ	ungegn	kru
ស្នេហា	chat	sneha
ស្នេហា	ungegn	snéha
ញ៉ាំ	chat	nham
ញ៉ាំ	ungegn	nhăm
ផ្ទុះ	chat	phtuh
ផ្ទុះ	ungegn	phtŭh
សំណាក់	chat	samnak
សំណាក់	ungegn	sâmnăk
ទាញយក	chat	teanhyok
ទាញយក	ungegn	téanhyôk
តំណែង	chat	tamnaeng
តំណែង	ungegn	tâmnêng
ពិន្ទុ	chat	pintu
ពិន្ទុ	ungegn	pĭntŭ
ការបរទេស	chat	karbartes
ការបរទេស	ungegn	karbârtés
កោះ	chat	kaoh
កោះ	ungegn	kaôh
ប្រពៃណី	chat	prapeynei
ប្រពៃណី	ungegn	prâpeynei
មុខរបរ	chat	mukharbar
មុខរបរ	ungegn	mŭkhârbâr
ធ្ងន់	chat	thngon
ធ្ងន់	ungegn	thngón
រាលដាល	chat	realdal
រាលដាល	ungegn	réaldal
ទន្លេ	chat	tonle
ទន្លេ	ungegn	tônlé
ល្បឿន	chat	lboean
ល្បឿន	ungegn	lbœăn
វត្តមាន	chat	votdamean
វត្តមាន	ungegn	vôtdâméan
ស្រស់ស្អាត	chat	srassat
ស្រស់ស្អាត	ungegn	sráss'at
ហេតុផល	chat	hetophal
ហេតុផល	ungegn	hétŏphâl
ចាប់ខ្លួន	chat	chabkhluon
ចាប់ខ្លួន	ungegn	chăbkhluŏn
ថែមទាំង	chat	thaemteang
ថែមទាំង	ungegn	thêmteăng
អង្គភាព	chat	angkopheap
អង្គភាព	ungegn	'ângkôphéap
ម្សិលមិញ	chat	msilminh
ម្សិលមិញ	ungegn	msĭlmĭnh
បង្រៀន	chat	bangrien
បង្រៀន	ungegn	bângriĕn
តែប៉ុណ្ណោះ	chat	taeponnaoh
តែប៉ុណ្ណោះ	ungegn	têpŏnnaôh
ឈឺ	chat	chhueu
ឈឺ	ungegn	chhœ
សព្វថ្ងៃ	chat	sapvothngey
សព្វថ្ងៃ	ungegn	sâpvôthngey
ផ្តោត	chat	phdaot
ផ្តោត	ungegn	phdaôt
ប្រជុំ	chat	prachum
ប្រជុំ	ungegn	prâchŭm
ចាកចេញ	chat	chakchenh
ចាកចេញ	ungegn	chakchénh
បទល្មើស	chat	batlmeus
បទល្មើស	ungegn	bâtlmeus
ស្រាប់តែ	chat	srabtae
ស្រាប់តែ	ungegn	srăbtê
អាវ	chat	av
អាវ	ungegn	av
គ្រឿងញៀន	chat	kroeangnhien
គ្រឿងញៀន	ungegn	krœăngnhiĕn
ទៀតផង	chat	tietphang
ទៀតផង	ungegn	tiĕtphâng
ស្នើសុំ	chat	snaeusom
ស្នើសុំ	ungegn	snaeusom
បុរាណ	chat	borean
បុរាណ	ungegn	bŏréan
ផ្លែ	chat	phlae
ផ្លែ	ungegn	phlê
ច្បាស់លាស់	chat	chbasloas
ច្បាស់លាស់	ungegn	chbăsloăs
បន្តបន្ទាប់	chat	bantabntoab
បន្តបន្ទាប់	ungegn	bântâbntoăb
សុបិន	chat	soben
សុបិន	ungegn	sŏbĕn
ប្រេង	chat	preng
ប្រេង	ungegn	préng
រ៉ូឡែត	chat	roulaet
រ៉ូឡែត	ungegn	rolêt
ឪពុក	chat	aupuk
ឪពុក	ungegn	âupŭk
ដែន	chat	daen
ដែន	ungegn	dên
បង្កើតឡើង	chat	bangkaeutlaeung
បង្កើតឡើង	ungegn	bângkaeutlaeung
គណៈកម្មការ	chat	konakkammokar
គណៈកម្មការ	ungegn	kônăkâmmôkar
លិខិត	chat	likhet
លិខិត	ungegn	lĭkhĕt
កងកម្លាំង	chat	kangkamleang
កងកម្លាំង	ungegn	kângkâmleăng
ទេសចរ	chat	teschar
ទេសចរ	ungegn	téschâr
នាំគ្នា	chat	noamknea
នាំគ្នា	ungegn	nŏâmknéa
រាជាណាចក្រ	chat	reacheanachakr
រាជាណាចក្រ	ungegn	réachéanachâkr
សា	chat	sa
សា	ungegn	sa
ជួញដូរ	chat	chuonhdour
ជួញដូរ	ungegn	chuŏnhdor
ផលិតកម្ម	chat	phalitkamm
ផលិតកម្ម	ungegn	phâlĭtkâmm
ប្រវត្តិសាស្ត្រ	chat	pravotdesastr
ប្រវត្តិសាស្ត្រ	ungegn	prâvôtdĕsastr
ជាងមុន	chat	cheangmun
ជាងមុន	ungegn	chéangmŭn
លទ្ធភាព	chat	lotthopheap
លទ្ធភាព	ungegn	lôtthôphéap
គួរឲ្យ	chat	kuorao
គួរឲ្យ	ungegn	kuŏraô
សោះ	chat	saoh
សោះ	ungegn	saôh
ទូរទស្សន៍	chat	turtossa
ទូរទស្សន៍	ungegn	turtôssân
បំផ្លាញ	chat	bamphlanh
បំផ្លាញ	ungegn	bâmphlanh
ប៉ូលិស	chat	poulis
ប៉ូលិស	ungegn	polĭs
ប្អូន	chat	poun
ប្អូន	ungegn	p'on
ឈុត	chat	chhut
ឈុត	ungegn	chhŭt
ប្រកួតប្រជែង	chat	prakuotprachaeng
ប្រកួតប្រជែង	ungegn	prâkuŏtprâchêng
រដូវកាល	chat	rodouvkal
រដូវកាល	ungegn	rôdovkal
លំដាប់	chat	lumdab
លំដាប់	ungegn	lumdăb
នី	chat	ni
នី	ungegn	ni
ពីព្រោះ	chat	pipruoh
ពីព្រោះ	ungegn	piprŏăh
បេះដូង	chat	behdoung
បេះដូង	ungegn	béhdong
រិះគន់	chat	rihkon
រិះគន់	ungegn	rĭhkón
ដំណោះស្រាយ	chat	damnaohsray
ដំណោះស្រាយ	ungegn	dâmnaôhsray
សង្គ្រោះជាតិ	chat	sangkruohcheate
សង្គ្រោះជាតិ	ungegn	sângkrŏăhchéatĕ
កសិករ	chat	kasekar
កសិករ	ungegn	kâsĕkâr
យុត្តិធម៌	chat	yutdethorm
យុត្តិធម៌	ungegn	yŭtdĕthôrm
វីរុស	chat	virus
វីរុស	ungegn	virŭs
ប្រាកដ	chat	prakad
ប្រាកដ	ungegn	prakâd
វាយតម្លៃ	chat	veaytamley
វាយតម្លៃ	ungegn	véaytâmley
សូម្បីតែ	chat	soumbeitae
សូម្បីតែ	ungegn	sombeitê
បណ្តោយ	chat	bandaoy
បណ្តោយ	ungegn	bândaôy
សម្ភារៈ	chat	sampheareak
សម្ភារៈ	ungegn	sâmphéareă
ចន្លោះ	chat	chanluoh
ចន្លោះ	ungegn	chânlŏăh
រំភើប	chat	rumpheub
រំភើប	ungegn	rumpheub
ខិតខំ	chat	khetkham
ខិតខំ	ungegn	khĕtkhâm
ហ៊ាន	chat	hean
ហ៊ាន	ungegn	héan
អគារ	chat	akear
អគារ	ungegn	'âkéar
ជួល	chat	chuol
ជួល	ungegn	chuŏl
កំណើត	chat	kamnaeut
កំណើត	ungegn	kâmnaeut
ក្រោយមក	chat	kraoymok
ក្រោយមក	ungegn	kraôymôk
ទីនោះ	chat	tinuoh
ទីនោះ	ungegn	tinŏăh
សុខា	chat	sokha
សុខា	ungegn	sŏkha
អត្ថប្រយោជន៍	chat	atthabroyoucho
អត្ថប្រយោជន៍	ungegn	'âtthâbrôyoŭchôn
កត្តា	chat	katda
កត្តា	ungegn	kâtda
ចាញ់	chat	chanh
ចាញ់	ungegn	chănh
ពានរង្វាន់	chat	peanrongvoan
ពានរង្វាន់	ungegn	péanrôngvoăn
សកម្ម	chat	sakamm
សកម្ម	ungegn	sâkâmm
លោកជំទាវ	chat	loukchumteav
លោកជំទាវ	ungegn	loŭkchumtéav
យុទ្ធនាការ	chat	yutthoneakar
យុទ្ធនាការ	ungegn	yŭtthônéakar
ជីវភាព	chat	chivpheap
ជីវភាព	ungegn	chivphéap
មើលទៅ	chat	meultov
មើលទៅ	ungegn	meultŏu
ពេញលេញ	chat	penhlenh
ពេញលេញ	ungegn	pénhlénh
លែង	chat	laeng
លែង	ungegn	lêng
បណ្តឹង	chat	bandoeng
បណ្តឹង	ungegn	bândœ̆ng
ចលនា	chat	chalnea
ចលនា	ungegn	châlnéa
ហៅថា	chat	hautha
ហៅថា	ungegn	hautha
និយម	chat	niyom
និយម	ungegn	nĭyôm
ប្រតិបត្តិ	chat	pratebatde
ប្រតិបត្តិ	ungegn	prâtĕbâtdĕ
បន្តទៀត	chat	bantatiet
បន្តទៀត	ungegn	bântâtiĕt
ទទួលទាន	chat	totuoltean
ទទួលទាន	ungegn	tôtuŏltéan
ទាហាន	chat	teahan
ទាហាន	ungegn	téahan
ទៅទៀត	chat	tovtiet
ទៅទៀត	ungegn	tŏutiĕt
ខិត	chat	khet
ខិត	ungegn	khĕt
ដាំ	chat	dam
ដាំ	ungegn	dăm
នីតិវិធី	chat	nitevithi
នីតិវិធី	ungegn	nitĕvĭthi
កាសែត	chat	kasaet
កាសែត	ungegn	kasêt
ឆ្នោត	chat	chhnaot
ឆ្នោត	ungegn	chhnaôt
សន្លឹក	chat	sanluek
សន្លឹក	ungegn	sânlœ̆k
កត់សម្គាល់	chat	katsamkoal
កត់សម្គាល់	ungegn	kátsâmkoăl
គោលការណ៍	chat	koulkaro
គោលការណ៍	ungegn	koŭlkarôn
ខ្នង	chat	khnang
ខ្នង	ungegn	khnâng
ស្ពាន	chat	spean
ស្ពាន	ungegn	spéan
ជាន់ខ្ពស់	chat	choankhpos
ជាន់ខ្ពស់	ungegn	choănkhpós
រកស៊ី	chat	roksi
រកស៊ី	ungegn	rôksi
ខ្លាច	chat	khlach
ខ្លាច	ungegn	khlach
គេង	chat	keng
គេង	ungegn	kéng
បន្ទាយមានជ័យ	chat	banteaymeanchey
បន្ទាយមានជ័យ	ungegn	bântéayméanchoăy
ទុកចិត្ត	chat	tukchett
ទុកចិត្ត	ungegn	tŭkchĕtt
ខុសគ្នា	chat	khosknea
ខុសគ្នា	ungegn	khŏsknéa
ខ្លាំងណាស់	chat	khlangnas
ខ្លាំងណាស់	ungegn	khlăngnăs
នៅឯ	chat	novae
នៅឯ	ungegn	nŏuê
លើកកម្ពស់	chat	leukkampos
លើកកម្ពស់	ungegn	leukkâmpós
ហេតុ	chat	heto
ហេតុ	ungegn	hétŏ
សិន	chat	sen
សិន	ungegn	sĕn
អភិបាលខេត្ត	chat	aphibalkhett
អភិបាលខេត្ត	ungegn	'âphĭbalkhétt
អ្នកនាង	chat	nakneang
អ្នកនាង	ungegn	'nâknéang
វិធីសាស្ត្រ	chat	vithisastr
វិធីសាស្ត្រ	ungegn	vĭthisastr
អំណោយ	chat	amnaoy
អំណោយ	ungegn	'âmnaôy
ទោស	chat	tous
ទោស	ungegn	toŭs
ចាត់	chat	chat
ចាត់	ungegn	chăt
កម្ម	chat	kamm
កម្ម	ungegn	kâmm
ហិង្សា	chat	hengsea
ហិង្សា	ungegn	hĕngséa
អាជីព	chat	achip
អាជីព	ungegn	achip
តម្រូវ	chat	tamruv
តម្រូវ	ungegn	tâmruv
ព្រៃឈើ	chat	preychheu
ព្រៃឈើ	ungegn	preychheu
រួចហើយ	chat	ruochhaeuy
រួចហើយ	ungegn	ruŏchhaeuy
បដិសេធ	chat	badeseth
បដិសេធ	ungegn	bâdĕséth
លក្ខខណ្ឌ	chat	lokkhakhand
លក្ខខណ្ឌ	ungegn	lôkkhâkhând
វិទ្យុ	chat	vityu
វិទ្យុ	ungegn	vĭtyŭ
អេ	chat	e
អេ	ungegn	é
ចំណេញ	chat	chamnenh
ចំណេញ	ungegn	châmnénh
ទស្សនកិច្ច	chat	tossankechch
ទស្សនកិច្ច	ungegn	tôssânkĕchch
ជឿជាក់	chat	choeacheak
ជឿជាក់	ungegn	chœăcheăk
ព្រម	chat	prom
ព្រម	ungegn	prôm
អគ្គ	chat	akk
អគ្គ	ungegn	'âkk
ភាពយន្ត	chat	pheapyont
ភាពយន្ត	ungegn	phéapyônt
មិនដែល	chat	mindael
មិនដែល	ungegn	mĭndêl
គ្រោង	chat	kroung
គ្រោង	ungegn	kroŭng
ប្រជាធិបតេយ្យ	chat	pracheathibteyy
ប្រជាធិបតេយ្យ	ungegn	prâchéathĭbtéyy
ផ្ញើ	chat	phnhaeu
ផ្ញើ	ungegn	phnhaeu
ពេញចិត្ត	chat	penhchett
ពេញចិត្ត	ungegn	pénhchĕtt
ជម្លោះ	chat	chomluoh
ជម្លោះ	ungegn	chômlŏăh
សង្ឃ	chat	sangkh
សង្ឃ	ungegn	sângkh
ទិសដៅ	chat	tisdau
ទិសដៅ	ungegn	tĭsdau
ចូរ	chat	chour
ចូរ	ungegn	chor
មធ្យម	chat	mothyom
មធ្យម	ungegn	môthyôm
និស្សិត	chat	nisset
និស្សិត	ungegn	nĭssĕt
ខូចខាត	chat	khouchkhat
ខូចខាត	ungegn	khochkhat
ជំហាន	chat	chumhan
ជំហាន	ungegn	chumhan
រីឯ	chat	riae
រីឯ	ungegn	riê
ហានិភ័យ	chat	haniphey
ហានិភ័យ	ungegn	hanĭphoăy
ចេញផ្សាយ	chat	chenhphsay
ចេញផ្សាយ	ungegn	chénhphsay
វិជ្ជាជីវៈ	chat	vichcheachiveak
វិជ្ជាជីវៈ	ungegn	vĭchchéachiveă
វិល	chat	vil
វិល	ungegn	vĭl
រំលោភ	chat	rumlouph
រំលោភ	ungegn	rumloŭph
ឥណទាន	chat	entean
ឥណទាន	ungegn	ĕntéan
តវ៉ា	chat	tava
តវ៉ា	ungegn	tâva
កែវ	chat	kaev
កែវ	ungegn	kêv
ចំណេះដឹង	chat	chamnehdoeng
ចំណេះដឹង	ungegn	châmnéhdœ̆ng
សភា	chat	saphea
សភា	ungegn	sâphéa
កំណើន	chat	kamnaeun
កំណើន	ungegn	kâmnaeun
សំរាប់	chat	samroab
សំរាប់	ungegn	sâmroăb
មហារីក	chat	moharik
មហារីក	ungegn	môharik
សរសៃ	chat	sarsai
សរសៃ	ungegn	sârsai
សាខា	chat	sakha
សាខា	ungegn	sakha
ទ្វារ	chat	tvear
ទ្វារ	ungegn	tvéar
ពេទ្យ	chat	pety
ពេទ្យ	ungegn	péty
ទោះ	chat	tuoh
ទោះ	ungegn	tŏăh
ផ្ទេរ	chat	phter
ផ្ទេរ	ungegn	phtér
សេរី	chat	seri
សេរី	ungegn	séri
សព	chat	sap
សព	ungegn	sâp
តា	chat	ta
តា	ungegn	ta
ឈឺចាប់	chat	chhueuchab
ឈឺចាប់	ungegn	chhœchăb
ខ	chat	kha
ខ	ungegn	khâ
រស់	chat	ros
រស់	ungegn	rós
ឧកញ៉ា	chat	oknha
ឧកញ៉ា	ungegn	ŏknha
រយ	chat	roy
រយ	ungegn	rôy
នាំចេញ	chat	noamchenh
នាំចេញ	ungegn	nŏâmchénh
សល់	chat	sal
សល់	ungegn	sál
សំណួរ	chat	samnuor
សំណួរ	ungegn	sâmnuŏr
ពន្លឺ	chat	ponlueu
ពន្លឺ	ungegn	pônlœ
ធាតុ	chat	theato
ធាតុ	ungegn	théatŏ
សាសនា	chat	sasnea
សាសនា	ungegn	sasnéa
លេច	chat	lech
លេច	ungegn	léch
វេជ្ជបណ្ឌិត	chat	vechchobndit
វេជ្ជបណ្ឌិត	ungegn	véchchôbndĭt
រូបថត	chat	rubthat
រូបថត	ungegn	rubthât
ដូចនេះ	chat	douchneh
ដូចនេះ	ungegn	dochnéh
វិទ្យាសាស្ត្រ	chat	vityeasastr
វិទ្យាសាស្ត្រ	ungegn	vĭtyéasastr
ខ្វះ	chat	khvah
ខ្វះ	ungegn	khvăh
ទ	chat	to
ទ	ungegn	tô
ផ្អែក	chat	phaek
ផ្អែក	ungegn	ph'êk
កុំព្យូទ័រ	chat	kompyutoar
កុំព្យូទ័រ	ungegn	kompyutoăr
ប្រដាល់	chat	pradal
ប្រដាល់	ungegn	prâdăl
សហភាព	chat	sahpheap
សហភាព	ungegn	sâhphéap
ពាក់កណ្តាល	chat	peakkandal
ពាក់កណ្តាល	ungegn	peăkkândal
ស្រា	chat	sra
ស្រា	ungegn	sra
ខំប្រឹងប្រែង	chat	khamproengpraeng
ខំប្រឹងប្រែង	ungegn	khâmprœ̆ngprêng
គ្រប់យ៉ាង	chat	krobyang
គ្រប់យ៉ាង	ungegn	króbyang
មហាផ្ទៃ	chat	mohaphtey
មហាផ្ទៃ	ungegn	môhaphtey
ឯករាជ្យ	chat	aekreachy
ឯករាជ្យ	ungegn	êkréachy
ទឹកប្រាក់	chat	tuekprak
ទឹកប្រាក់	ungegn	tœ̆kprăk
នេសាទ	chat	nesat
នេសាទ	ungegn	nésat
ចុះផ្សាយ	chat	chohphsay
ចុះផ្សាយ	ungegn	chŏhphsay
វែង	chat	vaeng
វែង	ungegn	vêng
យល់ដឹង	chat	yoldoeng
យល់ដឹង	ungegn	yóldœ̆ng
មិនគួរ	chat	minkuor
មិនគួរ	ungegn	mĭnkuŏr
ពន្ធនាគារ	chat	ponthoneakear
ពន្ធនាគារ	ungegn	pônthônéakéar
រៀបរាប់	chat	riebroab
រៀបរាប់	ungegn	riĕbroăb
អគ្គិសនី	chat	akkisni
អគ្គិសនី	ungegn	'âkkĭsni
ថែទាំ	chat	thaetoam
ថែទាំ	ungegn	thêtŏâm
បំពាក់	chat	bampeak
បំពាក់	ungegn	bâmpeăk
សហប្រជាជាតិ	chat	sahpracheacheate
សហប្រជាជាតិ	ungegn	sâhprâchéachéatĕ
មតិ	chat	mote
មតិ	ungegn	môtĕ
ជាក់លាក់	chat	cheakleak
ជាក់លាក់	ungegn	cheăkleăk
ផុត	chat	phot
ផុត	ungegn	phŏt
លម្អិត	chat	lomet
លម្អិត	ungegn	lôm'ĕt
អាកាស	chat	akas
អាកាស	ungegn	akas
កូនស្រី	chat	kounsrei
កូនស្រី	ungegn	konsrei
ពិចារណា	chat	picharna
ពិចារណា	ungegn	pĭcharna
ខៀវ	chat	khiev
ខៀវ	ungegn	khiĕv
ទីភ្នាក់ងារ	chat	tiphneakngear
ទីភ្នាក់ងារ	ungegn	tiphneăkngéar
ស៊ើបអង្កេត	chat	seubangket
ស៊ើបអង្កេត	ungegn	seub'ângkét
ជួសជុល	chat	chuoschul
ជួសជុល	ungegn	chuŏschŭl
ទន្ទឹម	chat	tontuem
ទន្ទឹម	ungegn	tôntœ̆m
អាស្រ័យ	chat	asrai
អាស្រ័យ	ungegn	asrăy
សុក្រ	chat	sokr
សុក្រ	ungegn	sŏkr
ស្តីពីការ	chat	sdeipikar
ស្តីពីការ	ungegn	sdeipikar
ស្វែងយល់	chat	svaengyol
ស្វែងយល់	ungegn	svêngyól
គំរូ	chat	kumru
គំរូ	ungegn	kumru
ត្រាំ	chat	tram
ត្រាំ	ungegn	trăm
តាំង	chat	tang
តាំង	ungegn	tăng
សម្ពាធ	chat	sampeath
សម្ពាធ	ungegn	sâmpéath
ចំណូល	chat	chamnoul
ចំណូល	ungegn	châmnol
បើសិន	chat	baeusen
បើសិន	ungegn	baeusĕn
ប្រុងប្រយ័ត្ន	chat	prongprayoatn
ប្រុងប្រយ័ត្ន	ungegn	prŏngprâyoătn
ទ្រព្យសម្បត្តិ	chat	tropyosmbatde
ទ្រព្យសម្បត្តិ	ungegn	trôpyôsmbâtdĕ
ជូនដំណឹង	chat	chundamnoeng
ជូនដំណឹង	ungegn	chundâmnœ̆ng
ឪពុកម្តាយ	chat	aupukmday
ឪពុកម្តាយ	ungegn	âupŭkmday
បន្ទាន់	chat	bantoan
បន្ទាន់	ungegn	bântoăn
ប្រកប	chat	prakab
ប្រកប	ungegn	prâkâb
អង្គុយ	chat	angkuy
អង្គុយ	ungegn	'ângkŭy
ឧបត្ថម្ភ	chat	obtthamph
ឧបត្ថម្ភ	ungegn	ŏbtthâmph
រៀបការ	chat	riebkar
រៀបការ	ungegn	riĕbkar
ទុក្ខ	chat	tukkh
ទុក្ខ	ungegn	tŭkkh
វិបត្តិ	chat	vibatde
វិបត្តិ	ungegn	vĭbâtdĕ
ចម្រុះ	chat	chamruh
ចម្រុះ	ungegn	châmrŭh
កញ្ចប់	chat	kanhchab
កញ្ចប់	ungegn	kânhcháb
គីឡូម៉ែត្រ	chat	kiloumaetr
គីឡូម៉ែត្រ	ungegn	kilomêtr
ដែក	chat	daek
ដែក	ungegn	dêk
នាំយក	chat	noamyok
នាំយក	ungegn	nŏâmyôk
ឆ្ពោះទៅ	chat	chhpuohtov
ឆ្ពោះទៅ	ungegn	chhpŏăhtŏu
ពន្ធ	chat	ponth
ពន្ធ	ungegn	pônth
ព្រះវិហារ	chat	preahvihar
ព្រះវិហារ	ungegn	preăhvĭhar
សណ្ឋាគារ	chat	santhakear
សណ្ឋាគារ	ungegn	sânthakéar
អាស៊ីអាគ្នេយ៍	chat	asiakne
អាស៊ីអាគ្នេយ៍	ungegn	asi'aknéy
ចាត់ទុកថា	chat	chattuktha
ចាត់ទុកថា	ungegn	chăttŭktha
ដំឡើង	chat	damlaeung
ដំឡើង	ungegn	dâmlaeung
ព្រួយបារម្ភ	chat	pruoybaromph
ព្រួយបារម្ភ	ungegn	pruŏybarômph
អនុប្រធាន	chat	anubrothean
អនុប្រធាន	ungegn	'ânŭbrôthéan
ក្រ	chat	kra
ក្រ	ungegn	krâ
គន្លឹះ	chat	konlueh
គន្លឹះ	ungegn	kônlœ̆h
គុណ	chat	kun
គុណ	ungegn	kŭn
ចរចា	chat	charcha
ចរចា	ungegn	chârcha
សារៈសំខាន់	chat	sareaksamkhan
សារៈសំខាន់	ungegn	sareăsâmkhăn
មិត្តភក្តិ	chat	mitdaphkde
មិត្តភក្តិ	ungegn	mĭtdâphkdĕ
សាមញ្ញ	chat	samonhnh
សាមញ្ញ	ungegn	samônhnh
អេក្រង់	chat	ekrong
អេក្រង់	ungegn	ékróng
ជានិច្ច	chat	cheanichch
ជានិច្ច	ungegn	chéanĭchch
បួន	chat	buon
បួន	ungegn	buŏn
ជាន់	chat	choan
ជាន់	ungegn	choăn
វិជ្ជមាន	chat	vichchomean
វិជ្ជមាន	ungegn	vĭchchôméan
ផ្ទុយ	chat	phtuy
ផ្ទុយ	ungegn	phtŭy
ប្រែប្រួល	chat	praepruol
ប្រែប្រួល	ungegn	prêpruŏl
រឹង	chat	rueng
រឹង	ungegn	rœ̆ng
លុះ	chat	luh
លុះ	ungegn	lŭh
អូ	chat	ou
អូ	ungegn	o
សំណុំរឿង	chat	samnomroeang
សំណុំរឿង	ungegn	sâmnomrœăng
ស្តេច	chat	sdech
ស្តេច	ungegn	sdéch
មណ្ឌល	chat	mondol
មណ្ឌល	ungegn	môndôl
ហេតុអ្វី	chat	hetovei
ហេតុអ្វី	ungegn	hétŏ'vei
ទើបតែ	chat	teubtae
ទើបតែ	ungegn	teubtê
ខួប	chat	khuob
ខួប	ungegn	khuŏb
ជំនួប	chat	chumnuob
ជំនួប	ungegn	chumnuŏb
តុ	chat	to
តុ	ungegn	tŏ
ពុធ	chat	puth
ពុធ	ungegn	pŭth
ប្រហារ	chat	prahar
ប្រហារ	ungegn	prâhar
ឧទាហរណ៍	chat	oteahro
ឧទាហរណ៍	ungegn	ŏtéahrôn
សម្រាក	chat	samreak
សម្រាក	ungegn	sâmréak
ស្នាម	chat	snam
ស្នាម	ungegn	snam
បញ្ឈប់	chat	banhchhob
បញ្ឈប់	ungegn	bânhchhób
រដ្ឋសភា	chat	rodthasphea
រដ្ឋសភា	ungegn	rôdthâsphéa
ក្រីក្រ	chat	kreikr
ក្រីក្រ	ungegn	kreikr
ណ	chat	na
ណ	ungegn	nâ
អង្គារ	chat	angkear
អង្គារ	ungegn	'ângkéar
កំហុស	chat	kamhos
កំហុស	ungegn	kâmhŏs
ចែកចាយ	chat	chaekchay
ចែកចាយ	ungegn	chêkchay
កាយ	chat	kay
កាយ	ungegn	kay
ចាត់ការ	chat	chatkar
ចាត់ការ	ungegn	chătkar
ចោទ	chat	chaot
ចោទ	ungegn	chaôt
បន្ទុក	chat	bantuk
បន្ទុក	ungegn	bântŭk
សាកលវិទ្យាល័យ	chat	sakalvityealey
សាកលវិទ្យាល័យ	ungegn	sakâlvĭtyéaloăy
ច្រក	chat	chrak
ច្រក	ungegn	chrâk
មិនចង់	chat	minchang
មិនចង់	ungegn	mĭncháng
បោះ	chat	baoh
បោះ	ungegn	baôh
មធ្យោបាយ	chat	mothyoubay
មធ្យោបាយ	ungegn	môthyoŭbay
រក្សាទុក	chat	roksatuk
រក្សាទុក	ungegn	rôksatŭk
អញ្ចឹង	chat	anhchoeng
អញ្ចឹង	ungegn	'ânhchœ̆ng
ជជែក	chat	chochaek
ជជែក	ungegn	chôchêk
បន្លែ	chat	banlae
បន្លែ	ungegn	bânlê
ស្រូវ	chat	srouv
ស្រូវ	ungegn	srov
កំពង់ចាម	chat	kampongcham
កំពង់ចាម	ungegn	kâmpóngcham
កក់	chat	kak
កក់	ungegn	kák
ជាទី	chat	cheati
ជាទី	ungegn	chéati
បកស្រាយ	chat	baksray
បកស្រាយ	ungegn	bâksray
សាលាដំបូង	chat	saleadamboung
សាលាដំបូង	ungegn	saléadâmbong
វ័យក្មេង	chat	veykmeng
វ័យក្មេង	ungegn	voăykméng
នាវា	chat	neavea
នាវា	ungegn	néavéa
ប្លែក	chat	plaek
ប្លែក	ungegn	plêk
ឌីជីថល	chat	dichithal
ឌីជីថល	ungegn	dichithâl
ឧ	chat	o
ឧ	ungegn	ŏ
អង្គរ	chat	angkor
អង្គរ	ungegn	'ângkôr
ហូរ	chat	hour
ហូរ	ungegn	hor
ជំនន់	chat	chumnon
ជំនន់	ungegn	chumnón
ជំនួញ	chat	chumnuonh
ជំនួញ	ungegn	chumnuŏnh
រាង	chat	reang
រាង	ungegn	réang
សម្របសម្រួល	chat	samrobsamruol
សម្របសម្រួល	ungegn	sâmrôbsâmruŏl
អត្រា	chat	atrea
អត្រា	ungegn	'âtréa
ប្រដាប់	chat	pradab
ប្រដាប់	ungegn	prâdăb
ដោត	chat	daot
ដោត	ungegn	daôt
នាយកដ្ឋាន	chat	neaykadthan
នាយកដ្ឋាន	ungegn	néaykâdthan
ផលប្រយោជន៍	chat	phalprayoucho
ផលប្រយោជន៍	ungegn	phâlprâyoŭchôn
អូស្ត្រាលី	chat	oustrali
អូស្ត្រាលី	ungegn	ostrali
រំលឹក	chat	rumluek
រំលឹក	ungegn	rumlœ̆k
កាប់	chat	kab
កាប់	ungegn	kăb
ចប់	chat	chab
ចប់	ungegn	cháb
សំដៅ	chat	samdau
សំដៅ	ungegn	sâmdau
ហត្ថលេខា	chat	hatthalekha
ហត្ថលេខា	ungegn	hâtthâlékha
អាកាសធាតុ	chat	akastheato
អាកាសធាតុ	ungegn	akasthéatŏ
កាំភ្លើង	chat	kamphleung
កាំភ្លើង	ungegn	kămphleung
ញឹកញាប់	chat	nhueknhoab
ញឹកញាប់	ungegn	nhœ̆knhoăb
រលាក	chat	roleak
រលាក	ungegn	rôléak
ចាត់ទុក	chat	chattuk
ចាត់ទុក	ungegn	chăttŭk
មាន់	chat	moan
មាន់	ungegn	moăn
មេបញ្ជាការ	chat	mebnhcheakar
មេបញ្ជាការ	ungegn	mébnhchéakar
រង្ស៊ី	chat	rongsi
រង្ស៊ី	ungegn	rôngsi
រួចមក	chat	ruochmok
រួចមក	ungegn	ruŏchmôk
ជាទូទៅ	chat	cheatutov
ជាទូទៅ	ungegn	chéatutŏu
ម៉ាឡេស៊ី	chat	malesi
ម៉ាឡេស៊ី	ungegn	malési
ស្តារ	chat	sdar
ស្តារ	ungegn	sdar
ទៅរក	chat	tovrok
ទៅរក	ungegn	tŏurôk
ឯក	chat	aek
ឯក	ungegn	êk
ធ្មេញ	chat	thmenh
ធ្មេញ	ungegn	thménh
បែក	chat	baek
បែក	ungegn	bêk
ព្រមាន	chat	promean
ព្រមាន	ungegn	prôméan
តន្ត្រី	chat	tantrei
តន្ត្រី	ungegn	tântrei
សន្យា	chat	sanyea
សន្យា	ungegn	sânyéa
ចន្ទ	chat	chant
ចន្ទ	ungegn	chânt
ម្ចាស់ផ្ទះ	chat	mchasphteah
ម្ចាស់ផ្ទះ	ungegn	mchăsphteăh
ភ្លៀង	chat	phlieng
ភ្លៀង	ungegn	phliĕng
ម៉ា	chat	ma
ម៉ា	ungegn	ma
ទម្លាប់	chat	tomloab
ទម្លាប់	ungegn	tômloăb
ប្រធានបទ	chat	pratheanbat
ប្រធានបទ	ungegn	prâthéanbât
យ៉ាងណាមិញ	chat	yangnaminh
យ៉ាងណាមិញ	ungegn	yangnamĭnh
គ្រូបង្វឹក	chat	krubngvuek
គ្រូបង្វឹក	ungegn	krubngvœ̆k
ឆ្នេរ	chat	chhner
ឆ្នេរ	ungegn	chhnér
ពីមុន	chat	pimun
ពីមុន	ungegn	pimŭn
ស្វាគមន៍	chat	svakmo
ស្វាគមន៍	ungegn	svakmôn
ទីកន្លែង	chat	tiknlaeng
ទីកន្លែង	ungegn	tiknlêng
បង្ការ	chat	bangkar
បង្ការ	ungegn	bângkar
វ៉ា	chat	va
វ៉ា	ungegn	va
សម្រស់	chat	samros
សម្រស់	ungegn	sâmrós
អូន	chat	oun
អូន	ungegn	on
បារម្ភ	chat	baromph
បារម្ភ	ungegn	barômph
ជួរ	chat	chuor
ជួរ	ungegn	chuŏr
ប្តឹង	chat	pdoeng
ប្តឹង	ungegn	pdœ̆ng
មូលនិធិ	chat	mulnithi
មូលនិធិ	ungegn	mulnĭthĭ
ស្ថានការណ៍	chat	sthankaro
ស្ថានការណ៍	ungegn	sthankarôn
គង់	chat	kong
គង់	ungegn	kóng
ដីធ្លី	chat	deithli
ដីធ្លី	ungegn	deithli
តិចតួច	chat	techtuoch
តិចតួច	ungegn	tĕchtuŏch
ស្វាយរៀង	chat	svayrieng
ស្វាយរៀង	ungegn	svayriĕng
ទីបំផុត	chat	tibamphot
ទីបំផុត	ungegn	tibâmphŏt
ភរិយា	chat	phoriyea
ភរិយា	ungegn	phôrĭyéa
កំពត	chat	kampot
កំពត	ungegn	kâmpôt
ចម្ងាយ	chat	chamngeay
ចម្ងាយ	ungegn	châmngéay
កាបូប	chat	kaboub
កាបូប	ungegn	kabob
ច័ន្ទ	chat	chant
ច័ន្ទ	ungegn	chănt
ជាធម្មតា	chat	cheathommota
ជាធម្មតា	ungegn	chéathômmôta
ស្លាកលេខ	chat	slaklekh
ស្លាកលេខ	ungegn	slaklékh
ត្រជាក់	chat	tracheak
ត្រជាក់	ungegn	trâcheăk
ផែនដី	chat	phaendei
ផែនដី	ungegn	phêndei
ហាត់ប្រាណ	chat	hatpran
ហាត់ប្រាណ	ungegn	hătpran
សាក	chat	sak
សាក	ungegn	sak
ស្មាតហ្វូន	chat	smathvoun
ស្មាតហ្វូន	ungegn	smathvon
ស្នងការ	chat	snangkar
ស្នងការ	ungegn	snângkar
ច្រៀង	chat	chrieng
ច្រៀង	ungegn	chriĕng
អនាម័យ	chat	aneamey
អនាម័យ	ungegn	'ânéamoăy
ទីមួយ	chat	timuoy
ទីមួយ	ungegn	timuŏy
អង្ករ	chat	angkar
អង្ករ	ungegn	'ângkâr
ចងចាំ	chat	changcham
ចងចាំ	ungegn	chângchăm
ឌី	chat	di
ឌី	ungegn	di
ទំនង	chat	tumnong
ទំនង	ungegn	tumnông
ធ	chat	tho
ធ	ungegn	thô
បន្តផ្ទាល់	chat	bantaphtoal
បន្តផ្ទាល់	ungegn	bântâphtoăl
បាយ	chat	bay
បាយ	ungegn	bay
ប្រវត្តិ	chat	pravotde
ប្រវត្តិ	ungegn	prâvôtdĕ
ក្បែរ	chat	kbaer
ក្បែរ	ungegn	kbêr
ព្រហស្បតិ៍	chat	prohsba
ព្រហស្បតិ៍	ungegn	prôhsbâtĕ
ពន្យល់	chat	ponyol
ពន្យល់	ungegn	pônyól
ស្បែកជើង	chat	sbaekcheung
ស្បែកជើង	ungegn	sbêkcheung
ហាក់ដូចជា	chat	hakdouchchea
ហាក់ដូចជា	ungegn	hăkdochchéa
សកល	chat	sakal
សកល	ungegn	sâkâl
ប្រឡង	chat	pralang
ប្រឡង	ungegn	prâlâng
សាធារណរដ្ឋ	chat	sathearonrodth
សាធារណរដ្ឋ	ungegn	sathéarônrôdth
មិនល្អ	chat	minol
មិនល្អ	ungegn	mĭnôl'
បាក់	chat	bak
បាក់	ungegn	băk
ផឹក	chat	phoek
ផឹក	ungegn	phœ̆k
អាល្លឺម៉ង់	chat	allueumang
អាល្លឺម៉ង់	ungegn	allœmáng
រាជ	chat	reach
រាជ	ungegn	réach
សរសើរ	chat	sarsaeur
សរសើរ	ungegn	sârsaeur
បន្ទូល	chat	bantul
បន្ទូល	ungegn	bântul
រៀង	chat	rieng
រៀង	ungegn	riĕng
ជុំ	chat	chum
ជុំ	ungegn	chŭm
ជម្ងឺ	chat	chomngueu
ជម្ងឺ	ungegn	chômngœ
អម	chat	am
អម	ungegn	'âm
ស្មារតី	chat	smartei
ស្មារតី	ungegn	smartei
ប៉ះ	chat	pah
ប៉ះ	ungegn	păh
ស្រាល	chat	sral
ស្រាល	ungegn	sral
ទម្លាក់	chat	tomleak
ទម្លាក់	ungegn	tômleăk
អត្តសញ្ញាណ	chat	atdasanhnhean
អត្តសញ្ញាណ	ungegn	'âtdâsânhnhéan
រូបរាង	chat	rubreang
រូបរាង	ungegn	rubréang
ប្រារព្ធ	chat	praropth
ប្រារព្ធ	ungegn	prarôpth
អន្តរាគមន៍	chat	antareakmo
អន្តរាគមន៍	ungegn	'ântâréakmôn
កាហ្វេ	chat	kahve
កាហ្វេ	ungegn	kahvé
ជម្រាប	chat	chomreab
ជម្រាប	ungegn	chômréab
សមរម្យ	chat	samromy
សមរម្យ	ungegn	sâmrômy
កិច្ចសន្យា	chat	kechchasnyea
កិច្ចសន្យា	ungegn	kĕchchâsnyéa
ថ្លែងការណ៍	chat	thlaengkaro
ថ្លែងការណ៍	ungegn	thlêngkarôn
កិត្តិយស	chat	ketdeyos
កិត្តិយស	ungegn	kĕtdĕyôs
កំពង់ធំ	chat	kampongthum
កំពង់ធំ	ungegn	kâmpóngthum
កឹម	chat	koem
កឹម	ungegn	kœ̆m
កែ	chat	kae
កែ	ungegn	kê
អ៊ីចឹង	chat	ichoeng
អ៊ីចឹង	ungegn	ichœ̆ng
ដេក	chat	dek
ដេក	ungegn	dék
ចេញទៅ	chat	chenhtov
ចេញទៅ	ungegn	chénhtŏu
សង្កេត	chat	sangket
សង្កេត	ungegn	sângkét
ទទួលការ	chat	totuolkar
ទទួលការ	ungegn	tôtuŏlkar
ភ្លេច	chat	phlech
ភ្លេច	ungegn	phléch
ហាក់	chat	hak
ហាក់	ungegn	hăk
តស៊ូ	chat	tasu
តស៊ូ	ungegn	tâsu
កំពង់ឆ្នាំង	chat	kampongchhnang
កំពង់ឆ្នាំង	ungegn	kâmpóngchhnăng
ចូលឆ្នាំ	chat	choulchhnam
ចូលឆ្នាំ	ungegn	cholchhnăm
កែប្រែ	chat	kaeprae
កែប្រែ	ungegn	kêprê
ខួរក្បាល	chat	khuorkbal
ខួរក្បាល	ungegn	khuŏrkbal
ទូរសព្ទ	chat	tursapt
ទូរសព្ទ	ungegn	tursâpt
ទស្សនៈ	chat	tossaneak
ទស្សនៈ	ungegn	tôssâneă
បណ្តោះអាសន្ន	chat	bandaohasann
បណ្តោះអាសន្ន	ungegn	bândaôh'asânn
មិត្តភាព	chat	mitdapheap
មិត្តភាព	ungegn	mĭtdâphéap
គោក	chat	kouk
គោក	ungegn	koŭk
ប្រាក់ចំណូល	chat	prakchamnoul
ប្រាក់ចំណូល	ungegn	prăkchâmnol
ផ្អាក	chat	phak
ផ្អាក	ungegn	ph'ak
ពេជ្រ	chat	pechr
ពេជ្រ	ungegn	péchr
ស៊េរី	chat	seri
ស៊េរី	ungegn	séri
ទល់	chat	tol
ទល់	ungegn	tól
ព្រោះតែ	chat	pruohtae
ព្រោះតែ	ungegn	prŏăhtê
រួចរាល់	chat	ruochroal
រួចរាល់	ungegn	ruŏchroăl
ស្នាដៃ	chat	snadai
ស្នាដៃ	ungegn	snadai
អំឡុង	chat	amlong
អំឡុង	ungegn	'âmlŏng
ដុត	chat	dot
ដុត	ungegn	dŏt
សាលារៀន	chat	salearien
សាលារៀន	ungegn	saléariĕn
គ្រោះ	chat	kruoh
គ្រោះ	ungegn	krŏăh
ចល័ត	chat	chaloat
ចល័ត	ungegn	châloăt
ឆ្អឹង	chat	chhoeng
ឆ្អឹង	ungegn	chh'œ̆ng
ផ្កា	chat	phka
ផ្កា	ungegn	phka
ភ្នាក់ងារ	chat	phneakngear
ភ្នាក់ងារ	ungegn	phneăkngéar
ឆ្លើយ	chat	chhlaeuy
ឆ្លើយ	ungegn	chhlaeuy
តោន	chat	taon
តោន	ungegn	taôn
បន្ទះ	chat	banteah
បន្ទះ	ungegn	bânteăh
រំលង	chat	rumlong
រំលង	ungegn	rumlông
ទិស	chat	tis
ទិស	ungegn	tĭs
សំណើ	chat	samnaeu
សំណើ	ungegn	sâmnaeu
ជើងឯក	chat	cheungaek
ជើងឯក	ungegn	cheungêk
ញ	chat	nho
ញ	ungegn	nhô
សំរាម	chat	samream
សំរាម	ungegn	sâmréam
ចំណាត់ថ្នាក់	chat	chamnatthnak
ចំណាត់ថ្នាក់	ungegn	châmnătthnăk
ទូលំទូលាយ	chat	tulumtuleay
ទូលំទូលាយ	ungegn	tulumtuléay
លាប	chat	leab
លាប	ungegn	léab
ហេង	chat	heng
ហេង	ungegn	héng
សន្និសីទ	chat	sanniseit
សន្និសីទ	ungegn	sânnĭseit
បំបែក	chat	bambaek
បំបែក	ungegn	bâmbêk
រាជធានី	chat	reachtheani
រាជធានី	ungegn	réachthéani
ជី	chat	chi
ជី	ungegn	chi
បោះពុម្ព	chat	baohpump
បោះពុម្ព	ungegn	baôhpŭmp
ប្រអប់	chat	praab
ប្រអប់	ungegn	prâ'áb
ប្រៀបធៀប	chat	priebthieb
ប្រៀបធៀប	ungegn	priĕbthiĕb
រួមចំណែក	chat	ruomchamnaek
រួមចំណែក	ungegn	ruŏmchâmnêk
សហគ្រាស	chat	sahkreas
សហគ្រាស	ungegn	sâhkréas
ឆាប់រហ័ស	chat	chhabrohas
ឆាប់រហ័ស	ungegn	chhăbrôhăs
កង	chat	kang
កង	ungegn	kâng
សាកសួរ	chat	saksuor
សាកសួរ	ungegn	saksuŏr
កំពង់ស្ពឺ	chat	kampongspueu
កំពង់ស្ពឺ	ungegn	kâmpóngspœ
រឿងរ៉ាវ	chat	roeangrav
រឿងរ៉ាវ	ungegn	rœăngrav
រំខាន	chat	rumkhan
រំខាន	ungegn	rumkhan
អភិរក្ស	chat	aphiroks
អភិរក្ស	ungegn	'âphĭrôks
រ៉ែ	chat	rae
រ៉ែ	ungegn	rê
ឈ្មួញ	chat	chhmuonh
ឈ្មួញ	ungegn	chhmuŏnh
ម៉ាក់	chat	mak
ម៉ាក់	ungegn	măk
តានតឹង	chat	tantoeng
តានតឹង	ungegn	tantœ̆ng
សក្តានុពល	chat	sakdanupol
សក្តានុពល	ungegn	sâkdanŭpôl
ទារក	chat	tearok
ទារក	ungegn	téarôk
ពលករ	chat	polkar
ពលករ	ungegn	pôlkâr
ដូចដែល	chat	douchdael
ដូចដែល	ungegn	dochdêl
ព្រឹទ្ធសភា	chat	pruetthosphea
ព្រឹទ្ធសភា	ungegn	prœ̆tthôsphéa
ហោច	chat	haoch
ហោច	ungegn	haôch
ច្នៃប្រឌិត	chat	chnaibrodit
ច្នៃប្រឌិត	ungegn	chnaibrôdĭt
ជាមុន	chat	cheamun
ជាមុន	ungegn	chéamŭn
ពាន	chat	pean
ពាន	ungegn	péan
ស្ទើរតែ	chat	steurtae
ស្ទើរតែ	ungegn	steurtê
បែរជា	chat	baerchea
បែរជា	ungegn	bêrchéa
ទោះបី	chat	tuohbei
ទោះបី	ungegn	tŏăhbei
បរាជ័យ	chat	bareachey
បរាជ័យ	ungegn	bâréachoăy
ប្រវែង	chat	pravaeng
ប្រវែង	ungegn	prâvêng
កាមេរ៉ា	chat	kamera
កាមេរ៉ា	ungegn	kaméra
ស្តង់ដារ	chat	sdangdar
ស្តង់ដារ	ungegn	sdángdar
ឮ	chat	lueu
ឮ	ungegn	lœ
ប្រមូលផ្តុំ	chat	pramulphdom
ប្រមូលផ្តុំ	ungegn	prâmulphdom
កាន់កាប់	chat	kankab
កាន់កាប់	ungegn	kănkăb
ខូច	chat	khouch
ខូច	ungegn	khoch
ត្រលប់	chat	tralob
ត្រលប់	ungegn	trâlób
មាតិកា	chat	meateka
មាតិកា	ungegn	méatĕka
រី	chat	ri
រី	ungegn	ri
ឯកភាព	chat	aekpheap
ឯកភាព	ungegn	êkphéap
ក្លាយ	chat	klay
ក្លាយ	ungegn	klay
ខាន	chat	khan
ខាន	ungegn	khan
ដណ្តើម	chat	dandaeum
ដណ្តើម	ungegn	dândaeum
ទីលំនៅ	chat	tilumnov
ទីលំនៅ	ungegn	tilumnŏu
ទូក	chat	tuk
ទូក	ungegn	tuk
ពុករលួយ	chat	pukarluoy
ពុករលួយ	ungegn	pŭkârluŏy
អ្វីខ្លះ	chat	veikhlah
អ្វីខ្លះ	ungegn	'veikhlăh
អនុ	chat	anu
អនុ	ungegn	'ânŭ
ដៃដល់	chat	daidal
ដៃដល់	ungegn	daidál
ត្រៀមខ្លួន	chat	triemkhluon
ត្រៀមខ្លួន	ungegn	triĕmkhluŏn
ស្វាមី	chat	svami
ស្វាមី	ungegn	svami
អ៊ីរ៉ង់	chat	irang
អ៊ីរ៉ង់	ungegn	iráng
សម្លៀកបំពាក់	chat	samliekbampeak
សម្លៀកបំពាក់	ungegn	sâmliĕkbâmpeăk
លាយ	chat	leay
លាយ	ungegn	léay
ល្បីល្បាញ	chat	lbeilbanh
ល្បីល្បាញ	ungegn	lbeilbanh
ពូជ	chat	puch
ពូជ	ungegn	puch
ហ្វីលីពីន	chat	hveilipin
ហ្វីលីពីន	ungegn	hveilipin
រហ័ស	chat	rohas
រហ័ស	ungegn	rôhăs
បំភ្លឺ	chat	bamphlueu
បំភ្លឺ	ungegn	bâmphlœ
សម្អាត	chat	samat
សម្អាត	ungegn	sâm'at
លូតលាស់	chat	lutloas
លូតលាស់	ungegn	lutloăs
ការណ៍	chat	karo
ការណ៍	ungegn	karôn
បរិយាកាស	chat	bariyeakas
បរិយាកាស	ungegn	bârĭyéakas
លាង	chat	leang
លាង	ungegn	léang
បរិមាណ	chat	barimean
បរិមាណ	ungegn	bârĭméan
រោគសញ្ញា	chat	rouksanhnhea
រោគសញ្ញា	ungegn	roŭksânhnhéa
សៅរ៍	chat	sau
សៅរ៍	ungegn	saur
តារាង	chat	tareang
តារាង	ungegn	taréang
ឱសថ	chat	aosath
ឱសថ	ungegn	aôsâth
គេច	chat	kech
គេច	ungegn	kéch
យោបល់	chat	youbal
យោបល់	ungegn	yoŭbál
គ្រា	chat	krea
គ្រា	ungegn	kréa
ទិដ្ឋភាព	chat	tidthapheap
ទិដ្ឋភាព	ungegn	tĭdthâphéap
ស៊ុត	chat	sut
ស៊ុត	ungegn	sŭt
បឹង	chat	boeng
បឹង	ungegn	bœ̆ng
ទូទាត់	chat	tutoat
ទូទាត់	ungegn	tutoăt
បំពង់	chat	bampong
បំពង់	ungegn	bâmpóng
ជ្រាប	chat	chreab
ជ្រាប	ungegn	chréab
សេរីភាព	chat	seripheap
សេរីភាព	ungegn	sériphéap
អ៊ីស្រាអែល	chat	israael
អ៊ីស្រាអែល	ungegn	isra'êl
សម្តី	chat	samdei
សម្តី	ungegn	sâmdei
ស្នងការដ្ឋាន	chat	snangkardthan
ស្នងការដ្ឋាន	ungegn	snângkardthan
បៃតង	chat	baitang
បៃតង	ungegn	baitâng
សម្ងាត់	chat	samngoat
សម្ងាត់	ungegn	sâmngoăt
ទណ្ឌកម្ម	chat	tondokamm
ទណ្ឌកម្ម	ungegn	tôndôkâmm
ក្សត្រ	chat	ksatr
ក្សត្រ	ungegn	ksâtr
ខ្មែរក្រហម	chat	khmaerkraham
ខ្មែរក្រហម	ungegn	khmêrkrâhâm
គីមី	chat	kimi
គីមី	ungegn	kimi
សំបុត្រ	chat	sambotr
សំបុត្រ	ungegn	sâmbŏtr
កញ្ចក់	chat	kanhchak
កញ្ចក់	ungegn	kânhchák
ផ្ទៃពោះ	chat	phteypuoh
ផ្ទៃពោះ	ungegn	phteypŏăh
ភារកិច្ច	chat	phearkechch
ភារកិច្ច	ungegn	phéarkĕchch
ឡាវ	chat	lav
ឡាវ	ungegn	lav
បែងចែក	chat	baengchaek
បែងចែក	ungegn	bêngchêk
ពុល	chat	pul
ពុល	ungegn	pŭl
អបអរសាទរ	chat	abarsator
អបអរសាទរ	ungegn	'âb'ârsatôr
ឆាក	chat	chhak
ឆាក	ungegn	chhak
អចលនទ្រព្យ	chat	achlontropy
អចលនទ្រព្យ	ungegn	'âchlôntrôpy
កែលម្អ	chat	kaelom
កែលម្អ	ungegn	kêlôm'
តៃវ៉ាន់	chat	taivan
តៃវ៉ាន់	ungegn	taivăn
ស្រែ	chat	srae
ស្រែ	ungegn	srê
កោះកុង	chat	kaohkong
កោះកុង	ungegn	kaôhkŏng
ជ្រុល	chat	chrul
ជ្រុល	ungegn	chrŭl
ទំនុកចិត្ត	chat	tumnukchett
ទំនុកចិត្ត	ungegn	tumnŭkchĕtt
ខ្ទង់	chat	khtong
ខ្ទង់	ungegn	khtóng
ទៅវិញទៅមក	chat	tovvinhtovmok
ទៅវិញទៅមក	ungegn	tŏuvĭnhtŏumôk
បង្ខំ	chat	bangkham
បង្ខំ	ungegn	bângkhâm
រសជាតិ	chat	roscheate
រសជាតិ	ungegn	rôschéatĕ
កម្ពស់	chat	kampos
កម្ពស់	ungegn	kâmpós
អត្ថន័យ	chat	atthaney
អត្ថន័យ	ungegn	'âtthânoăy
ជួបជុំ	chat	chuobchum
ជួបជុំ	ungegn	chuŏbchŭm
សម្លេង	chat	samleng
សម្លេង	ungegn	sâmléng
ជ្រូក	chat	chruk
ជ្រូក	ungegn	chruk
តទៅ	chat	tatov
តទៅ	ungegn	tâtŏu
បេក្ខជន	chat	bekkhachon
បេក្ខជន	ungegn	békkhâchôn
កែច្នៃ	chat	kaechnai
កែច្នៃ	ungegn	kêchnai
កោតសរសើរ	chat	kaotsarsaeur
កោតសរសើរ	ungegn	kaôtsârsaeur
មីយ៉ាន់ម៉ា	chat	miyanma
មីយ៉ាន់ម៉ា	ungegn	miyănma
វិទ្យាល័យ	chat	vityealey
វិទ្យាល័យ	ungegn	vĭtyéaloăy
អ៊ិន	chat	in
អ៊ិន	ungegn	ĭn
កាកបាទក្រហម	chat	kakbatkraham
កាកបាទក្រហម	ungegn	kakbatkrâhâm
ដោះ	chat	daoh
ដោះ	ungegn	daôh
ស្រស់	chat	sras
ស្រស់	ungegn	srás
កងរាជអាវុធហត្ថ	chat	kangreachavuthhatth
កងរាជអាវុធហត្ថ	ungegn	kângréach'avŭthhâtth
ប្រឈមមុខ	chat	prachhmomukh
ប្រឈមមុខ	ungegn	prâchhmômŭkh
ស្រវឹង	chat	sravueng
ស្រវឹង	ungegn	srâvœ̆ng
ស្រេច	chat	srech
ស្រេច	ungegn	sréch
ចម្បង	chat	chambang
ចម្បង	ungegn	châmbâng
ធី	chat	thi
ធី	ungegn	thi
ស្តាំ	chat	sdam
ស្តាំ	ungegn	sdăm
សហ	chat	sah
សហ	ungegn	sâh
ដូចម្តេច	chat	douchmdech
ដូចម្តេច	ungegn	dochmdéch
កាត	chat	kat
កាត	ungegn	kat
ប្រិយមិត្ត	chat	preymitt
ប្រិយមិត្ត	ungegn	prĕymĭtt
អ៊ីមែល	chat	imael
អ៊ីមែល	ungegn	imêl
បទចម្រៀង	chat	batchamrieng
បទចម្រៀង	ungegn	bâtchâmriĕng
ទង្វើ	chat	tongveu
ទង្វើ	ungegn	tôngveu
អនុម័ត	chat	anumoat
អនុម័ត	ungegn	'ânŭmoăt
យូ	chat	yu
យូ	ungegn	yu
លើកលែង	chat	leuklaeng
លើកលែង	ungegn	leuklêng
ស្រដៀង	chat	sradieng
ស្រដៀង	ungegn	srâdiĕng
ហ	chat	ha
ហ	ungegn	hâ
អំណរគុណ	chat	amnarkun
អំណរគុណ	ungegn	'âmnârkŭn
ផ្លូវចិត្ត	chat	phlouvchett
ផ្លូវចិត្ត	ungegn	phlovchĕtt
ចាន់	chat	chan
ចាន់	ungegn	chăn
ឧបនាយក	chat	obneayok
ឧបនាយក	ungegn	ŏbnéayôk
ឆ្វេង	chat	chhveng
ឆ្វេង	ungegn	chhvéng
វីតាមីន	chat	vitamin
វីតាមីន	ungegn	vitamin
ហេដ្ឋារចនាសម្ព័ន្ធ	chat	hedtharochneasmpoanth
ហេដ្ឋារចនាសម្ព័ន្ធ	ungegn	hédtharôchnéasmpoănth
ញាតិ	chat	nheate
ញាតិ	ungegn	nhéatĕ
ឧត្តម	chat	otdam
ឧត្តម	ungegn	ŏtdâm
គំរាមកំហែង	chat	kumreamkamhaeng
គំរាមកំហែង	ungegn	kumréamkâmhêng
ផ្លែឈើ	chat	phlaechheu
ផ្លែឈើ	ungegn	phlêchheu
ខ្ចី	chat	khchei
ខ្ចី	ungegn	khchei
ទិវា	chat	tivea
ទិវា	ungegn	tĭvéa
បេសកកម្ម	chat	besakkamm
បេសកកម្ម	ungegn	bésâkkâmm
គី	chat	ki
គី	ungegn	ki
គីឡូក្រាម	chat	kiloukram
គីឡូក្រាម	ungegn	kilokram
មេគង្គ	chat	mekongk
មេគង្គ	ungegn	mékôngk
អាហ្វ្រិក	chat	ahvrek
អាហ្វ្រិក	ungegn	ahvrĕk
ដង្ហើម	chat	danghaeum
ដង្ហើម	ungegn	dânghaeum
សង	chat	sang
សង	ungegn	sâng
ចង	chat	chang
ចង	ungegn	châng
ដែនដី	chat	daendei
ដែនដី	ungegn	dêndei
តាកែវ	chat	takaev
តាកែវ	ungegn	takêv
ភូមិសាស្ត្រ	chat	phumisastr
ភូមិសាស្ត្រ	ungegn	phumĭsastr
ប្រជែង	chat	prachaeng
ប្រជែង	ungegn	prâchêng
ពួកវា	chat	puokvea
ពួកវា	ungegn	puŏkvéa
ខ្លាញ់	chat	khlanh
ខ្លាញ់	ungegn	khlănh
ដំណាំ	chat	damnam
ដំណាំ	ungegn	dâmnăm
ភ័យខ្លាច	chat	pheykhlach
ភ័យខ្លាច	ungegn	phoăykhlach
វិញ្ញាណ	chat	vinhnhean
វិញ្ញាណ	ungegn	vĭnhnhéan
ប័ណ្ណ	chat	bann
ប័ណ្ណ	ungegn	bănn
ប្រតិកម្ម	chat	pratekamm
ប្រតិកម្ម	ungegn	prâtĕkâmm
ហាមឃាត់	chat	hamkhoat
ហាមឃាត់	ungegn	hamkhoăt
គោ	chat	kou
គោ	ungegn	koŭ
ភព	chat	phop
ភព	ungegn	phôp
សុខទុក្ខ	chat	sokhtukkh
សុខទុក្ខ	ungegn	sŏkhtŭkkh
បរិភោគ	chat	bariphouk
បរិភោគ	ungegn	bârĭphoŭk
រចនាសម្ព័ន្ធ	chat	rochneasmpoanth
រចនាសម្ព័ន្ធ	ungegn	rôchnéasmpoănth
ស៊ីសង	chat	sisang
ស៊ីសង	ungegn	sisâng
នៅស្រុក	chat	novsrok
នៅស្រុក	ungegn	nŏusrŏk
នាំចូល	chat	noamchoul
នាំចូល	ungegn	nŏâmchol
យល់ព្រម	chat	yolprom
យល់ព្រម	ungegn	yólprôm
ជៀសវាង	chat	chiesveang
ជៀសវាង	ungegn	chiĕsvéang
ផ្តាច់	chat	phdach
ផ្តាច់	ungegn	phdăch
ស្រួល	chat	sruol
ស្រួល	ungegn	sruŏl
អភិបាលរង	chat	aphibalrong
អភិបាលរង	ungegn	'âphĭbalrông
បោះបង់	chat	baohbang
បោះបង់	ungegn	baôhbáng
សកម្មជន	chat	sakammochon
សកម្មជន	ungegn	sâkâmmôchôn
សម្បូរ	chat	sambour
សម្បូរ	ungegn	sâmbor
ស្ថានទូត	chat	sthantut
ស្ថានទូត	ungegn	sthantut
ស្មោះត្រង់	chat	smaohtrang
ស្មោះត្រង់	ungegn	smaôhtráng
មេធាវី	chat	metheavi
មេធាវី	ungegn	méthéavi
ខ្លឹមសារ	chat	khloemsar
ខ្លឹមសារ	ungegn	khlœ̆msar
ឥតខ្ចោះ	chat	etkhchaoh
ឥតខ្ចោះ	ungegn	ĕtkhchaôh
ប្រមុខ	chat	pramukh
ប្រមុខ	ungegn	prâmŭkh
សត្វព្រៃ	chat	satvoprey
សត្វព្រៃ	ungegn	sâtvôprey
ណាត់	chat	nat
ណាត់	ungegn	năt
ទាញ	chat	teanh
ទាញ	ungegn	téanh
មា	chat	mea
មា	ungegn	méa
រាតត្បាត	chat	reattbat
រាតត្បាត	ungegn	réattbat
សណ្តាប់ធ្នាប់	chat	sandabthnoab
សណ្តាប់ធ្នាប់	ungegn	sândăbthnoăb
អរគុណ	chat	arkun
អរគុណ	ungegn	'ârkŭn
ហោះហើរ	chat	haohhaeur
ហោះហើរ	ungegn	haôhhaeur
ខ្នាត	chat	khnat
ខ្នាត	ungegn	khnat
ច្របូកច្របល់	chat	chraboukchrabal
ច្របូកច្របល់	ungegn	chrâbokchrâbál
ត្រ	chat	tra
ត្រ	ungegn	trâ
គូសបញ្ជាក់	chat	kusbanhcheak
គូសបញ្ជាក់	ungegn	kusbânhcheăk
មី	chat	mi
មី	ungegn	mi
មីន	chat	min
មីន	ungegn	min
អេស្ប៉ាញ	chat	esbanh
អេស្ប៉ាញ	ungegn	ésbanh
កៅអី	chat	kauei
កៅអី	ungegn	kau'ei
ចម្លង	chat	chamlong
ចម្លង	ungegn	châmlông
តេ	chat	te
តេ	ungegn	té
ម៉ូដែល	chat	moudael
ម៉ូដែល	ungegn	modêl
ចម្លើយ	chat	chamleuy
ចម្លើយ	ungegn	châmleuy
បាតុកម្ម	chat	batokamm
បាតុកម្ម	ungegn	batŏkâmm
មន្ត្រីរាជការ	chat	montreireachkar
មន្ត្រីរាជការ	ungegn	môntreiréachkar
រដ្ឋលេខាធិការ	chat	rodthalekhathikar
រដ្ឋលេខាធិការ	ungegn	rôdthâlékhathĭkar
ខ្វះខាត	chat	khvahkhat
ខ្វះខាត	ungegn	khvăhkhat
ចុះបញ្ជី	chat	chohbanhchi
ចុះបញ្ជី	ungegn	chŏhbânhchi
ធន់	chat	thon
ធន់	ungegn	thón
ស៊ីវិល	chat	sivil
ស៊ីវិល	ungegn	sivĭl
ស្ករ	chat	skar
ស្ករ	ungegn	skâr
ខ្សោយ	chat	khsaoy
ខ្សោយ	ungegn	khsaôy
ឆ្កែ	chat	chhkae
ឆ្កែ	ungegn	chhkê
អាណត្តិ	chat	anatde
អាណត្តិ	ungegn	anâtdĕ
ផ្សំ	chat	phsam
ផ្សំ	ungegn	phsâm
សេ	chat	se
សេ	ungegn	sé
ហេតុនេះ	chat	hetoneh
ហេតុនេះ	ungegn	hétŏnéh
ស្រាប់	chat	srab
ស្រាប់	ungegn	srăb
ដាច់ខាត	chat	dachkhat
ដាច់ខាត	ungegn	dăchkhat
រ៉ាត	chat	rat
រ៉ាត	ungegn	rat
កម្រ	chat	kamr
កម្រ	ungegn	kâmr
តែងតាំង	chat	taengtang
តែងតាំង	ungegn	têngtăng
រួមភេទ	chat	ruomphet
រួមភេទ	ungegn	ruŏmphét
សំ	chat	sam
សំ	ungegn	sâm
ស្រែក	chat	sraek
ស្រែក	ungegn	srêk
តភ្ជាប់	chat	taphchoab
តភ្ជាប់	ungegn	tâphchoăb
តុបតែង	chat	tobtaeng
តុបតែង	ungegn	tŏbtêng
ប្រជាប្រិយភាព	chat	pracheapreypheap
ប្រជាប្រិយភាព	ungegn	prâchéaprĕyphéap
ពូកែ	chat	pukae
ពូកែ	ungegn	pukê
អាង	chat	ang
អាង	ungegn	ang
មិញ	chat	minh
មិញ	ungegn	mĭnh
ហិកតា	chat	hekta
ហិកតា	ungegn	hĕkta
កម្មសិទ្ធិ	chat	kammosetthi
កម្មសិទ្ធិ	ungegn	kâmmôsĕtthĭ
អ៊ី	chat	i
អ៊ី	ungegn	i
ជនបទ	chat	chonbat
ជនបទ	ungegn	chônbât
កូដ	chat	koud
កូដ	ungegn	kod
វិទ្យាស្ថាន	chat	vityeasthan
វិទ្យាស្ថាន	ungegn	vĭtyéasthan
សមិទ្ធផល	chat	samitthophal
សមិទ្ធផល	ungegn	sâmĭtthôphâl
តំណាងរាស្ត្រ	chat	tamnangreastr
តំណាងរាស្ត្រ	ungegn	tâmnangréastr
ទ្វីប	chat	tvib
ទ្វីប	ungegn	tvib
ធម៌	chat	thorm
ធម៌	ungegn	thôrm
ប្រកាន់	chat	prakan
ប្រកាន់	ungegn	prâkăn
ជិតខាង	chat	chitkhang
ជិតខាង	ungegn	chĭtkhang
ដោះលែង	chat	daohlaeng
ដោះលែង	ungegn	daôhlêng
ប៉ា	chat	pa
ប៉ា	ungegn	pa
ប៉េកាំង	chat	pekang
ប៉េកាំង	ungegn	pékăng
ពណ៌ស	chat	ponars
ពណ៌ស	ungegn	pônârs
រំលាយ	chat	rumleay
រំលាយ	ungegn	rumléay
តារាស្រី	chat	tareasrei
តារាស្រី	ungegn	taréasrei
ប្រទេសជាតិ	chat	pratescheate
ប្រទេសជាតិ	ungegn	prâtéschéatĕ
សន្ទនា	chat	santonea
សន្ទនា	ungegn	sântônéa
ដា	chat	da
ដា	ungegn	da
សញ្ជាតិ	chat	sanhcheate
សញ្ជាតិ	ungegn	sânhchéatĕ
សភាព	chat	sapheap
សភាព	ungegn	sâphéap
បញ្ចុះតម្លៃ	chat	banhchohtamley
បញ្ចុះតម្លៃ	ungegn	bânhchŏhtâmley
សម្ពោធ	chat	sampouth
សម្ពោធ	ungegn	sâmpoŭth
សាកសព	chat	saksap
សាកសព	ungegn	saksâp
បាកា	chat	baka
បាកា	ungegn	baka
សម្រាល	chat	samreal
សម្រាល	ungegn	sâmréal
ស្ងួត	chat	snguot
ស្ងួត	ungegn	snguŏt
ហ្វឹកហាត់	chat	hvoekhat
ហ្វឹកហាត់	ungegn	hvœ̆khăt
កំសាន្ត	chat	kamsant
កំសាន្ត	ungegn	kâmsant
ទទួលរង	chat	totuolrong
ទទួលរង	ungegn	tôtuŏlrông
បុរី	chat	bori
បុរី	ungegn	bŏri
បៀ	chat	bie
បៀ	ungegn	biĕ
ប្រាថ្នា	chat	prathna
ប្រាថ្នា	ungegn	prathna
ត្បូងឃ្មុំ	chat	tboungkhmum
ត្បូងឃ្មុំ	ungegn	tbongkhmŭm
ទោ	chat	tou
ទោ	ungegn	toŭ
ផ្លូវភេទ	chat	phlouvphet
ផ្លូវភេទ	ungegn	phlovphét
សង្គមស៊ីវិល	chat	sangkomsivil
សង្គមស៊ីវិល	ungegn	sângkômsivĭl
ស្ម័គ្រចិត្ត	chat	smakrochett
ស្ម័គ្រចិត្ត	ungegn	smăkrôchĕtt
អក្សរ	chat	aksar
អក្សរ	ungegn	'âksâr
ប៉ៃលិន	chat	pailin
ប៉ៃលិន	ungegn	pailĭn
រារាំង	chat	reareang
រារាំង	ungegn	réareăng
វះកាត់	chat	veahkat
វះកាត់	ungegn	veăhkăt
ឡុង	chat	long
ឡុង	ungegn	lŏng
ទ័ព	chat	toap
ទ័ព	ungegn	toăp
ម្ខាង	chat	mkhang
ម្ខាង	ungegn	mkhang
រមណីយដ្ឋាន	chat	romneiydthan
រមណីយដ្ឋាន	ungegn	rômneiydthan
លាក់	chat	leak
លាក់	ungegn	leăk
អធិការដ្ឋាន	chat	athikardthan
អធិការដ្ឋាន	ungegn	'âthĭkardthan
តួ	chat	tuo
តួ	ungegn	tuŏ
ទស្សន៍ទាយ	chat	tossateay
ទស្សន៍ទាយ	ungegn	tôssântéay
នុយក្លេអ៊ែរ	chat	nuykleaer
នុយក្លេអ៊ែរ	ungegn	nŭyklé'êr
ប្រាំ	chat	pram
ប្រាំ	ungegn	prăm
ក្រដាស	chat	kradas
ក្រដាស	ungegn	krâdas
គីម	chat	kim
គីម	ungegn	kim
តែមួយគត់	chat	taemuoykot
តែមួយគត់	ungegn	têmuŏykót
របរ	chat	robar
របរ	ungegn	rôbâr
កម្ពុជាថ្មី	chat	kampucheathmei
កម្ពុជាថ្មី	ungegn	kâmpŭchéathmei
ចោរ	chat	chaor
ចោរ	ungegn	chaôr
មេត្តា	chat	metda
មេត្តា	ungegn	métda
អាទិភាព	chat	atipheap
អាទិភាព	ungegn	atĭphéap
សម្ព័ន្ធ	chat	sampoanth
សម្ព័ន្ធ	ungegn	sâmpoănth
ថ្វាយ	chat	thvay
ថ្វាយ	ungegn	thvay
នៅក្បែរ	chat	novkbaer
នៅក្បែរ	ungegn	nŏukbêr
ប៊ុន	chat	bun
ប៊ុន	ungegn	bŭn
រាត្រី	chat	reatrei
រាត្រី	ungegn	réatrei
ជួបប្រទះ	chat	chuobprateah
ជួបប្រទះ	ungegn	chuŏbprâteăh
ដុំ	chat	dom
ដុំ	ungegn	dom
ស៊ីរី	chat	siri
ស៊ីរី	ungegn	siri
ក្លិន	chat	klen
ក្លិន	ungegn	klĕn
សួន	chat	suon
សួន	ungegn	suŏn
ប្រណាំង	chat	pranang
ប្រណាំង	ungegn	prânăng
បំបាត់	chat	bambat
បំបាត់	ungegn	bâmbăt
ក្រចេះ	chat	kracheh
ក្រចេះ	ungegn	krâchéh
ឆ្នើម	chat	chhnaeum
ឆ្នើម	ungegn	chhnaeum
ដួល	chat	duol
ដួល	ungegn	duŏl
រុក្ខជាតិ	chat	rukkhacheate
រុក្ខជាតិ	ungegn	rŭkkhâchéatĕ
សន្សំ	chat	sansam
សន្សំ	ungegn	sânsâm
សម្បត្តិ	chat	sambatde
សម្បត្តិ	ungegn	sâmbâtdĕ
គូស្នេហ៍	chat	kusne
គូស្នេហ៍	ungegn	kusnéh
ចៅក្រម	chat	chaukrom
ចៅក្រម	ungegn	chaukrôm
ទ្រព្យ	chat	tropy
ទ្រព្យ	ungegn	trôpy
រៀនសូត្រ	chat	riensoutr
រៀនសូត្រ	ungegn	riĕnsotr
អគ្គនាយក	chat	akkoneayok
អគ្គនាយក	ungegn	'âkkônéayôk
មីស៊ីល	chat	misil
មីស៊ីល	ungegn	misil
ដើមឈើ	chat	daeumchheu
ដើមឈើ	ungegn	daeumchheu
សំណូមពរ	chat	samnoumpor
សំណូមពរ	ungegn	sâmnompôr
ចក្រភព	chat	chakrophop
ចក្រភព	ungegn	châkrôphôp
ហួស	chat	huos
ហួស	ungegn	huŏs
បារី	chat	bari
បារី	ungegn	bari
រ៉ា	chat	ra
រ៉ា	ungegn	ra
សេដ្ឋី	chat	sedthei
សេដ្ឋី	ungegn	sédthei
ខេង	chat	kheng
ខេង	ungegn	khéng
រថភ្លើង	chat	rothphleung
រថភ្លើង	ungegn	rôthphleung
អញ	chat	anh
អញ	ungegn	'ânh
អនុវត្តន៍	chat	anuvotda
អនុវត្តន៍	ungegn	'ânŭvôtdân
កូនចៅ	chat	kounchau
កូនចៅ	ungegn	konchau
ប្តេជ្ញាចិត្ត	chat	pdechnheachett
ប្តេជ្ញាចិត្ត	ungegn	pdéchnhéachĕtt
គណៈ	chat	konak
គណៈ	ungegn	kônă
បោក	chat	baok
បោក	ungegn	baôk
យក្ស	chat	yoks
យក្ស	ungegn	yôks
ប្រាកដជា	chat	prakadchea
ប្រាកដជា	ungegn	prakâdchéa
យន្តការ	chat	yontakar
យន្តការ	ungegn	yôntâkar
ងាក	chat	ngeak
ងាក	ungegn	ngéak
ព្រះបាទ	chat	preahbat
ព្រះបាទ	ungegn	preăhbat
ម៉ាណែត	chat	manaet
ម៉ាណែត	ungegn	manêt
សមស្រប	chat	samsrab
សមស្រប	ungegn	sâmsrâb
ជក់	chat	chok
ជក់	ungegn	chók
ទឹកកក	chat	tuekkak
ទឹកកក	ungegn	tœ̆kkâk
ស្វ័យប្រវត្តិ	chat	svaipravotde
ស្វ័យប្រវត្តិ	ungegn	svăyprâvôtdĕ
ពហុ	chat	poho
ពហុ	ungegn	pôhŏ
ចេះតែ	chat	chehtae
ចេះតែ	ungegn	chéhtê
ប្រយ័ត្ន	chat	prayoatn
ប្រយ័ត្ន	ungegn	prâyoătn
ករុណា	chat	karuna
ករុណា	ungegn	kârŭna
ទីលាន	chat	tilean
ទីលាន	ungegn	tiléan
នំ	chat	num
នំ	ungegn	num
ហា	chat	ha
ហា	ungegn	ha
ដកស្រង់	chat	daksrang
ដកស្រង់	ungegn	dâksráng
វរ	chat	vor
វរ	ungegn	vôr
ទ្វេ	chat	tve
ទ្វេ	ungegn	tvé
អេស	chat	es
អេស	ungegn	és
ឆន្ទៈ	chat	chhanteak
ឆន្ទៈ	ungegn	chhânteă
ដូស	chat	dous
ដូស	ungegn	dos
ព្រៃវែង	chat	preyvaeng
ព្រៃវែង	ungegn	preyvêng
ចំណងជើង	chat	chamnangcheung
ចំណងជើង	ungegn	châmnângcheung
សម្គាល់	chat	samkoal
សម្គាល់	ungegn	sâmkoăl
កីឡដ្ឋាន	chat	keildthan
កីឡដ្ឋាន	ungegn	keildthan
ឡូត	chat	lout
ឡូត	ungegn	lot
ប្រទះឃើញ	chat	prateahkheunh
ប្រទះឃើញ	ungegn	prâteăhkheunh
ហាម	chat	ham
ហាម	ungegn	ham
ទៀតទេ	chat	tiette
ទៀតទេ	ungegn	tiĕtté
រាប់ពាន់	chat	roabpoan
រាប់ពាន់	ungegn	roăbpoăn
ការទូត	chat	kartut
ការទូត	ungegn	kartut
រុករក	chat	rukrok
រុករក	ungegn	rŭkrôk
អធិការ	chat	athikar
អធិការ	ungegn	'âthĭkar
ណោះ	chat	naoh
ណោះ	ungegn	naôh
យីហោ	chat	yihao
យីហោ	ungegn	yihaô
កម្តៅ	chat	kamdau
កម្តៅ	ungegn	kâmdau
បរិសុទ្ធ	chat	barisotth
បរិសុទ្ធ	ungegn	bârĭsŏtth
ភស្តុតាង	chat	phosdotang
ភស្តុតាង	ungegn	phôsdŏtang
វិវាទ	chat	viveat
វិវាទ	ungegn	vĭvéat
ផ្ទាំង	chat	phteang
ផ្ទាំង	ungegn	phteăng
ពីរបី	chat	pirbei
ពីរបី	ungegn	pirbei
ពោះ	chat	puoh
ពោះ	ungegn	pŏăh
មាត្រា	chat	meatra
មាត្រា	ungegn	méatra
ក្លែងក្លាយ	chat	klaengklay
ក្លែងក្លាយ	ungegn	klêngklay
មេដាយ	chat	meday
មេដាយ	ungegn	méday
វាល	chat	veal
វាល	ungegn	véal
សិក្ខាសាលា	chat	sekkhasalea
សិក្ខាសាលា	ungegn	sĕkkhasaléa
ស្នេហ៍	chat	sne
ស្នេហ៍	ungegn	snéh
អធិបតីភាព	chat	athibteipheap
អធិបតីភាព	ungegn	'âthĭbteiphéap
គណៈអភិបាល	chat	konakaphibal
គណៈអភិបាល	ungegn	kônă'âphĭbal
ហុងកុង	chat	hongkong
ហុងកុង	ungegn	hŏngkŏng
វេបសាយ	chat	vebsay
វេបសាយ	ungegn	vébsay
ខោ	chat	khao
ខោ	ungegn	khaô
ជ័យជម្នះ	chat	cheychomneah
ជ័យជម្នះ	ungegn	choăychômneăh
លោកយាយ	chat	loukyeay
លោកយាយ	ungegn	loŭkyéay
សហជីព	chat	sahchip
សហជីព	ungegn	sâhchip
អ៊ីតាលី	chat	itali
អ៊ីតាលី	ungegn	itali
បាត	chat	bat
បាត	ungegn	bat
លុប	chat	lub
លុប	ungegn	lŭb
សម្ភារ	chat	samphear
សម្ភារ	ungegn	sâmphéar
សំណង	chat	samnang
សំណង	ungegn	sâmnâng
ដកហូត	chat	dakhout
ដកហូត	ungegn	dâkhot
ប្រសិទ្ធិ	chat	prasetthi
ប្រសិទ្ធិ	ungegn	prâsĕtthĭ
ផ្តាច់ព្រ័ត្រ	chat	phdachproatr
ផ្តាច់ព្រ័ត្រ	ungegn	phdăchproătr
សុភមង្គល	chat	sophmongkol
សុភមង្គល	ungegn	sŏphmôngkôl
ថយចុះ	chat	thaychoh
ថយចុះ	ungegn	thâychŏh
ទន់	chat	ton
ទន់	ungegn	tón
បំណុល	chat	bamnol
បំណុល	ungegn	bâmnŏl
លោកគ្រូ	chat	loukkru
លោកគ្រូ	ungegn	loŭkkru
សិង្ហបុរី	chat	senghabori
សិង្ហបុរី	ungegn	sĕnghâbŏri
រ៉ូ	chat	rou
រ៉ូ	ungegn	ro
ស្ទឹងត្រែង	chat	stuengtraeng
ស្ទឹងត្រែង	ungegn	stœ̆ngtrêng
អគ្គលេខាធិការ	chat	akkolekhathikar
អគ្គលេខាធិការ	ungegn	'âkkôlékhathĭkar
គ្រាប់បែក	chat	kroabbaek
គ្រាប់បែក	ungegn	kroăbbêk
ធៀប	chat	thieb
ធៀប	ungegn	thiĕb
ពោធិ៍សាត់	chat	pousat
ពោធិ៍សាត់	ungegn	poŭthĭsăt
រដ្ឋធានី	chat	rodthatheani
រដ្ឋធានី	ungegn	rôdthâthéani
រាំ	chat	roam
រាំ	ungegn	rŏâm
ប្រក្រតី	chat	prakrotei
ប្រក្រតី	ungegn	prâkrôtei
វិមាន	chat	vimean
វិមាន	ungegn	vĭméan
ចៀសវាង	chat	chiesveang
ចៀសវាង	ungegn	chiĕsvéang
ប្រសាច	chat	prasach
ប្រសាច	ungegn	prâsach
ម្យ៉ាងទៀត	chat	myangtiet
ម្យ៉ាងទៀត	ungegn	myangtiĕt
កក់ក្តៅ	chat	kakkdau
កក់ក្តៅ	ungegn	kákkdau
កំដៅ	chat	kamdau
កំដៅ	ungegn	kâmdau
ទល់នឹង	chat	tolnueng
ទល់នឹង	ungegn	tólnœ̆ng
នឹក	chat	nuek
នឹក	ungegn	nœ̆k
ព្រហ្មទណ្ឌ	chat	prohmotond
ព្រហ្មទណ្ឌ	ungegn	prôhmôtônd
ល្មើស	chat	lmeus
ល្មើស	ungegn	lmeus
បញ្ញា	chat	banhnhea
បញ្ញា	ungegn	bânhnhéa
សាង	chat	sang
សាង	ungegn	sang
សំណេះសំណាល	chat	samnehsamnal
សំណេះសំណាល	ungegn	sâmnéhsâmnal
ខ្សែភាពយន្ត	chat	khsaepheapyont
ខ្សែភាពយន្ត	ungegn	khsêphéapyônt
ក្របខ័ណ្ឌ	chat	krabkhand
ក្របខ័ណ្ឌ	ungegn	krâbkhănd
ជញ្ជាំង	chat	chonhcheang
ជញ្ជាំង	ungegn	chônhcheăng
ភាន់ភាំង	chat	phoanpheang
ភាន់ភាំង	ungegn	phoănpheăng
ស្ទើរ	chat	steur
ស្ទើរ	ungegn	steur
ចេតនា	chat	chetnea
ចេតនា	ungegn	chétnéa
ដេញ	chat	denh
ដេញ	ungegn	dénh
សោកស្តាយ	chat	saoksday
សោកស្តាយ	ungegn	saôksday
គិតគូរ	chat	kitkur
គិតគូរ	ungegn	kĭtkur
បាទ	chat	bat
បាទ	ungegn	bat
ភេសជ្ជៈ	chat	phesachcheak
ភេសជ្ជៈ	ungegn	phésâchcheă
អេឡិចត្រូនិច	chat	elechtrounich
អេឡិចត្រូនិច	ungegn	élĕchtronĭch
កំប្លែង	chat	kamplaeng
កំប្លែង	ungegn	kâmplêng
កំពង់ផែ	chat	kampongphae
កំពង់ផែ	ungegn	kâmpóngphê
ផ្សិត	chat	phset
ផ្សិត	ungegn	phsĕt
ម្សៅ	chat	msov
ម្សៅ	ungegn	msŏu
តួលេខ	chat	tuolekh
តួលេខ	ungegn	tuŏlékh
ទូលាយ	chat	tuleay
ទូលាយ	ungegn	tuléay
សាន	chat	san
សាន	ungegn	san
ការដ្ឋាន	chat	kardthan
ការដ្ឋាន	ungegn	kardthan
ចៅ	chat	chau
ចៅ	ungegn	chau
និងកីឡា	chat	ningkeila
និងកីឡា	ungegn	nĭngkeila
សង់	chat	sang
សង់	ungegn	sáng
សាច់ដុំ	chat	sachdom
សាច់ដុំ	ungegn	săchdom
មនុស្សធម៌	chat	monussathorm
មនុស្សធម៌	ungegn	mônŭssâthôrm
ស្ថាន	chat	sthan
ស្ថាន	ungegn	sthan
កន្លះ	chat	kanleah
កន្លះ	ungegn	kânleăh
ស្ថានីយ	chat	sthaniy
ស្ថានីយ	ungegn	sthaniy
ស្អែក	chat	saek
ស្អែក	ungegn	s'êk
ថ្លើម	chat	thlaeum
ថ្លើម	ungegn	thlaeum
ប្តេជ្ញា	chat	pdechnhea
ប្តេជ្ញា	ungegn	pdéchnhéa
មានច្រើន	chat	meanchraeun
មានច្រើន	ungegn	méanchraeun
យ៉ា	chat	ya
យ៉ា	ungegn	ya
ស្រោម	chat	sraom
ស្រោម	ungegn	sraôm
ហូប	chat	houb
ហូប	ungegn	hob
បឋម	chat	batham
បឋម	ungegn	bâthâm
សង្សារ	chat	sangsar
សង្សារ	ungegn	sângsar
សព្វ	chat	sapv
សព្វ	ungegn	sâpv
ខ្សាច់	chat	khsach
ខ្សាច់	ungegn	khsăch
ចែង	chat	chaeng
ចែង	ungegn	chêng
អាជ្ញាប័ណ្ណ	chat	achnheabann
អាជ្ញាប័ណ្ណ	ungegn	achnhéabănn
តង់	chat	tang
តង់	ungegn	táng
បទបញ្ជា	chat	batbanhchea
បទបញ្ជា	ungegn	bâtbânhchéa
ប៉ោយប៉ែត	chat	paoypaet
ប៉ោយប៉ែត	ungegn	paôypêt
ប្រាក់ខែ	chat	prakkhae
ប្រាក់ខែ	ungegn	prăkkhê
យឺត	chat	yueut
យឺត	ungegn	yœt
អគ្គនាយកដ្ឋាន	chat	akkoneaykadthan
អគ្គនាយកដ្ឋាន	ungegn	'âkkônéaykâdthan
ទ្រង់ទ្រាយ	chat	trongtreay
ទ្រង់ទ្រាយ	ungegn	tróngtréay
ឥណ្ឌូនេស៊ី	chat	endunesi
ឥណ្ឌូនេស៊ី	ungegn	ĕndunési
កៅស៊ូ	chat	kausu
កៅស៊ូ	ungegn	kausu
ផ្តួចផ្តើម	chat	phduochphdaeum
ផ្តួចផ្តើម	ungegn	phduŏchphdaeum
ភាគហ៊ុន	chat	pheakhun
ភាគហ៊ុន	ungegn	phéakhŭn
ភី	chat	phi
ភី	ungegn	phi
ឧបសគ្គ	chat	obsakk
ឧបសគ្គ	ungegn	ŏbsâkk
អ្នកនិពន្ធ	chat	nakniponth
អ្នកនិពន្ធ	ungegn	'nâknĭpônth
ក្របខណ្ឌ	chat	krabkhand
ក្របខណ្ឌ	ungegn	krâbkhând
បណ្តេញ	chat	bandenh
បណ្តេញ	ungegn	bândénh
ពោរពេញ	chat	pourpenh
ពោរពេញ	ungegn	poŭrpénh
ទំនប់	chat	tumnob
ទំនប់	ungegn	tumnób
ប៉ូលីស	chat	poulis
ប៉ូលីស	ungegn	polis
អ៊ីម៉ែល	chat	imael
អ៊ីម៉ែល	ungegn	imêl
ឆក់	chat	chhak
ឆក់	ungegn	chhák
ជម្រក	chat	chomrok
ជម្រក	ungegn	chômrôk
ចម្លែក	chat	chamlaek
ចម្លែក	ungegn	châmlêk
ទឹកដោះគោ	chat	tuekdaohkou
ទឹកដោះគោ	ungegn	tœ̆kdaôhkoŭ
មនុស្សជាតិ	chat	monussacheate
មនុស្សជាតិ	ungegn	mônŭssâchéatĕ
លូ	chat	lu
លូ	ungegn	lu
សុទ្ធ	chat	sotth
សុទ្ធ	ungegn	sŏtth
ឡា	chat	la
ឡា	ungegn	la
អាការៈ	chat	akareak
អាការៈ	ungegn	akareă
រោម	chat	roum
រោម	ungegn	roŭm
សន្និដ្ឋាន	chat	sannidthan
សន្និដ្ឋាន	ungegn	sânnĭdthan
កីឡាការិនី	chat	keilakarini
កីឡាការិនី	ungegn	keilakarĭni
និមិត្ត	chat	nimitt
និមិត្ត	ungegn	nĭmĭtt
រាល់ថ្ងៃ	chat	roalthngai
រាល់ថ្ងៃ	ungegn	roălthngai
ដូណាល់	chat	dounal
ដូណាល់	ungegn	donăl
នុច	chat	nuch
នុច	ungegn	nŭch
ប្រៀប	chat	prieb
ប្រៀប	ungegn	priĕb
ភ	chat	pho
ភ	ungegn	phô
ជម្រុញ	chat	chomrunh
ជម្រុញ	ungegn	chômrŭnh
ណេត	chat	net
ណេត	ungegn	nét
ពិការ	chat	pikar
ពិការ	ungegn	pĭkar
ស្រុកកំណើត	chat	srokkamnaeut
ស្រុកកំណើត	ungegn	srŏkkâmnaeut
អវិជ្ជមាន	chat	avichchomean
អវិជ្ជមាន	ungegn	'âvĭchchôméan
គណៈប្រតិភូ	chat	konakpratephu
គណៈប្រតិភូ	ungegn	kônăprâtĕphu
គំរាម	chat	kumream
គំរាម	ungegn	kumréam
ញៀន	chat	nhien
ញៀន	ungegn	nhiĕn
ទុន	chat	tun
ទុន	ungegn	tŭn
មានជ័យ	chat	meanchey
មានជ័យ	ungegn	méanchoăy
ស៊ីហ្គេម	chat	sihkem
ស៊ីហ្គេម	ungegn	sihkém
សះស្បើយ	chat	sahsbaeuy
សះស្បើយ	ungegn	săhsbaeuy
ប្រឹងប្រែង	chat	proengpraeng
ប្រឹងប្រែង	ungegn	prœ̆ngprêng
ផ្ទៃក្នុង	chat	phteyknong
ផ្ទៃក្នុង	ungegn	phteyknŏng
រត់គេច	chat	rotkech
រត់គេច	ungegn	rótkéch
សេនាបតី	chat	seneabtei
សេនាបតី	ungegn	sénéabtei
ក្មួយ	chat	kmuoy
ក្មួយ	ungegn	kmuŏy
ឆ្លុះបញ្ចាំង	chat	chhlohbanhchang
ឆ្លុះបញ្ចាំង	ungegn	chhlŏhbânhchăng
ពុទ្ធសាសនា	chat	putthosasnea
ពុទ្ធសាសនា	ungegn	pŭtthôsasnéa
សម្លឹង	chat	samlueng
សម្លឹង	ungegn	sâmlœ̆ng
ខឹង	chat	khoeng
ខឹង	ungegn	khœ̆ng
ជិតស្និទ្ធ	chat	chitsnetth
ជិតស្និទ្ធ	ungegn	chĭtsnĕtth
ពិតមែន	chat	pitmaen
ពិតមែន	ungegn	pĭtmên
ព្រាង	chat	preang
ព្រាង	ungegn	préang
យំ	chat	yum
យំ	ungegn	yum
ស្មុគស្មាញ	chat	smoksmanh
ស្មុគស្មាញ	ungegn	smŏksmanh
អាពាហ៍ពិពាហ៍	chat	apeapipea
អាពាហ៍ពិពាហ៍	ungegn	apéahpĭpéah
ជំហរ	chat	chumhar
ជំហរ	ungegn	chumhâr
ប៊ូតុង	chat	butong
ប៊ូតុង	ungegn	butŏng
រាសី	chat	reasei
រាសី	ungegn	réasei
គ្រឹះស្ថាន	chat	kruehsthan
គ្រឹះស្ថាន	ungegn	krœ̆hsthan
បន្ទាត់	chat	bantoat
បន្ទាត់	ungegn	bântoăt
លេចធ្លោ	chat	lechthlou
លេចធ្លោ	ungegn	léchthloŭ
កាតា	chat	kata
កាតា	ungegn	kata
តំណ	chat	tamna
តំណ	ungegn	tâmnâ
បក	chat	bak
បក	ungegn	bâk
ងើប	chat	ngeub
ងើប	ungegn	ngeub
ភ័យ	chat	phey
ភ័យ	ungegn	phoăy
រោង	chat	roung
រោង	ungegn	roŭng
ស៊ូ	chat	su
ស៊ូ	ungegn	su
ស្វាយ	chat	svay
ស្វាយ	ungegn	svay
អន្តោប្រវេសន៍	chat	antaobrovesa
អន្តោប្រវេសន៍	ungegn	'ântaôbrôvésân
ឈានមុខ	chat	chheanmukh
ឈានមុខ	ungegn	chhéanmŭkh
ទម្លាយ	chat	tomleay
ទម្លាយ	ungegn	tômléay
ភោជនីយដ្ឋាន	chat	phouchniydthan
ភោជនីយដ្ឋាន	ungegn	phoŭchniydthan
ភ្លឺ	chat	phlueu
ភ្លឺ	ungegn	phlœ
ម៉ូដ	chat	moud
ម៉ូដ	ungegn	mod
រើស	chat	reus
រើស	ungegn	reus
កាស	chat	kas
កាស	ungegn	kas
ទស្សនិកជន	chat	tossanikchon
ទស្សនិកជន	ungegn	tôssânĭkchôn
ទំហឹង	chat	tumhoeng
ទំហឹង	ungegn	tumhœ̆ng
ពល	chat	pol
ពល	ungegn	pôl
ឧស្ម័ន	chat	osman
ឧស្ម័ន	ungegn	ŏsmăn
ជូនពរ	chat	chunpor
ជូនពរ	ungegn	chunpôr
ពៅ	chat	pov
ពៅ	ungegn	pŏu
មណ្ឌលគិរី	chat	mondolkiri
មណ្ឌលគិរី	ungegn	môndôlkĭri
រា	chat	rea
រា	ungegn	réa
ឯកទេស	chat	aektes
ឯកទេស	ungegn	êktés
ឈ្នួល	chat	chhnuol
ឈ្នួល	ungegn	chhnuŏl
តួកគី	chat	tuokki
តួកគី	ungegn	tuŏkki
ត្រង់ចំណុច	chat	trangchamnoch
ត្រង់ចំណុច	ungegn	trángchâmnŏch
គុន	chat	kun
គុន	ungegn	kŭn
គ្របដណ្តប់	chat	krobdandab
គ្របដណ្តប់	ungegn	krôbdândáb
ទូ	chat	tu
ទូ	ungegn	tu
លះបង់	chat	leahbang
លះបង់	ungegn	leăhbáng
សងខាង	chat	sangkhang
សងខាង	ungegn	sângkhang
សាធារណការ	chat	sathearonkar
សាធារណការ	ungegn	sathéarônkar
សាស្ត្រាចារ្យ	chat	sastrachary
សាស្ត្រាចារ្យ	ungegn	sastrachary
ស្លាក	chat	slak
ស្លាក	ungegn	slak
កាតព្វកិច្ច	chat	katpvokechch
កាតព្វកិច្ច	ungegn	katpvôkĕchch
ឃ្លាំង	chat	khleang
ឃ្លាំង	ungegn	khleăng
ទេវតា	chat	tevta
ទេវតា	ungegn	tévta
ពឹងផ្អែក	chat	puengphaek
ពឹងផ្អែក	ungegn	pœ̆ngph'êk
សារភាព	chat	sarpheap
សារភាព	ungegn	sarphéap
ក្រណាត់	chat	kranat
ក្រណាត់	ungegn	krânăt
ឆ្លាតវៃ	chat	chhlatvey
ឆ្លាតវៃ	ungegn	chhlatvey
យាង	chat	yeang
យាង	ungegn	yéang
លា	chat	lea
លា	ungegn	léa
វស្សា	chat	vossa
វស្សា	ungegn	vôssa
បែបណា	chat	baebna
បែបណា	ungegn	bêbna
ប្រតិភូ	chat	pratephu
ប្រតិភូ	ungegn	prâtĕphu
ពន្យារ	chat	ponyear
ពន្យារ	ungegn	pônyéar
សិស្សានុសិស្ស	chat	sessanusess
សិស្សានុសិស្ស	ungegn	sĕssanŭsĕss
ចឹង	chat	choeng
ចឹង	ungegn	chœ̆ng
ថោក	chat	thaok
ថោក	ungegn	thaôk
ថៅកែ	chat	thaukae
ថៅកែ	ungegn	thaukê
បង្អស់	chat	bangas
បង្អស់	ungegn	bâng'ás
មិនឱ្យ	chat	minao
មិនឱ្យ	ungegn	mĭnaô
កែសម្រួល	chat	kaesmruol
កែសម្រួល	ungegn	kêsmruŏl
នគរ	chat	nokor
នគរ	ungegn	nôkôr
ភៀសខ្លួន	chat	phieskhluon
ភៀសខ្លួន	ungegn	phiĕskhluŏn
រោគ	chat	rouk
រោគ	ungegn	roŭk
ចម្ការ	chat	chamkar
ចម្ការ	ungegn	châmkar
ចំណាប់អារម្មណ៍	chat	chamnabarommo
ចំណាប់អារម្មណ៍	ungegn	châmnăb'arômmôn
បម្រុង	chat	bamrung
បម្រុង	ungegn	bâmrŭng
បរិវេណ	chat	bariven
បរិវេណ	ungegn	bârĭvén
ឱ	chat	ao
ឱ	ungegn	aô
ខ្លាំងក្លា	chat	khlangkla
ខ្លាំងក្លា	ungegn	khlăngkla
ឆេះ	chat	chheh
ឆេះ	ungegn	chhéh
ស្តុក	chat	sdok
ស្តុក	ungegn	sdŏk
ដប	chat	dab
ដប	ungegn	dâb
ដេ	chat	de
ដេ	ungegn	dé
ទីប្រឹក្សា	chat	tiproeksa
ទីប្រឹក្សា	ungegn	tiprœ̆ksa
ប៊ី	chat	bi
ប៊ី	ungegn	bi
ធុង	chat	thung
ធុង	ungegn	thŭng
អាណិត	chat	anet
អាណិត	ungegn	anĕt
ចត្តាឡីស័ក	chat	chatdaleisak
ចត្តាឡីស័ក	ungegn	châtdaleisăk
ចំណី	chat	chamnei
ចំណី	ungegn	châmnei
ស្ថិរភាព	chat	stherpheap
ស្ថិរភាព	ungegn	sthĕrphéap
ស្លុត	chat	slot
ស្លុត	ungegn	slŏt
ក្បួន	chat	kbuon
ក្បួន	ungegn	kbuŏn
ទេសរដ្ឋមន្ត្រី	chat	tesrodthamntrei
ទេសរដ្ឋមន្ត្រី	ungegn	tésrôdthâmntrei
និន្នាការ	chat	ninneakar
និន្នាការ	ungegn	nĭnnéakar
មែនទែន	chat	maentaen
មែនទែន	ungegn	mêntên
រាជអាជ្ញា	chat	reachachnhea
រាជអាជ្ញា	ungegn	réach'achnhéa
ទោះយ៉ាងណា	chat	tuohyangna
ទោះយ៉ាងណា	ungegn	tŏăhyangna
ស្ថាបនា	chat	sthabnea
ស្ថាបនា	ungegn	sthabnéa
ខំ	chat	kham
ខំ	ungegn	khâm
ប្រឹក្សា	chat	proeksa
ប្រឹក្សា	ungegn	prœ̆ksa
មូល	chat	mul
មូល	ungegn	mul
លោកតា	chat	loukta
លោកតា	ungegn	loŭkta
ប្រេស៊ីល	chat	presil
ប្រេស៊ីល	ungegn	présil
រលូន	chat	rolun
រលូន	ungegn	rôlun
រំដោះ	chat	rumdaoh
រំដោះ	ungegn	rumdaôh
លក់ដូរ	chat	lokdour
លក់ដូរ	ungegn	lókdor
លុបចោល	chat	lubchaol
លុបចោល	ungegn	lŭbchaôl
ដុះ	chat	doh
ដុះ	ungegn	dŏh
បូម	chat	boum
បូម	ungegn	bom
ម៉ៅ	chat	mau
ម៉ៅ	ungegn	mau
គណ	chat	kon
គណ	ungegn	kôn
គំនូរ	chat	kumnur
គំនូរ	ungegn	kumnur
ទឹកនោមផ្អែម	chat	tueknoumphaem
ទឹកនោមផ្អែម	ungegn	tœ̆knoŭmph'êm
ស្រទាប់	chat	sratoab
ស្រទាប់	ungegn	srâtoăb
ម៉ែ	chat	mae
ម៉ែ	ungegn	mê
អនុសាសន៍	chat	anusasa
អនុសាសន៍	ungegn	'ânŭsasân
អេឡិចត្រូនិក	chat	elechtrounik
អេឡិចត្រូនិក	ungegn	élĕchtronĭk
យន្ត	chat	yont
យន្ត	ungegn	yônt
លាភ	chat	leaph
លាភ	ungegn	léaph
ញញឹម	chat	nhonhuem
ញញឹម	ungegn	nhônhœ̆m
ផ្តន្ទាទោស	chat	phdanteatous
ផ្តន្ទាទោស	ungegn	phdântéatoŭs
រូបិយប័ណ្ណ	chat	rubeybann
រូបិយប័ណ្ណ	ungegn	rubĕybănn
លឿង	chat	loeang
លឿង	ungegn	lœăng
សែនសុខ	chat	saensokh
សែនសុខ	ungegn	sênsŏkh
អតីតកាល	chat	ateitkal
អតីតកាល	ungegn	'âteitkal
វេជ្ជសាស្ត្រ	chat	vechchosastr
វេជ្ជសាស្ត្រ	ungegn	véchchôsastr
ស្រេង	chat	sreng
ស្រេង	ungegn	sréng
បេតុង	chat	betong
បេតុង	ungegn	bétŏng
ប្រមាថ	chat	prameath
ប្រមាថ	ungegn	prâméath
ល្អិត	chat	let
ល្អិត	ungegn	l'ĕt
វត្ថុតាង	chat	votthotang
វត្ថុតាង	ungegn	vôtthŏtang
ទ្រូង	chat	trung
ទ្រូង	ungegn	trung
ផោន	chat	phaon
ផោន	ungegn	phaôn
ពិសោធន៍	chat	pisaotho
ពិសោធន៍	ungegn	pĭsaôthôn
ម៉ូត	chat	mout
ម៉ូត	ungegn	mot
កំណែទម្រង់	chat	kamnaetmrong
កំណែទម្រង់	ungegn	kâmnêtmróng
ទសវត្សរ៍	chat	tosvotsa
ទសវត្សរ៍	ungegn	tôsvôtsâr
ទំ	chat	tum
ទំ	ungegn	tum
ប្តីប្រពន្ធ	chat	pdeibroponth
ប្តីប្រពន្ធ	ungegn	pdeibrôpônth
រាជា	chat	reachea
រាជា	ungegn	réachéa
គុក	chat	kuk
គុក	ungegn	kŭk
ម៉ាស់	chat	mas
ម៉ាស់	ungegn	măs
រដ្ឋធម្មនុញ្ញ	chat	rodthathommonunhnh
រដ្ឋធម្មនុញ្ញ	ungegn	rôdthâthômmônŭnhnh
លំ	chat	lum
លំ	ungegn	lum
ឃ្លាំមើល	chat	khloammeul
ឃ្លាំមើល	ungegn	khlŏâmmeul
ដូច្នោះ	chat	douchnaoh
ដូច្នោះ	ungegn	dochnaôh
ប៉ារីស	chat	paris
ប៉ារីស	ungegn	paris
ម្យ៉ាងវិញ	chat	myangvinh
ម្យ៉ាងវិញ	ungegn	myangvĭnh
សិល្បករ	chat	selbakar
សិល្បករ	ungegn	sĕlbâkâr
ចំណង	chat	chamnang
ចំណង	ungegn	châmnâng
វ៉ាស៊ីនតោន	chat	vasintaon
វ៉ាស៊ីនតោន	ungegn	vasintaôn
សាយ	chat	say
សាយ	ungegn	say
ហាងឆេង	chat	hangchheng
ហាងឆេង	ungegn	hangchhéng
ឆ្ងាញ់	chat	chhnganh
ឆ្ងាញ់	ungegn	chhngănh
ជំនុំជម្រះ	chat	chumnumchomreah
ជំនុំជម្រះ	ungegn	chumnŭmchômreăh
ជ្រើស	chat	chreus
ជ្រើស	ungegn	chreus
ផែន	chat	phaen
ផែន	ungegn	phên
សាធារណជន	chat	sathearonchon
សាធារណជន	ungegn	sathéarônchôn
សោ	chat	sao
សោ	ungegn	saô
ក្រចក	chat	krachak
ក្រចក	ungegn	krâchâk
ចំណាស់	chat	chamnas
ចំណាស់	ungegn	châmnăs
ជ្រៅ	chat	chrov
ជ្រៅ	ungegn	chrŏu
ដ៏ខ្ពង់ខ្ពស់	chat	dakhpongkhpos
ដ៏ខ្ពង់ខ្ពស់	ungegn	dâkhpóngkhpós
ត្រា	chat	tra
ត្រា	ungegn	tra
បរិច្ចាគ	chat	barichchak
បរិច្ចាគ	ungegn	bârĭchchak
សាក្សី	chat	saksei
សាក្សី	ungegn	saksei
អគ្គិភ័យ	chat	akkiphey
អគ្គិភ័យ	ungegn	'âkkĭphoăy
ចាយ	chat	chay
ចាយ	ungegn	chay
តឹង	chat	toeng
តឹង	ungegn	tœ̆ng
យុទ្ធជន	chat	yutthochon
យុទ្ធជន	ungegn	yŭtthôchôn
គ្រោះមហន្តរាយ	chat	kruohmohndareay
គ្រោះមហន្តរាយ	ungegn	krŏăhmôhndâréay
ជះ	chat	cheah
ជះ	ungegn	cheăh
ជ័យ	chat	chey
ជ័យ	ungegn	choăy
ថ្នល់	chat	thnal
ថ្នល់	ungegn	thnál
យូរអង្វែង	chat	yurangvaeng
យូរអង្វែង	ungegn	yur'ângvêng
ទៀងទាត់	chat	tiengtoat
ទៀងទាត់	ungegn	tiĕngtoăt
ពិសោធ	chat	pisaoth
ពិសោធ	ungegn	pĭsaôth
រៀប	chat	rieb
រៀប	ungegn	riĕb
កាណាដា	chat	kanada
កាណាដា	ungegn	kanada
ម្យ៉ាង	chat	myang
ម្យ៉ាង	ungegn	myang
បត់	chat	bat
បត់	ungegn	bát
សេង	chat	seng
សេង	ungegn	séng
និរន្តរភាព	chat	nirndarpheap
និរន្តរភាព	ungegn	nĭrndârphéap
បើកចំហ	chat	baeukchamha
បើកចំហ	ungegn	baeukchâmhâ
រកប្រាក់	chat	rokprak
រកប្រាក់	ungegn	rôkprăk
សី	chat	sei
សី	ungegn	sei
កាក់	chat	kak
កាក់	ungegn	kăk
កាំបិត	chat	kambet
កាំបិត	ungegn	kămbĕt
ឃោសនា	chat	khousnea
ឃោសនា	ungegn	khoŭsnéa
ចរន្ត	chat	charont
ចរន្ត	ungegn	chârônt
ឆ្លងដែន	chat	chhlangdaen
ឆ្លងដែន	ungegn	chhlângdên
ជូត	chat	chut
ជូត	ungegn	chut
ទឹកភ្នែក	chat	tuekphnaek
ទឹកភ្នែក	ungegn	tœ̆kphnêk
ប្លន់	chat	plan
ប្លន់	ungegn	plán
ភាគតិច	chat	pheaktech
ភាគតិច	ungegn	phéaktĕch
ម្ហូប	chat	mhoub
ម្ហូប	ungegn	mhob
សំបូរ	chat	sambour
សំបូរ	ungegn	sâmbor
អ្នកគ្រូ	chat	nakkru
អ្នកគ្រូ	ungegn	'nâkkru
ជាជាង	chat	cheacheang
ជាជាង	ungegn	chéachéang
ប្លង់	chat	plang
ប្លង់	ungegn	pláng
យោ	chat	you
យោ	ungegn	yoŭ
សង្កត់ធ្ងន់	chat	sangkatthngon
សង្កត់ធ្ងន់	ungegn	sângkátthngón
ស្លឹក	chat	sloek
ស្លឹក	ungegn	slœ̆k
កម្ចាត់	chat	kamchat
កម្ចាត់	ungegn	kâmchăt
កោសិកា	chat	kaoseka
កោសិកា	ungegn	kaôsĕka
ចំរើន	chat	chamreun
ចំរើន	ungegn	châmreun
ជាជន	chat	cheachon
ជាជន	ungegn	chéachôn
បូ	chat	bou
បូ	ungegn	bo
មួយរយៈ	chat	muoyoryeak
មួយរយៈ	ungegn	muŏyôryeă
គូរ	chat	kur
គូរ	ungegn	kur
អន្តរ	chat	antar
អន្តរ	ungegn	'ântâr
បច្ចុប្បន្នភាព	chat	bachchobbannopheap
បច្ចុប្បន្នភាព	ungegn	bâchchŏbbânnôphéap
ពោះវៀន	chat	puohvien
ពោះវៀន	ungegn	pŏăhviĕn
អាយ	chat	ay
អាយ	ungegn	ay
បំពាន	chat	bampean
បំពាន	ungegn	bâmpéan
ប្រការ	chat	prakar
ប្រការ	ungegn	prâkar
ពោធិ៍សែនជ័យ	chat	pousaenchey
ពោធិ៍សែនជ័យ	ungegn	poŭthĭsênchoăy
យល់ឃើញ	chat	yolkheunh
យល់ឃើញ	ungegn	yólkheunh
សំណើម	chat	samnaeum
សំណើម	ungegn	sâmnaeum
កំណត់ត្រា	chat	kamnattra
កំណត់ត្រា	ungegn	kâmnáttra
លោត	chat	lout
លោត	ungegn	loŭt
គឹម	chat	kuem
គឹម	ungegn	kœ̆m
បណ្តើរ	chat	bandaeur
បណ្តើរ	ungegn	bândaeur
រូបមន្ត	chat	rubmont
រូបមន្ត	ungegn	rubmônt
បង្គោល	chat	bangkoul
បង្គោល	ungegn	bângkoŭl
ប្រុសស្រី	chat	prossrei
ប្រុសស្រី	ungegn	prŏssrei
មោទនភាព	chat	moutonpheap
មោទនភាព	ungegn	moŭtônphéap
អូឡាំពិក	chat	oulampik
អូឡាំពិក	ungegn	olămpĭk
ខកខាន	chat	khakkhan
ខកខាន	ungegn	khâkkhan
ទឹកឃ្មុំ	chat	tuekkhmum
ទឹកឃ្មុំ	ungegn	tœ̆kkhmŭm
ឡេង	chat	leng
ឡេង	ungegn	léng
អាជីវករ	chat	achivkar
អាជីវករ	ungegn	achivkâr
កូរ៉ូណា	chat	kourouna
កូរ៉ូណា	ungegn	korona
ចាន	chat	chan
ចាន	ungegn	chan
ស្ថាបនិក	chat	sthabnik
ស្ថាបនិក	ungegn	sthabnĭk
ចម្បាំង	chat	chambang
ចម្បាំង	ungegn	châmbăng
ចរាចរ	chat	chareachar
ចរាចរ	ungegn	châréachâr
ជាយូរ	chat	cheayur
ជាយូរ	ungegn	chéayur
វាសនា	chat	veasnea
វាសនា	ungegn	véasnéa
សុវណ្ណ	chat	sovonn
សុវណ្ណ	ungegn	sŏvônn
ហ៊ុនសែន	chat	hunsaen
ហ៊ុនសែន	ungegn	hŭnsên
ទាល់តែ	chat	toaltae
ទាល់តែ	ungegn	toăltê
បង្ហើប	chat	banghaeub
បង្ហើប	ungegn	bânghaeub
សូមអរគុណ	chat	soumarkun
សូមអរគុណ	ungegn	som'ârkŭn
ស្រូប	chat	sroub
ស្រូប	ungegn	srob
ហោះ	chat	haoh
ហោះ	ungegn	haôh
កិន	chat	ken
កិន	ungegn	kĕn
ងងឹត	chat	ngonguet
ងងឹត	ungegn	ngôngœ̆t
តប	chat	tab
តប	ungegn	tâb
ទា	chat	tea
ទា	ungegn	téa
ផ្កាយ	chat	phkay
ផ្កាយ	ungegn	phkay
លុបបំបាត់	chat	lubbambat
លុបបំបាត់	ungegn	lŭbbâmbăt
លំនៅដ្ឋាន	chat	lumnovdthan
លំនៅដ្ឋាន	ungegn	lumnŏudthan
អូស	chat	ous
អូស	ungegn	os
ទុកជា	chat	tukchea
ទុកជា	ungegn	tŭkchéa
ទេសភាព	chat	tespheap
ទេសភាព	ungegn	tésphéap
និយោជិត	chat	niyouchit
និយោជិត	ungegn	nĭyoŭchĭt
យានយន្ត	chat	yeanyont
យានយន្ត	ungegn	yéanyônt
ទូរ	chat	tur
ទូរ	ungegn	tur
បែកបាក់	chat	baekbak
បែកបាក់	ungegn	bêkbăk
ពន្លត់	chat	ponlot
ពន្លត់	ungegn	pônlót
កុងត្រា	chat	kongtra
កុងត្រា	ungegn	kŏngtra
ស្លា	chat	sla
ស្លា	ungegn	sla
កំ	chat	kam
កំ	ungegn	kâm
ជារឿយ	chat	chearoeay
ជារឿយ	ungegn	chéarœăy
បូក	chat	bouk
បូក	ungegn	bok
ផ្លាស់	chat	phlas
ផ្លាស់	ungegn	phlăs
កាត់ទោស	chat	kattous
កាត់ទោស	ungegn	kăttoŭs
ទេពកោសល្យ	chat	tepkaosaly
ទេពកោសល្យ	ungegn	tépkaôsâly
ប្រឡាយ	chat	pralay
ប្រឡាយ	ungegn	prâlay
រលក	chat	rolok
រលក	ungegn	rôlôk
ដួង	chat	duong
ដួង	ungegn	duŏng
ប្រែក្លាយ	chat	praeklay
ប្រែក្លាយ	ungegn	prêklay
អំបិល	chat	ambel
អំបិល	ungegn	'âmbĕl
រាវ	chat	reav
រាវ	ungegn	réav
សីតុណ្ហភាព	chat	seitonhapheap
សីតុណ្ហភាព	ungegn	seitŏnhâphéap
គួរសម	chat	kuorsam
គួរសម	ungegn	kuŏrsâm
ចៃដន្យ	chat	chaidany
ចៃដន្យ	ungegn	chaidâny
រុញ	chat	runh
រុញ	ungegn	rŭnh
ឧទ្យាន	chat	otyean
ឧទ្យាន	ungegn	ŏtyéan
កែង	chat	kaeng
កែង	ungegn	kêng
ចង្អុល	chat	changol
ចង្អុល	ungegn	châng'ŏl
ទប់ទល់	chat	tobtol
ទប់ទល់	ungegn	tóbtól
សវនាការ	chat	savneakar
សវនាការ	ungegn	sâvnéakar
ស្ងប់ស្ងាត់	chat	sngabsngat
ស្ងប់ស្ងាត់	ungegn	sngábsngăt
នរោត្តម	chat	noroutdam
នរោត្តម	ungegn	nôroŭtdâm
ពលកម្ម	chat	polkamm
ពលកម្ម	ungegn	pôlkâmm
ម៉េង	chat	meng
ម៉េង	ungegn	méng
ករ	chat	kar
ករ	ungegn	kâr
ខេមរភូមិន្ទ	chat	khemorphumint
ខេមរភូមិន្ទ	ungegn	khémôrphumĭnt
រតនគិរី	chat	rotnokiri
រតនគិរី	ungegn	rôtnôkĭri
គ្រែ	chat	krae
គ្រែ	ungegn	krê
ជីក	chat	chik
ជីក	ungegn	chik
ថង់	chat	thang
ថង់	ungegn	tháng
ពិន័យ	chat	piney
ពិន័យ	ungegn	pĭnoăy
អាថ៌កំបាំង	chat	arthkambang
អាថ៌កំបាំង	ungegn	arthkâmbăng
ក្រឡាហោម	chat	kralahaom
ក្រឡាហោម	ungegn	krâlahaôm
សូ	chat	sou
សូ	ungegn	so
តម្លាភាព	chat	tamleapheap
តម្លាភាព	ungegn	tâmléaphéap
ធំធេង	chat	thumtheng
ធំធេង	ungegn	thumthéng
ពេញវ័យ	chat	penhvey
ពេញវ័យ	ungegn	pénhvoăy
កេរ្តិ៍ឈ្មោះ	chat	kechhmuoh
កេរ្តិ៍ឈ្មោះ	ungegn	kérdĕchhmŏăh
ងាប់	chat	ngoab
ងាប់	ungegn	ngoăb
បង្ហូរ	chat	banghour
បង្ហូរ	ungegn	bânghor
បន្សល់	chat	bansal
បន្សល់	ungegn	bânsál
ឡូ	chat	lou
ឡូ	ungegn	lo
បង្កប់	chat	bangkab
បង្កប់	ungegn	bângkáb
ពិព័រណ៍	chat	pipoaro
ពិព័រណ៍	ungegn	pĭpoărôn
សាច់ប្រាក់	chat	sachprak
សាច់ប្រាក់	ungegn	săchprăk
អចិន្ត្រៃយ៍	chat	achentrai
អចិន្ត្រៃយ៍	ungegn	'âchĕntraiy
ចេក	chat	chek
ចេក	ungegn	chék
ដំបូល	chat	damboul
ដំបូល	ungegn	dâmbol
ពេលណា	chat	pelna
ពេលណា	ungegn	pélna
មរណភាព	chat	mornapheap
មរណភាព	ungegn	môrnâphéap
លទ្ធិប្រជាធិបតេយ្យ	chat	lotthibrocheathibteyy
លទ្ធិប្រជាធិបតេយ្យ	ungegn	lôtthĭbrôchéathĭbtéyy
សិទ្ធ	chat	setth
សិទ្ធ	ungegn	sĕtth
កំណាត់	chat	kamnat
កំណាត់	ungegn	kâmnăt
ក្រាម	chat	kram
ក្រាម	ungegn	kram
ចំណុះ	chat	chamnoh
ចំណុះ	ungegn	châmnŏh
មុខមាត់	chat	mukhmoat
មុខមាត់	ungegn	mŭkhmoăt
ដីកា	chat	deika
ដីកា	ungegn	deika
អប្សរា	chat	absarea
អប្សរា	ungegn	'âbsâréa
ច្រើនណាស់	chat	chraeunnas
ច្រើនណាស់	ungegn	chraeunnăs
ឋានៈ	chat	thaneak
ឋានៈ	ungegn	thaneă
ធុន	chat	thun
ធុន	ungegn	thŭn
សង្វៀន	chat	sangvien
សង្វៀន	ungegn	sângviĕn
សន្លប់	chat	sanlob
សន្លប់	ungegn	sânlób
ស្ទឹង	chat	stueng
ស្ទឹង	ungegn	stœ̆ng
អាគារ	chat	akear
អាគារ	ungegn	akéar
ស្លៀកពាក់	chat	sliekpeak
ស្លៀកពាក់	ungegn	sliĕkpeăk
កំរិត	chat	kamrit
កំរិត	ungegn	kâmrĭt
ដាំដុះ	chat	damdoh
ដាំដុះ	ungegn	dămdŏh
បង្គាប់	chat	bangkoab
បង្គាប់	ungegn	bângkoăb
ពុក	chat	puk
ពុក	ungegn	pŭk
ណែត	chat	naet
ណែត	ungegn	nêt
លំហូរ	chat	lumhour
លំហូរ	ungegn	lumhor
ដ្ឋាន	chat	dthan
ដ្ឋាន	ungegn	dthan
វណ្ណៈ	chat	vonnak
វណ្ណៈ	ungegn	vônnă
សប្បុរសជន	chat	sabboroschon
សប្បុរសជន	ungegn	sâbbŏrôschôn
ខាតបង់	chat	khatbang
ខាតបង់	ungegn	khatbáng
ត្រចៀក	chat	trachiek
ត្រចៀក	ungegn	trâchiĕk
បាងកក	chat	bangkak
បាងកក	ungegn	bangkâk
ប៉ះទង្គិច	chat	pahtongkich
ប៉ះទង្គិច	ungegn	păhtôngkĭch
អារ	chat	ar
អារ	ungegn	ar
ចត	chat	chat
ចត	ungegn	chât
ឈីប	chat	chhib
ឈីប	ungegn	chhib
មេរៀន	chat	merien
មេរៀន	ungegn	mériĕn
រវល់	chat	rovol
រវល់	ungegn	rôvól
វឌ្ឍនភាព	chat	vodthonpheap
វឌ្ឍនភាព	ungegn	vôdthônphéap
វិនិយោគិន	chat	viniyoukin
វិនិយោគិន	ungegn	vĭnĭyoŭkĭn
កង្វះ	chat	kangveah
កង្វះ	ungegn	kângveăh
កំណែ	chat	kamnae
កំណែ	ungegn	kâmnê
ចិញ្ចើម	chat	chenhchaeum
ចិញ្ចើម	ungegn	chĕnhchaeum
បញ្ចេញមតិ	chat	banhchenhomte
បញ្ចេញមតិ	ungegn	bânhchénhômtĕ
ព្រឹត្តិបត្រ	chat	pruetdebatr
ព្រឹត្តិបត្រ	ungegn	prœ̆tdĕbâtr
ព្រះអម្ចាស់	chat	preahamchas
ព្រះអម្ចាស់	ungegn	preăh'âmchăs
គម្លាត	chat	komleat
គម្លាត	ungegn	kômléat
ចំណីអាហារ	chat	chamneiahar
ចំណីអាហារ	ungegn	châmnei'ahar
ដឹងទេ	chat	doengte
ដឹងទេ	ungegn	dœ̆ngté
ទូរស័ព្ទដៃ	chat	tursaptodai
ទូរស័ព្ទដៃ	ungegn	tursăptôdai
ធ្វើបាប	chat	thveubab
ធ្វើបាប	ungegn	thveubab
បេតិកភណ្ឌ	chat	betekphond
បេតិកភណ្ឌ	ungegn	bétĕkphônd
សង្ខេប	chat	sangkheb
សង្ខេប	ungegn	sângkhéb
ជម្រុះ	chat	chomruh
ជម្រុះ	ungegn	chômrŭh
តូ	chat	tou
តូ	ungegn	to
និពន្ធ	chat	niponth
និពន្ធ	ungegn	nĭpônth
យុវវ័យ	chat	yuvvey
យុវវ័យ	ungegn	yŭvvoăy
លឺ	chat	lueu
លឺ	ungegn	lœ
ក្រពះ	chat	krapeah
ក្រពះ	ungegn	krâpeăh
ងូត	chat	ngut
ងូត	ungegn	ngut
ចម្រើន	chat	chamreun
ចម្រើន	ungegn	châmreun
ទីបី	chat	tibei
ទីបី	ungegn	tibei
វ៉ាត់	chat	vat
វ៉ាត់	ungegn	văt
គយ	chat	koy
គយ	ungegn	kôy
តួអង្គ	chat	tuoangk
តួអង្គ	ungegn	tuŏ'ângk
សត្រូវ	chat	satruv
សត្រូវ	ungegn	sâtruv
សន្ទុះ	chat	santuh
សន្ទុះ	ungegn	sântŭh
អប្បបរមា	chat	abbabromea
អប្បបរមា	ungegn	'âbbâbrôméa
ផ្ទុះឡើង	chat	phtuhlaeung
ផ្ទុះឡើង	ungegn	phtŭhlaeung
ពិសា	chat	pisa
ពិសា	ungegn	pĭsa
រយៈ	chat	royeak
រយៈ	ungegn	rôyeă
ចង្កូត	chat	changkout
ចង្កូត	ungegn	chângkot
ចំហៀង	chat	chamhieng
ចំហៀង	ungegn	châmhiĕng
ដាវ	chat	dav
ដាវ	ungegn	dav
តោះ	chat	taoh
តោះ	ungegn	taôh
ផ្តាំផ្ញើ	chat	phdamphnhaeu
ផ្តាំផ្ញើ	ungegn	phdămphnhaeu
វាស់	chat	voas
វាស់	ungegn	voăs
វិន័យ	chat	viney
វិន័យ	ungegn	vĭnoăy
វេន	chat	ven
វេន	ungegn	vén
សាប៊ូ	chat	sabu
សាប៊ូ	ungegn	sabu
ស្វា	chat	sva
ស្វា	ungegn	sva
គុណសម្បត្តិ	chat	kunsambatde
គុណសម្បត្តិ	ungegn	kŭnsâmbâtdĕ
ជ្រាលជ្រៅ	chat	chrealchrov
ជ្រាលជ្រៅ	ungegn	chréalchrŏu
ថ	chat	tha
ថ	ungegn	thâ
ទាត់	chat	toat
ទាត់	ungegn	toăt
ផ្ញើសារ	chat	phnhaeusar
ផ្ញើសារ	ungegn	phnhaeusar
ហាត់	chat	hat
ហាត់	ungegn	hăt
អឺរ៉ូ	chat	eurou
អឺរ៉ូ	ungegn	œro
ឯកអគ្គរដ្ឋទូត	chat	aekakkordthatut
ឯកអគ្គរដ្ឋទូត	ungegn	êk'âkkôrdthâtut
ចក្ខុវិស័យ	chat	chakkhovisai
ចក្ខុវិស័យ	ungegn	châkkhŏvĭsăy
ទំនាស់	chat	tumnoas
ទំនាស់	ungegn	tumnoăs
ពរ	chat	por
ពរ	ungegn	pôr
វេចខ្ចប់	chat	vechkhchab
វេចខ្ចប់	ungegn	véchkhcháb
សរ	chat	sar
សរ	ungegn	sâr
ឃ្លា	chat	khlea
ឃ្លា	ungegn	khléa
ចេញចូល	chat	chenhchoul
ចេញចូល	ungegn	chénhchol
ភូមា	chat	phumea
ភូមា	ungegn	phuméa
ស្ថេរភាព	chat	stherpheap
ស្ថេរភាព	ungegn	sthérphéap
ស្លាប	chat	slab
ស្លាប	ungegn	slab
កុសល	chat	kosal
កុសល	ungegn	kŏsâl
ទ្រាំ	chat	troam
ទ្រាំ	ungegn	trŏâm
វាស់វែង	chat	voasvaeng
វាស់វែង	ungegn	voăsvêng
សមាសធាតុ	chat	sameastheato
សមាសធាតុ	ungegn	sâméasthéatŏ
អាកាសយានដ្ឋាន	chat	akasyeandthan
អាកាសយានដ្ឋាន	ungegn	akasyéandthan
ខេម	chat	khem
ខេម	ungegn	khém
ជ្រុង	chat	chrung
ជ្រុង	ungegn	chrŭng
ពពួក	chat	popuok
ពពួក	ungegn	pôpuŏk
សុខចិត្ត	chat	sokhchett
សុខចិត្ត	ungegn	sŏkhchĕtt
អនុគ្រោះ	chat	anukruoh
អនុគ្រោះ	ungegn	'ânŭkrŏăh
កាលបរិច្ឆេទ	chat	kalobrichchhet
កាលបរិច្ឆេទ	ungegn	kalôbrĭchchhét
នាគ	chat	neak
នាគ	ungegn	néak
ប្រញាប់	chat	pranhoab
ប្រញាប់	ungegn	prânhoăb
ម្ហូបអាហារ	chat	mhoubahar
ម្ហូបអាហារ	ungegn	mhob'ahar
សាំង	chat	sang
សាំង	ungegn	săng
អាសន្ន	chat	asann
អាសន្ន	ungegn	asânn
គប្បី	chat	kobbei
គប្បី	ungegn	kôbbei
ពាក្យថា	chat	peakyotha
ពាក្យថា	ungegn	péakyôtha
ពូ	chat	pu
ពូ	ungegn	pu
រំ	chat	rum
រំ	ungegn	rum
លឹម	chat	luem
លឹម	ungegn	lœ̆m
សាមគ្គី	chat	samokki
សាមគ្គី	ungegn	samôkki
សំរេច	chat	samrech
សំរេច	ungegn	sâmréch
ទប់	chat	tob
ទប់	ungegn	tób
ទីស្តីការ	chat	tisdeikar
ទីស្តីការ	ungegn	tisdeikar
ធានារ៉ាប់រង	chat	theanearabrong
ធានារ៉ាប់រង	ungegn	théanéarăbrông
ផេក	chat	phek
ផេក	ungegn	phék
សំលេង	chat	samleng
សំលេង	ungegn	sâmléng
កាត់ដេរ	chat	katder
កាត់ដេរ	ungegn	kătdér
ខ្សែក្រវាត់	chat	khsaekrovoat
ខ្សែក្រវាត់	ungegn	khsêkrôvoăt
ទាក់ទិន	chat	teaktin
ទាក់ទិន	ungegn	teăktĭn
យោងទៅតាម	chat	youngtovtam
យោងទៅតាម	ungegn	yoŭngtŏutam
ស្នូល	chat	snoul
ស្នូល	ungegn	snol
អាកាសចរណ៍	chat	akasachro
អាកាសចរណ៍	ungegn	akasâchrôn
ឆាយ	chat	chhay
ឆាយ	ungegn	chhay
នឹកស្មាន	chat	nueksman
នឹកស្មាន	ungegn	nœ̆ksman
នូ	chat	nu
នូ	ungegn	nu
បកប្រែ	chat	bakprae
បកប្រែ	ungegn	bâkprê
រលោង	chat	roloung
រលោង	ungegn	rôloŭng
វ៉ៃ	chat	vai
វ៉ៃ	ungegn	vai
ស៊ីជម្រៅ	chat	sichmrov
ស៊ីជម្រៅ	ungegn	sichmrŏu
ហែលទឹក	chat	haeltuek
ហែលទឹក	ungegn	hêltœ̆k
អាហ្វហ្គានីស្ថាន	chat	ahvohkeanisthan
អាហ្វហ្គានីស្ថាន	ungegn	ahvôhkéanisthan
គម្ពីរ	chat	kompir
គម្ពីរ	ungegn	kômpir
ដំរី	chat	damri
ដំរី	ungegn	dâmri
រយះ	chat	royeah
រយះ	ungegn	rôyeăh
អត្ថាធិប្បាយ	chat	atthathibbay
អត្ថាធិប្បាយ	ungegn	'âtthathĭbbay
ខកចិត្ត	chat	khakchett
ខកចិត្ត	ungegn	khâkchĕtt
ថែម	chat	thaem
ថែម	ungegn	thêm
យួន	chat	yuon
យួន	ungegn	yuŏn
រើសអើង	chat	reusaeung
រើសអើង	ungegn	reus'aeung
សម្ព័ន្ធមិត្ត	chat	sampoanthomitt
សម្ព័ន្ធមិត្ត	ungegn	sâmpoănthômĭtt
ស្រមៃ	chat	sramey
ស្រមៃ	ungegn	srâmey
គីឡូ	chat	kilou
គីឡូ	ungegn	kilo
ទាន	chat	tean
ទាន	ungegn	téan
បេ	chat	be
បេ	ungegn	bé
យ៉ាងម៉េច	chat	yangmech
យ៉ាងម៉េច	ungegn	yangméch
សំអាត	chat	samat
សំអាត	ungegn	sâm'at
ហេ	chat	he
ហេ	ungegn	hé
អាយុជីវិត	chat	ayuchivit
អាយុជីវិត	ungegn	ayŭchivĭt
ទាន់សម័យ	chat	toansamey
ទាន់សម័យ	ungegn	toănsâmoăy
ស៊ុន	chat	sun
ស៊ុន	ungegn	sŭn
កប់	chat	kab
កប់	ungegn	káb
ដំ	chat	dam
ដំ	ungegn	dâm
បទសម្ភាសន៍	chat	batsampheasa
បទសម្ភាសន៍	ungegn	bâtsâmphéasân
បុត្រ	chat	botr
បុត្រ	ungegn	bŏtr
មតិយោបល់	chat	moteyoubal
មតិយោបល់	ungegn	môtĕyoŭbál
វិធាន	chat	vithean
វិធាន	ungegn	vĭthéan
សកលលោក	chat	saklolouk
សកលលោក	ungegn	sâklôloŭk
អធិបតី	chat	athibtei
អធិបតី	ungegn	'âthĭbtei
ក្តីសង្ឃឹម	chat	kdeisngkhuem
ក្តីសង្ឃឹម	ungegn	kdeisngkhœ̆m
ជលផល	chat	cholphal
ជលផល	ungegn	chôlphâl
ពិគ្រោះយោបល់	chat	pikruohyoubal
ពិគ្រោះយោបល់	ungegn	pĭkrŏăhyoŭbál
របង	chat	robang
របង	ungegn	rôbâng
ល្បាត	chat	lbat
ល្បាត	ungegn	lbat
អូរ	chat	our
អូរ	ungegn	or
កងយោធពល	chat	kangyouthpol
កងយោធពល	ungegn	kângyoŭthpôl
សុខសន្តិភាព	chat	sokhsantepheap
សុខសន្តិភាព	ungegn	sŏkhsântĕphéap
ហង្ស	chat	hangs
ហង្ស	ungegn	hângs
អើយ	chat	aeuy
អើយ	ungegn	aeuy
មាតុភូមិ	chat	meatophumi
មាតុភូមិ	ungegn	méatŏphumĭ
យោគយល់	chat	youkyol
យោគយល់	ungegn	yoŭkyól
រាយ	chat	reay
រាយ	ungegn	réay
សមយុទ្ធ	chat	samyutth
សមយុទ្ធ	ungegn	sâmyŭtth
ធនធានទឹក	chat	thontheantuek
ធនធានទឹក	ungegn	thônthéantœ̆k
ភេរវកម្ម	chat	pherovkamm
ភេរវកម្ម	ungegn	phérôvkâmm
រំលោភបំពាន	chat	rumlouphbampean
រំលោភបំពាន	ungegn	rumloŭphbâmpéan
ក្លាហាន	chat	klahan
ក្លាហាន	ungegn	klahan
គួច	chat	kuoch
គួច	ungegn	kuŏch
ដ្បិត	chat	dbet
ដ្បិត	ungegn	dbĕt
ពពក	chat	popok
ពពក	ungegn	pôpôk
មេឃ	chat	mekh
មេឃ	ungegn	mékh
ឃួង	chat	khuong
ឃួង	ungegn	khuŏng
ចោមចៅ	chat	chaomchau
ចោមចៅ	ungegn	chaômchau
តំលៃ	chat	tamley
តំលៃ	ungegn	tâmley
រង្វង់	chat	rongvong
រង្វង់	ungegn	rôngvóng
អិល	chat	el
អិល	ungegn	ĕl
តទៅទៀត	chat	tatovtiet
តទៅទៀត	ungegn	tâtŏutiĕt
ព្រលាន	chat	prolean
ព្រលាន	ungegn	prôléan
សូម្បី	chat	soumbei
សូម្បី	ungegn	sombei
ស្ថានីយ៍	chat	sthani
ស្ថានីយ៍	ungegn	sthaniy
ឆ្លៀត	chat	chhliet
ឆ្លៀត	ungegn	chhliĕt
ទស្សនាវដ្តី	chat	tossaneavddei
ទស្សនាវដ្តី	ungegn	tôssânéavddei
ប្លុក	chat	plok
ប្លុក	ungegn	plŏk
ពូទីន	chat	putin
ពូទីន	ungegn	putin
ពូល	chat	pul
ពូល	ungegn	pul
រន្ធត់	chat	ronthot
រន្ធត់	ungegn	rônthót
អត់ធ្មត់	chat	atthmot
អត់ធ្មត់	ungegn	'átthmót
ឧក្រិដ្ឋកម្ម	chat	okredthakamm
ឧក្រិដ្ឋកម្ម	ungegn	ŏkrĕdthâkâmm
កំលាំង	chat	kamleang
កំលាំង	ungegn	kâmleăng
កំឡុងពេល	chat	kamlongpel
កំឡុងពេល	ungegn	kâmlŏngpél
ច្រមុះ	chat	chramuh
ច្រមុះ	ungegn	chrâmŭh
បញ្ចាំង	chat	banhchang
បញ្ចាំង	ungegn	bânhchăng
សិប្បកម្ម	chat	sebbakamm
សិប្បកម្ម	ungegn	sĕbbâkâmm
កិត្តិព្រឹទ្ធបណ្ឌិត	chat	ketdepruetthobndit
កិត្តិព្រឹទ្ធបណ្ឌិត	ungegn	kĕtdĕprœ̆tthôbndĭt
កេស	chat	kes
កេស	ungegn	kés
ជាតិសាសន៍	chat	cheatesasa
ជាតិសាសន៍	ungegn	chéatĕsasân
ម៉េច	chat	mech
ម៉េច	ungegn	méch
រឹតតែ	chat	ruettae
រឹតតែ	ungegn	rœ̆ttê
សួនច្បារ	chat	suonchbar
សួនច្បារ	ungegn	suŏnchbar
ស៊ាំ	chat	soam
ស៊ាំ	ungegn	sŏâm
ហូ	chat	hou
ហូ	ungegn	ho
ឧបាសិកា	chat	obaseka
ឧបាសិកា	ungegn	ŏbasĕka
ចាត់ចែង	chat	chatchaeng
ចាត់ចែង	ungegn	chătchêng
ផ្ទៀងផ្ទាត់	chat	phtiengphtoat
ផ្ទៀងផ្ទាត់	ungegn	phtiĕngphtoăt
ពាក្យសម្តី	chat	peakyosmdei
ពាក្យសម្តី	ungegn	péakyôsmdei
រោច	chat	rouch
រោច	ungegn	roŭch
សួត	chat	suot
សួត	ungegn	suŏt
អំ	chat	am
អំ	ungegn	'âm
កំលោះ	chat	kamluoh
កំលោះ	ungegn	kâmlŏăh
ក្បត់	chat	kbat
ក្បត់	ungegn	kbát
បេក្ខភាព	chat	bekkhapheap
បេក្ខភាព	ungegn	békkhâphéap
ព្យុះ	chat	pyuh
ព្យុះ	ungegn	pyŭh
អ្នកឧកញ៉ា	chat	nakoknha
អ្នកឧកញ៉ា	ungegn	'nâkŏknha
កែប	chat	kaeb
កែប	ungegn	kêb
បន្លាស់	chat	banloas
បន្លាស់	ungegn	bânloăs
បិសាច	chat	besach
បិសាច	ungegn	bĕsach
ប៉ុណ្ណា	chat	ponna
ប៉ុណ្ណា	ungegn	pŏnna
ភ្ញាក់	chat	phnheak
ភ្ញាក់	ungegn	phnheăk
ម៉ូ	chat	mou
ម៉ូ	ungegn	mo
កោះហៅ	chat	kaohhau
កោះហៅ	ungegn	kaôhhau
ទេព	chat	tep
ទេព	ungegn	tép
បន្តិចបន្តួច	chat	bantechbantuoch
បន្តិចបន្តួច	ungegn	bântĕchbântuŏch
វិនាទី	chat	vineati
វិនាទី	ungegn	vĭnéati
សុន្ទរកថា	chat	sontorkatha
សុន្ទរកថា	ungegn	sŏntôrkâtha
អបអរ	chat	abar
អបអរ	ungegn	'âb'âr
ដូនពេញ	chat	dounpenh
ដូនពេញ	ungegn	donpénh
ទៅមើល	chat	tovmeul
ទៅមើល	ungegn	tŏumeul
ប៉ុនប៉ង	chat	ponpang
ប៉ុនប៉ង	ungegn	pŏnpâng
គម	chat	kom
គម	ungegn	kôm
ឆ្នាំង	chat	chhnang
ឆ្នាំង	ungegn	chhnăng
តោ	chat	tao
តោ	ungegn	taô
ទទឹង	chat	totueng
ទទឹង	ungegn	tôtœ̆ng
បូជា	chat	bouchea
បូជា	ungegn	bochéa
ផ្តាសាយ	chat	phdasay
ផ្តាសាយ	ungegn	phdasay
សៅ	chat	sau
សៅ	ungegn	sau
អាសនៈ	chat	asneak
អាសនៈ	ungegn	asneă
ចរិត	chat	charit
ចរិត	ungegn	chârĭt
ច្រឡំ	chat	chralam
ច្រឡំ	ungegn	chrâlâm
ទៀន	chat	tien
ទៀន	ungegn	tiĕn
ឡាយ	chat	lay
ឡាយ	ungegn	lay
ជឿនលឿន	chat	choeanloean
ជឿនលឿន	ungegn	chœănlœăn
ដើរតួ	chat	daeurtuo
ដើរតួ	ungegn	daeurtuŏ
ប្រូតេអ៊ីន	chat	proutein
ប្រូតេអ៊ីន	ungegn	proté'in
ផ្សាយផ្ទាល់	chat	phsayphtoal
ផ្សាយផ្ទាល់	ungegn	phsayphtoăl
ពិពណ៌នា	chat	pipornnea
ពិពណ៌នា	ungegn	pĭpôrnnéa
ភ្លៀងធ្លាក់	chat	phliengthleak
ភ្លៀងធ្លាក់	ungegn	phliĕngthleăk
ម្តុំ	chat	mdom
ម្តុំ	ungegn	mdom
ល្មម	chat	lmom
ល្មម	ungegn	lmôm
កង្វល់	chat	kangvol
កង្វល់	ungegn	kângvól
ចីរភាព	chat	cheirpheap
ចីរភាព	ungegn	cheirphéap
ច្រកទ្វារ	chat	chraktvear
ច្រកទ្វារ	ungegn	chrâktvéar
ទ្រទ្រង់	chat	trotrong
ទ្រទ្រង់	ungegn	trôtróng
ផ្សា	chat	phsa
ផ្សា	ungegn	phsa
ព្យួរ	chat	pyuor
ព្យួរ	ungegn	pyuŏr
វិទ្យា	chat	vityea
វិទ្យា	ungegn	vĭtyéa
ឡេ	chat	le
ឡេ	ungegn	lé
គត់	chat	kot
គត់	ungegn	kót
ត្រកូល	chat	trakoul
ត្រកូល	ungegn	trâkol
បទដ្ឋាន	chat	batdthan
បទដ្ឋាន	ungegn	bâtdthan
យោង	chat	young
យោង	ungegn	yoŭng
កាលៈទេសៈ	chat	kaleaktesak
កាលៈទេសៈ	ungegn	kaleătésă
ជំពាក់	chat	chumpeak
ជំពាក់	ungegn	chumpeăk
ផលវិបាក	chat	phalvibak
ផលវិបាក	ungegn	phâlvĭbak
លក្ខណៈសម្បត្តិ	chat	lokkhanaksambatde
លក្ខណៈសម្បត្តិ	ungegn	lôkkhânăsâmbâtdĕ
ស្មៅ	chat	smau
ស្មៅ	ungegn	smau
ថ្លៃថ្នូរ	chat	thlaithnour
ថ្លៃថ្នូរ	ungegn	thlaithnor
របាំង	chat	robang
របាំង	ungegn	rôbăng
ជំនួយការ	chat	chumnuoykar
ជំនួយការ	ungegn	chumnuŏykar
ម៉ាស	chat	mas
ម៉ាស	ungegn	mas
យេស៊ូវ	chat	yesuv
យេស៊ូវ	ungegn	yésuv
រស្មី	chat	rosmi
រស្មី	ungegn	rôsmi
សំណល់	chat	samnal
សំណល់	ungegn	sâmnál
ក្រែម	chat	kraem
ក្រែម	ungegn	krêm
ទាល់តែសោះ	chat	toaltaesaoh
ទាល់តែសោះ	ungegn	toăltêsaôh
ប្រសាទ	chat	prasat
ប្រសាទ	ungegn	prâsat
ពិគ្រោះ	chat	pikruoh
ពិគ្រោះ	ungegn	pĭkrŏăh
ម៉ែន	chat	maen
ម៉ែន	ungegn	mên
យ៉ាងណាក្តី	chat	yangnakdei
យ៉ាងណាក្តី	ungegn	yangnakdei
រិទ្ធ	chat	ritth
រិទ្ធ	ungegn	rĭtth
លង់	chat	long
លង់	ungegn	lóng
សម្បទាន	chat	sambatean
សម្បទាន	ungegn	sâmbâtéan
ស្លៀក	chat	sliek
ស្លៀក	ungegn	sliĕk
ហ្វូង	chat	hvoung
ហ្វូង	ungegn	hvong
គ្រឿងផ្សំ	chat	kroeangphsam
គ្រឿងផ្សំ	ungegn	krœăngphsâm
ច្រើនតែ	chat	chraeuntae
ច្រើនតែ	ungegn	chraeuntê
ជ័រ	chat	choar
ជ័រ	ungegn	choăr
តុល្យភាព	chat	tolyopheap
តុល្យភាព	ungegn	tŏlyôphéap
ថ្នាំញៀន	chat	thnamnhien
ថ្នាំញៀន	ungegn	thnămnhiĕn
បូព៌ា	chat	boupear
បូព៌ា	ungegn	bopéar
ខាត	chat	khat
ខាត	ungegn	khat
ទួលគោក	chat	tuolkouk
ទួលគោក	ungegn	tuŏlkoŭk
រឹតបន្តឹង	chat	ruetbantoeng
រឹតបន្តឹង	ungegn	rœ̆tbântœ̆ng
វេ	chat	ve
វេ	ungegn	vé
វ៉ាន់	chat	van
វ៉ាន់	ungegn	văn
សមាធិ	chat	sameathi
សមាធិ	ungegn	sâméathĭ
ស្រមោល	chat	sramoul
ស្រមោល	ungegn	srâmoŭl
អាហារូបករណ៍	chat	aharubakro
អាហារូបករណ៍	ungegn	aharubâkrôn
ឆ្មា	chat	chhma
ឆ្មា	ungegn	chhma
ជាមន្ត្រី	chat	cheamntrei
ជាមន្ត្រី	ungegn	chéamntrei
ផ្អែមល្ហែម	chat	phaemlhaem
ផ្អែមល្ហែម	ungegn	ph'êmlhêm
រដ្ឋប្រហារ	chat	rodthabrohar
រដ្ឋប្រហារ	ungegn	rôdthâbrôhar
រុក្ខាប្រមាញ់	chat	rukkhabromoanh
រុក្ខាប្រមាញ់	ungegn	rŭkkhabrômoănh
អវកាស	chat	avkas
អវកាស	ungegn	'âvkas
អេដស៍	chat	eda
អេដស៍	ungegn	édâs
កខ្វក់	chat	kakhvok
កខ្វក់	ungegn	kâkhvók
ប៉ាគីស្ថាន	chat	pakisthan
ប៉ាគីស្ថាន	ungegn	pakisthan
ផ្តើម	chat	phdaeum
ផ្តើម	ungegn	phdaeum
សាល	chat	sal
សាល	ungegn	sal
ស្ងាត់	chat	sngat
ស្ងាត់	ungegn	sngăt
ស្ទីល	chat	stil
ស្ទីល	ungegn	stil
ការនាំចូល	chat	karnoamchoul
ការនាំចូល	ungegn	karnŏâmchol
ខ្វល់	chat	khval
ខ្វល់	ungegn	khvál
ឆ្លាត	chat	chhlat
ឆ្លាត	ungegn	chhlat
សង្គ្រោះបន្ទាន់	chat	sangkruohbantoan
សង្គ្រោះបន្ទាន់	ungegn	sângkrŏăhbântoăn
សន្លាក់	chat	sanleak
សន្លាក់	ungegn	sânleăk
សរីរាង្គ	chat	sarireangk
សរីរាង្គ	ungegn	sâriréangk
ភិក្ខុ	chat	phikkho
ភិក្ខុ	ungegn	phĭkkhŏ
លាមក	chat	leamok
លាមក	ungegn	léamôk
សុភាព	chat	sopheap
សុភាព	ungegn	sŏphéap
អាមេរិកាំង	chat	amerikang
អាមេរិកាំង	ungegn	amérĭkăng
អ៊ីនធឺ	chat	inthueu
អ៊ីនធឺ	ungegn	inthœ
ឥស្លាម	chat	eslam
ឥស្លាម	ungegn	ĕslam
ក្រោក	chat	kraok
ក្រោក	ungegn	kraôk
ឆ្ងល់	chat	chhngal
ឆ្ងល់	ungegn	chhngál
ជំ	chat	chum
ជំ	ungegn	chum
ដង្កោ	chat	dangkao
ដង្កោ	ungegn	dângkaô
តាខ្មៅ	chat	takhmau
តាខ្មៅ	ungegn	takhmau
ពូជសាសន៍	chat	puchsasa
ពូជសាសន៍	ungegn	puchsasân
សង្វាក់	chat	sangveak
សង្វាក់	ungegn	sângveăk
ហុងដា	chat	hongda
ហុងដា	ungegn	hŏngda
ចំណាក	chat	chamnak
ចំណាក	ungegn	châmnak
ទូរគមនាគមន៍	chat	turkomneakmo
ទូរគមនាគមន៍	ungegn	turkômnéakmôn
ទំនេរ	chat	tumner
ទំនេរ	ungegn	tumnér
បង្អែក	chat	bangaek
បង្អែក	ungegn	bâng'êk
ប្រណិត	chat	pranet
ប្រណិត	ungegn	prânĕt
ផា	chat	pha
ផា	ungegn	pha
សំបក	chat	sambak
សំបក	ungegn	sâmbâk
ឥណ្ឌូណេស៊ី	chat	endunesi
ឥណ្ឌូណេស៊ី	ungegn	ĕndunési
គន្លង	chat	konlong
គន្លង	ungegn	kônlông
ជំទាស់	chat	chumtoas
ជំទាស់	ungegn	chumtoăs
បត់បែន	chat	batbaen
បត់បែន	ungegn	bátbên
បំផុស	chat	bamphos
បំផុស	ungegn	bâmphŏs
ព្យាករណ៍	chat	pyeakro
ព្យាករណ៍	ungegn	pyéakrôn
សម្បុរ	chat	sambor
សម្បុរ	ungegn	sâmbŏr
សុំទោស	chat	somtous
សុំទោស	ungegn	somtoŭs
ជួន	chat	chuon
ជួន	ungegn	chuŏn
ធុរកិច្ច	chat	thurkechch
ធុរកិច្ច	ungegn	thŭrkĕchch
បង្អួច	chat	banguoch
បង្អួច	ungegn	bâng'uŏch
បំរើ	chat	bamreu
បំរើ	ungegn	bâmreu
ប្រា	chat	pra
ប្រា	ungegn	pra
មុខតំណែង	chat	mukhtamnaeng
មុខតំណែង	ungegn	mŭkhtâmnêng
រំឭក	chat	rumluek
រំឭក	ungegn	rumlœ̆k
សមាជិកសភា	chat	sameachikasphea
សមាជិកសភា	ungegn	sâméachĭkâsphéa
សមាសភាព	chat	sameaspheap
សមាសភាព	ungegn	sâméasphéap
សុំការ	chat	somkar
សុំការ	ungegn	somkar
សេចក្តីសុខ	chat	sechkdeisokh
សេចក្តីសុខ	ungegn	séchkdeisŏkh
សំដែង	chat	samdaeng
សំដែង	ungegn	sâmdêng
អាយុកាល	chat	ayukal
អាយុកាល	ungegn	ayŭkal
អ៊ីរ៉ាក់	chat	irak
អ៊ីរ៉ាក់	ungegn	irăk
កំប៉ុង	chat	kampong
កំប៉ុង	ungegn	kâmpŏng
ដឹងច្បាស់	chat	doengchbas
ដឹងច្បាស់	ungegn	dœ̆ngchbăs
បឋមសិក្សា	chat	bathmoseksa
បឋមសិក្សា	ungegn	bâthmôsĕksa
លេប	chat	leb
លេប	ungegn	léb
ស្រក	chat	srak
ស្រក	ungegn	srâk
អាវុធហត្ថ	chat	avuthhatth
អាវុធហត្ថ	ungegn	avŭthhâtth
ខ្លាំងពេក	chat	khlangpek
ខ្លាំងពេក	ungegn	khlăngpék
ច្រានចោល	chat	chranchaol
ច្រានចោល	ungegn	chranchaôl
ឈប់សម្រាក	chat	chhobsamreak
ឈប់សម្រាក	ungegn	chhóbsâmréak
បែកធ្លាយ	chat	baekthleay
បែកធ្លាយ	ungegn	bêkthléay
ផ្តួល	chat	phduol
ផ្តួល	ungegn	phduŏl
ពន្លឿន	chat	ponloean
ពន្លឿន	ungegn	pônlœăn
រទេះ	chat	roteh
រទេះ	ungegn	rôtéh
លែងលះ	chat	laengleah
លែងលះ	ungegn	lêngleăh
សេនា	chat	senea
សេនា	ungegn	sénéa
ស្តើង	chat	sdaeung
ស្តើង	ungegn	sdaeung
អត្តពលិក	chat	atdaplik
អត្តពលិក	ungegn	'âtdâplĭk
កម្មការិនី	chat	kammokarini
កម្មការិនី	ungegn	kâmmôkarĭni
កាលណា	chat	kalna
កាលណា	ungegn	kalna
ចូ	chat	chou
ចូ	ungegn	cho
ជេរ	chat	cher
ជេរ	ungegn	chér
ឈ្លានពាន	chat	chhleanpean
ឈ្លានពាន	ungegn	chhléanpéan
បង់ពន្ធ	chat	bangponth
បង់ពន្ធ	ungegn	bángpônth
អនុស្សាវរីយ៍	chat	anussavri
អនុស្សាវរីយ៍	ungegn	'ânŭssavriy
គណៈរដ្ឋមន្ត្រី	chat	konakrodthamntrei
គណៈរដ្ឋមន្ត្រី	ungegn	kônărôdthâmntrei
គ្រង	chat	krong
គ្រង	ungegn	krông
ជួនកាល	chat	chuonkal
ជួនកាល	ungegn	chuŏnkal
ដំឡូង	chat	damloung
ដំឡូង	ungegn	dâmlong
សុន	chat	son
សុន	ungegn	sŏn
ចំណាំ	chat	chamnam
ចំណាំ	ungegn	châmnăm
ជល់	chat	chol
ជល់	ungegn	chól
បែរ	chat	baer
បែរ	ungegn	bêr
ផ្តាច់មុខ	chat	phdachmukh
ផ្តាច់មុខ	ungegn	phdăchmŭkh
សាមគ្គីភាព	chat	samokkipheap
សាមគ្គីភាព	ungegn	samôkkiphéap
ស្មា	chat	sma
ស្មា	ungegn	sma
ខ្លា	chat	khla
ខ្លា	ungegn	khla
ចម្លាក់	chat	chamleak
ចម្លាក់	ungegn	châmleăk
ច្បារអំពៅ	chat	chbarampov
ច្បារអំពៅ	ungegn	chbar'âmpŏu
ញុះញង់	chat	nhuhnhong
ញុះញង់	ungegn	nhŭhnhóng
ដុស	chat	dos
ដុស	ungegn	dŏs
ដើមកំណើត	chat	daeumkamnaeut
ដើមកំណើត	ungegn	daeumkâmnaeut
ធាត់	chat	thoat
ធាត់	ungegn	thoăt
នាឡិកា	chat	nealeka
នាឡិកា	ungegn	néalĕka
បដិវត្តន៍	chat	badevotda
បដិវត្តន៍	ungegn	bâdĕvôtdân
បំពុល	chat	bampul
បំពុល	ungegn	bâmpŭl
សម្រក	chat	samrok
សម្រក	ungegn	sâmrôk
ជើងទឹក	chat	cheungtuek
ជើងទឹក	ungegn	cheungtœ̆k
ផ្លាក	chat	phlak
ផ្លាក	ungegn	phlak
ផ្សារភ្ជាប់	chat	phsarphchoab
ផ្សារភ្ជាប់	ungegn	phsarphchoăb
មើលថែ	chat	meulthae
មើលថែ	ungegn	meulthê
សហគ្រិន	chat	sahkrin
សហគ្រិន	ungegn	sâhkrĭn
អ័រម៉ូន	chat	armoun
អ័រម៉ូន	ungegn	'ărmon
ឃាតកម្ម	chat	kheatkamm
ឃាតកម្ម	ungegn	khéatkâmm
ចំណាត់ការ	chat	chamnatkar
ចំណាត់ការ	ungegn	châmnătkar
បំណែក	chat	bamnaek
បំណែក	ungegn	bâmnêk
មួក	chat	muok
មួក	ungegn	muŏk
រលាយ	chat	roleay
រលាយ	ungegn	rôléay
លាងសម្អាត	chat	leangsamat
លាងសម្អាត	ungegn	léangsâm'at
វិវត្ត	chat	vivott
វិវត្ត	ungegn	vĭvôtt
ដោះដូរ	chat	daohdour
ដោះដូរ	ungegn	daôhdor
អាកប្បកិរិយា	chat	akabbakeriyea
អាកប្បកិរិយា	ungegn	akâbbâkĕrĭyéa
គល់	chat	kol
គល់	ungegn	kól
ប្រឹង	chat	proeng
ប្រឹង	ungegn	prœ̆ng
រ័ត្ន	chat	roatn
រ័ត្ន	ungegn	roătn
ហិរញ្ញប្បទាន	chat	heronhnhobbatean
ហិរញ្ញប្បទាន	ungegn	hĕrônhnhôbbâtéan
ហុង	chat	hong
ហុង	ungegn	hŏng
ឡី	chat	lei
ឡី	ungegn	lei
អាស៊ីត	chat	asit
អាស៊ីត	ungegn	asit
ដេញថ្លៃ	chat	denhthlai
ដេញថ្លៃ	ungegn	dénhthlai
បរិបទ	chat	baribat
បរិបទ	ungegn	bârĭbât
បើទោះបី	chat	baeutuohbei
បើទោះបី	ungegn	baeutŏăhbei
ពន្ធដារ	chat	ponthodar
ពន្ធដារ	ungegn	pônthôdar
រូ	chat	ru
រូ	ungegn	ru
កន្សែង	chat	kansaeng
កន្សែង	ungegn	kânsêng
ខោអាវ	chat	khaoav
ខោអាវ	ungegn	khaô'av
គ្រាន់	chat	kroan
គ្រាន់	ungegn	kroăn
បំប្លែង	chat	bamplaeng
បំប្លែង	ungegn	bâmplêng
ម៉ាត់	chat	mat
ម៉ាត់	ungegn	măt
វាយលុក	chat	veayluk
វាយលុក	ungegn	véaylŭk
សង្កត់	chat	sangkat
សង្កត់	ungegn	sângkát
សិរី	chat	seri
សិរី	ungegn	sĕri
ឆាបឆេះ	chat	chhabchheh
ឆាបឆេះ	ungegn	chhabchhéh
ជប់លៀង	chat	choblieng
ជប់លៀង	ungegn	chóbliĕng
ប្រើថ្នាំ	chat	praeuthnam
ប្រើថ្នាំ	ungegn	praeuthnăm
លើកស្ទួយ	chat	leukstuoy
លើកស្ទួយ	ungegn	leukstuŏy
សម្បូរបែប	chat	sambourbaeb
សម្បូរបែប	ungegn	sâmborbêb
ស្តាយ	chat	sday
ស្តាយ	ungegn	sday
ហ្វេន	chat	hven
ហ្វេន	ungegn	hvén
កែម	chat	kaem
កែម	ungegn	kêm
ត្រីមាស	chat	treimeas
ត្រីមាស	ungegn	treiméas
ទីបញ្ចប់	chat	tibnhchab
ទីបញ្ចប់	ungegn	tibnhcháb
សេះ	chat	seh
សេះ	ungegn	séh
ស្រង់	chat	srang
ស្រង់	ungegn	sráng
អ៊ូ	chat	u
អ៊ូ	ungegn	u
កម្រាល	chat	kamreal
កម្រាល	ungegn	kâmréal
ឈ្លោះ	chat	chhluoh
ឈ្លោះ	ungegn	chhlŏăh
ត្នោត	chat	tnaot
ត្នោត	ungegn	tnaôt
ថ្កោលទោស	chat	thkaoltous
ថ្កោលទោស	ungegn	thkaôltoŭs
លិង្គ	chat	lingk
លិង្គ	ungegn	lĭngk
សំលៀក	chat	samliek
សំលៀក	ungegn	sâmliĕk
ឧត្តរមានជ័យ	chat	otdarmeanchey
ឧត្តរមានជ័យ	ungegn	ŏtdârméanchoăy
កត់ត្រា	chat	kattra
កត់ត្រា	ungegn	káttra
កាដូ	chat	kadou
កាដូ	ungegn	kado
ការ៉េ	chat	kare
ការ៉េ	ungegn	karé
ជ័យជំនះ	chat	cheychumneah
ជ័យជំនះ	ungegn	choăychumneăh
ថយ	chat	thay
ថយ	ungegn	thây
ថ្ងៃត្រង់	chat	thngaitrong
ថ្ងៃត្រង់	ungegn	thngaitróng
ទទូច	chat	totuch
ទទូច	ungegn	tôtuch
និស្ស័យ	chat	nissai
និស្ស័យ	ungegn	nĭssăy
ផុស	chat	phos
ផុស	ungegn	phŏs
រេ	chat	re
រេ	ungegn	ré
សាហាវ	chat	sahav
សាហាវ	ungegn	sahav
ចំការមន	chat	chamkarmon
ចំការមន	ungegn	châmkarmôn
ទេស	chat	tes
ទេស	ungegn	tés
ប្រល័យ	chat	praley
ប្រល័យ	ungegn	prâloăy
ប្រាជ្ញា	chat	prachnhea
ប្រាជ្ញា	ungegn	prachnhéa
ប្រាស្រ័យ	chat	prasrai
ប្រាស្រ័យ	ungegn	prasrăy
ពា	chat	pea
ពា	ungegn	péa
សម្ផស្ស	chat	samphass
សម្ផស្ស	ungegn	sâmphâss
កកស្ទះ	chat	kaksteah
កកស្ទះ	ungegn	kâksteăh
ដង្ហែ	chat	danghae
ដង្ហែ	ungegn	dânghê
ដើរលេង	chat	daeurleng
ដើរលេង	ungegn	daeurléng
បាប	chat	bab
បាប	ungegn	bab
ពង្រាយ	chat	pongreay
ពង្រាយ	ungegn	pôngréay
លំនៅឋាន	chat	lumnovthan
លំនៅឋាន	ungegn	lumnŏuthan
ឫ	chat	rue
ឫ	ungegn	rœ̆
កម្ទេច	chat	kamtech
កម្ទេច	ungegn	kâmtéch
ទ្រី	chat	tri
ទ្រី	ungegn	tri
នោម	chat	noum
នោម	ungegn	noŭm
ប្រចាំខែ	chat	prachamkhae
ប្រចាំខែ	ungegn	prâchămkhê
ប្រទាន	chat	pratean
ប្រទាន	ungegn	prâtéan
ផ្តាច់ការ	chat	phdachkar
ផ្តាច់ការ	ungegn	phdăchkar
មង្គលការ	chat	mongkolkar
មង្គលការ	ungegn	môngkôlkar
មេឃុំ	chat	mekhum
មេឃុំ	ungegn	mékhŭm
លំនាំ	chat	lumnoam
លំនាំ	ungegn	lumnŏâm
សេនីយ៍ឯក	chat	seniaek
សេនីយ៍ឯក	ungegn	séniyêk
អគ្គស្នងការ	chat	akkosnongkar
អគ្គស្នងការ	ungegn	'âkkôsnôngkar
ក្រាស់	chat	kras
ក្រាស់	ungegn	krăs
អយ្យការ	chat	ayyokar
អយ្យការ	ungegn	'âyyôkar
ឥរិយាបថ	chat	eriyeabath
ឥរិយាបថ	ungegn	ĕrĭyéabâth
ឧតុនិយម	chat	otoniyom
ឧតុនិយម	ungegn	ŏtŏnĭyôm
ក្រមុំ	chat	kramum
ក្រមុំ	ungegn	krâmŭm
ជាប់ចោទ	chat	choabchaot
ជាប់ចោទ	ungegn	choăbchaôt
ណូ	chat	nou
ណូ	ungegn	no
ទំងន់	chat	tumngon
ទំងន់	ungegn	tumngón
ទ្រឹស្តី	chat	truesdei
ទ្រឹស្តី	ungegn	trœ̆sdei
បន្លំ	chat	banlum
បន្លំ	ungegn	bânlum
ប្រសិនជា	chat	prasenchea
ប្រសិនជា	ungegn	prâsĕnchéa
យុគសម័យ	chat	yukosmey
យុគសម័យ	ungegn	yŭkôsmoăy
រ៉ានី	chat	rani
រ៉ានី	ungegn	rani
ល្អណាស់	chat	lanas
ល្អណាស់	ungegn	l'ânăs
សូត្រ	chat	soutr
សូត្រ	ungegn	sotr
គាំពារ	chat	koampear
គាំពារ	ungegn	kŏâmpéar
ដប់	chat	dab
ដប់	ungegn	dáb
ទន្លេសាប	chat	tonlesab
ទន្លេសាប	ungegn	tônlésab
ទូច	chat	tuch
ទូច	ungegn	tuch
ធា	chat	thea
ធា	ungegn	théa
ផឹកស៊ី	chat	phoeksi
ផឹកស៊ី	ungegn	phœ̆ksi
ផែនទី	chat	phaenti
ផែនទី	ungegn	phênti
ព្រំ	chat	prum
ព្រំ	ungegn	prum
មកម្ល៉េះ	chat	mokmleh
មកម្ល៉េះ	ungegn	môkmléh
រកា	chat	roka
រកា	ungegn	rôka
រឹបអូស	chat	ruebous
រឹបអូស	ungegn	rœ̆b'os
វិនិច្ឆ័យ	chat	vinichchhai
វិនិច្ឆ័យ	ungegn	vĭnĭchchhăy
ឡ	chat	la
ឡ	ungegn	lâ
តម្កល់	chat	tamkal
តម្កល់	ungegn	tâmkál
ទីណា	chat	tina
ទីណា	ungegn	tina
ព្រះពុទ្ធ	chat	preahputth
ព្រះពុទ្ធ	ungegn	preăhpŭtth
រំលែក	chat	rumlaek
រំលែក	ungegn	rumlêk
រះ	chat	reah
រះ	ungegn	reăh
សាស្ត្រ	chat	sastr
សាស្ត្រ	ungegn	sastr
ស្រាបៀរ	chat	srabier
ស្រាបៀរ	ungegn	srabiĕr
អកុសល	chat	akosal
អកុសល	ungegn	'âkŏsâl
អាណាព្យាបាល	chat	anapyeabal
អាណាព្យាបាល	ungegn	anapyéabal
ទីប្រជុំជន	chat	tibrochumchon
ទីប្រជុំជន	ungegn	tibrôchŭmchôn
បំប៉ន	chat	bampan
បំប៉ន	ungegn	bâmpân
ផ្ទៃមុខ	chat	phteymukh
ផ្ទៃមុខ	ungegn	phteymŭkh
អ៊ុក	chat	uk
អ៊ុក	ungegn	ŭk
ក្រពេញ	chat	krapenh
ក្រពេញ	ungegn	krâpénh
និទាន	chat	nitean
និទាន	ungegn	nĭtéan
បវរកញ្ញា	chat	bavrokanhnhea
បវរកញ្ញា	ungegn	bâvrôkânhnhéa
បៃ	chat	bai
បៃ	ungegn	bai
សាក់	chat	sak
សាក់	ungegn	săk
ស័ក្តិ	chat	sakde
ស័ក្តិ	ungegn	săkdĕ
អតិបរមា	chat	atebarmea
អតិបរមា	ungegn	'âtĕbârméa
ជើងចាស់	chat	cheungchas
ជើងចាស់	ungegn	cheungchăs
បាតុករ	chat	batokar
បាតុករ	ungegn	batŏkâr
មីង	chat	ming
មីង	ungegn	ming
ស្ថិតិ	chat	sthete
ស្ថិតិ	ungegn	sthĕtĕ
ស្បូន	chat	sboun
ស្បូន	ungegn	sbon
កុរ	chat	kor
កុរ	ungegn	kŏr
ឃាត	chat	kheat
ឃាត	ungegn	khéat
ទិដ្ឋាការ	chat	tidthakar
ទិដ្ឋាការ	ungegn	tĭdthakar
ប្រកាន់ខ្ជាប់	chat	prakankhchoab
ប្រកាន់ខ្ជាប់	ungegn	prâkănkhchoăb
សីលធម៌	chat	seilthorm
សីលធម៌	ungegn	seilthôrm
ខាំ	chat	kham
ខាំ	ungegn	khăm
ខេ	chat	khe
ខេ	ungegn	khé
ខេមបូឌា	chat	khemboudea
ខេមបូឌា	ungegn	khémbodéa
តី	chat	tei
តី	ungegn	tei
ទូត	chat	tut
ទូត	ungegn	tut
បោកប្រាស់	chat	baokpras
បោកប្រាស់	ungegn	baôkprăs
ផ្អែម	chat	phaem
ផ្អែម	ungegn	ph'êm
ព្រៃឡង់	chat	preylang
ព្រៃឡង់	ungegn	preyláng
រាម	chat	ream
រាម	ungegn	réam
អង្គរវត្ត	chat	angkorvott
អង្គរវត្ត	ungegn	'ângkôrvôtt
អត្តឃាត	chat	atdakheat
អត្តឃាត	ungegn	'âtdâkhéat
កុន	chat	kon
កុន	ungegn	kŏn
ក្បាច់	chat	kbach
ក្បាច់	ungegn	kbăch
ដូង	chat	doung
ដូង	ungegn	dong
ដំបូន្មាន	chat	dambounmean
ដំបូន្មាន	ungegn	dâmbonméan
ពស់	chat	pos
ពស់	ungegn	pós
មាតា	chat	meata
មាតា	ungegn	méata
មុខសញ្ញា	chat	mukhsanhnhea
មុខសញ្ញា	ungegn	mŭkhsânhnhéa
ស៊ិន	chat	sin
ស៊ិន	ungegn	sĭn
កែទម្រង់	chat	kaetmrong
កែទម្រង់	ungegn	kêtmróng
បណ្ណាល័យ	chat	bannaley
បណ្ណាល័យ	ungegn	bânnaloăy
ផ្អើល	chat	phaeul
ផ្អើល	ungegn	ph'aeul
វីឡា	chat	vila
វីឡា	ungegn	vila
ដើមទុន	chat	daeumtun
ដើមទុន	ungegn	daeumtŭn
ពុំទាន់	chat	pumtoan
ពុំទាន់	ungegn	pŭmtoăn
វិសោធនកម្ម	chat	visaothonkamm
វិសោធនកម្ម	ungegn	vĭsaôthônkâmm
សីហនុ	chat	seihnu
សីហនុ	ungegn	seihnŭ
អេហ្ស៊ីប	chat	ehsib
អេហ្ស៊ីប	ungegn	éhsib
ឳ	chat	au
ឳ	ungegn	au
កម្រៃ	chat	kamrey
កម្រៃ	ungegn	kâmrey
ភ្ជុំបិណ្ឌ	chat	phchumbend
ភ្ជុំបិណ្ឌ	ungegn	phchŭmbĕnd
រមាស់	chat	romoas
រមាស់	ungegn	rômoăs
រុះរើ	chat	ruhreu
រុះរើ	ungegn	rŭhreu
ល្វែង	chat	lvaeng
ល្វែង	ungegn	lvêng
វិជ្ជា	chat	vichchea
វិជ្ជា	ungegn	vĭchchéa
សិចស៊ី	chat	sechsi
សិចស៊ី	ungegn	sĕchsi
ហ្សា	chat	hsa
ហ្សា	ungegn	hsa
កប៉ាល់	chat	kapal
កប៉ាល់	ungegn	kâpăl
គេហដ្ឋាន	chat	kehdthan
គេហដ្ឋាន	ungegn	kéhdthan
ភូមិភាគ	chat	phumipheak
ភូមិភាគ	ungegn	phumĭphéak
ហូឡង់	chat	houlang
ហូឡង់	ungegn	holáng
គណនា	chat	konnea
គណនា	ungegn	kônnéa
ជណ្តើរ	chat	chondaeur
ជណ្តើរ	ungegn	chôndaeur
ដូរ	chat	dour
ដូរ	ungegn	dor
បែបបទ	chat	baebbat
បែបបទ	ungegn	bêbbât
ម៉ាស្សា	chat	massa
ម៉ាស្សា	ungegn	massa
យាយ	chat	yeay
យាយ	ungegn	yéay
សប្បុរសធម៌	chat	sabborosthorm
សប្បុរសធម៌	ungegn	sâbbŏrôsthôrm
សេតវិមាន	chat	setvimean
សេតវិមាន	ungegn	sétvĭméan
សេសសល់	chat	sessal
សេសសល់	ungegn	séssál
អាចារ្យ	chat	achary
អាចារ្យ	ungegn	achary
ខុន	chat	khon
ខុន	ungegn	khŏn
ខុនដូ	chat	khondou
ខុនដូ	ungegn	khŏndo
ខ្មោច	chat	khmaoch
ខ្មោច	ungegn	khmaôch
ជាក់	chat	cheak
ជាក់	ungegn	cheăk
តាលីបង់	chat	talibang
តាលីបង់	ungegn	talibáng
បណ្ណ	chat	bann
បណ្ណ	ungegn	bânn
បណ្តុះ	chat	bandoh
បណ្តុះ	ungegn	bândŏh
បាក់តេរី	chat	bakteri
បាក់តេរី	ungegn	băktéri
បាល់ទះ	chat	balteah
បាល់ទះ	ungegn	bălteăh
ប្រាំពីរ	chat	prampir
ប្រាំពីរ	ungegn	prămpir
ពង	chat	pong
ពង	ungegn	pông
រួបរួម	chat	ruobruom
រួបរួម	ungegn	ruŏbruŏm
សម្រុក	chat	samruk
សម្រុក	ungegn	sâmrŭk
សហការី	chat	sahkari
សហការី	ungegn	sâhkari
សុពលភាព	chat	sopolpheap
សុពលភាព	ungegn	sŏpôlphéap
សេនីយ៍	chat	seni
សេនីយ៍	ungegn	séniy
ហិ	chat	he
ហិ	ungegn	hĕ
ហោ	chat	hao
ហោ	ungegn	haô
ប្រកែក	chat	prakaek
ប្រកែក	ungegn	prâkêk
សាន់	chat	san
សាន់	ungegn	săn
សើច	chat	saeuch
សើច	ungegn	saeuch
ឧស្សាហ៍	chat	ossa
ឧស្សាហ៍	ungegn	ŏssah
ចៀស	chat	chies
ចៀស	ungegn	chiĕs
ជ័យលាភី	chat	cheyleaphi
ជ័យលាភី	ungegn	choăyléaphi
ថែ	chat	thae
ថែ	ungegn	thê
រុំ	chat	rum
រុំ	ungegn	rŭm
វារីអគ្គិសនី	chat	veariakkisni
វារីអគ្គិសនី	ungegn	véari'âkkĭsni
អាវយឺត	chat	avyueut
អាវយឺត	ungegn	avyœt
គំរោង	chat	kumroung
គំរោង	ungegn	kumroŭng
ចង្ក្រាន	chat	changkran
ចង្ក្រាន	ungegn	chângkran
មិនបាច់	chat	minbach
មិនបាច់	ungegn	mĭnbăch
រួចផុត	chat	ruochphot
រួចផុត	ungegn	ruŏchphŏt
ក្រឡេកមើល	chat	kralekmeul
ក្រឡេកមើល	ungegn	krâlékmeul
តម្រង់	chat	tamrong
តម្រង់	ungegn	tâmróng
តម្លើង	chat	tamleung
តម្លើង	ungegn	tâmleung
មមាញឹក	chat	momeanhuek
មមាញឹក	ungegn	môméanhœ̆k
ម្រាមដៃ	chat	mreamdai
ម្រាមដៃ	ungegn	mréamdai
រើ	chat	reu
រើ	ungegn	reu
ស្ទឹងមានជ័យ	chat	stuengmeanchey
ស្ទឹងមានជ័យ	ungegn	stœ̆ngméanchoăy
អគ្គីភ័យ	chat	akkiphey
អគ្គីភ័យ	ungegn	'âkkiphoăy
អ៊ីស្លាម	chat	islam
អ៊ីស្លាម	ungegn	islam
ទាស់	chat	toas
ទាស់	ungegn	toăs
ទូល	chat	tul
ទូល	ungegn	tul
ធូលី	chat	thuli
ធូលី	ungegn	thuli
ប៉ាស៊ីហ្វិក	chat	pasihvek
ប៉ាស៊ីហ្វិក	ungegn	pasihvĕk
ពិសិដ្ឋ	chat	pisedth
ពិសិដ្ឋ	ungegn	pĭsĕdth
ភ្លោះ	chat	phluoh
ភ្លោះ	ungegn	phlŏăh
សង្គមកិច្ច	chat	sangkomkechch
សង្គមកិច្ច	ungegn	sângkômkĕchch
ហ្វឹកហ្វឺន	chat	hvoekhveun
ហ្វឹកហ្វឺន	ungegn	hvœ̆khvœn
ច្នៃ	chat	chnai
ច្នៃ	ungegn	chnai
ដកចេញ	chat	dakchenh
ដកចេញ	ungegn	dâkchénh
យាន	chat	yean
យាន	ungegn	yéan
អាសយដ្ឋាន	chat	asyodthan
អាសយដ្ឋាន	ungegn	asyôdthan
ក្រៀមក្រំ	chat	kriemkram
ក្រៀមក្រំ	ungegn	kriĕmkrâm
គ្រីប	chat	krib
គ្រីប	ungegn	krib
ដិន	chat	den
ដិន	ungegn	dĕn
បញ្ចុះ	chat	banhchoh
បញ្ចុះ	ungegn	bânhchŏh
ផ្តោតសំខាន់	chat	phdaotsamkhan
ផ្តោតសំខាន់	ungegn	phdaôtsâmkhăn
ហ្វ	chat	hva
ហ្វ	ungegn	hvâ
ក្រូច	chat	krouch
ក្រូច	ungegn	kroch
គ្លីនិក	chat	klinik
គ្លីនិក	ungegn	klinĭk
ប្រតិបត្តិករ	chat	pratebatdekar
ប្រតិបត្តិករ	ungegn	prâtĕbâtdĕkâr
ផ្ទះបាយ	chat	phteahbay
ផ្ទះបាយ	ungegn	phteăhbay
ភ័ក្តិ	chat	phoakde
ភ័ក្តិ	ungegn	phoăkdĕ
ផ្លែផ្កា	chat	phlaephka
ផ្លែផ្កា	ungegn	phlêphka
ព្រលឹង	chat	prolueng
ព្រលឹង	ungegn	prôlœ̆ng
សង្ហា	chat	sangha
សង្ហា	ungegn	sângha
សំណាក	chat	samnak
សំណាក	ungegn	sâmnak
ឌុប	chat	dub
ឌុប	ungegn	dŭb
ម៉ុង	chat	mong
ម៉ុង	ungegn	mŏng
លីវ	chat	liv
លីវ	ungegn	liv
សិទ្ធិសេរីភាព	chat	setthiseripheap
សិទ្ធិសេរីភាព	ungegn	sĕtthĭsériphéap
សុខុន	chat	sokhon
សុខុន	ungegn	sŏkhŏn
អាំង	chat	ang
អាំង	ungegn	ăng
ខា	chat	kha
ខា	ungegn	kha
ដោយដៃ	chat	daoydai
ដោយដៃ	ungegn	daôydai
តាមពិតទៅ	chat	tampittov
តាមពិតទៅ	ungegn	tampĭttŏu
បូកសរុប	chat	boukasrub
បូកសរុប	ungegn	bokâsrŭb
បួស	chat	buos
បួស	ungegn	buŏs
ភេ	chat	phe
ភេ	ungegn	phé
វង្ស	chat	vongs
វង្ស	ungegn	vôngs
ស្ត្រេស	chat	stres
ស្ត្រេស	ungegn	strés
កុហក	chat	kohak
កុហក	ungegn	kŏhâk
ក្រុមប្រឹក្សាភិបាល	chat	kromproeksaphibal
ក្រុមប្រឹក្សាភិបាល	ungegn	krŏmprœ̆ksaphĭbal
ក្រែង	chat	kraeng
ក្រែង	ungegn	krêng
ឆា	chat	chha
ឆា	ungegn	chha
ជាប់គាំង	chat	choabkeang
ជាប់គាំង	ungegn	choăbkeăng
ឃ្លាន	chat	khlean
ឃ្លាន	ungegn	khléan
ឆ្កួត	chat	chhkuot
ឆ្កួត	ungegn	chhkuŏt
អភ័យទោស	chat	apheytous
អភ័យទោស	ungegn	'âphoăytoŭs
សួស្តី	chat	suosdei
សួស្តី	ungegn	suŏsdei
សុខសប្បាយ	chat	sokhsabbay
សុខសប្បាយ	ungegn	sŏkhsâbbay
ចាស	chat	chas
ចាស	ungegn	chas
ប៉ាម៉ាក់	chat	pamak
ប៉ាម៉ាក់	ungegn	pamăk
អូខេ	chat	oukhe
អូខេ	ungegn	okhé
អត់អី	chat	atei
អត់អី	ungegn	'át'ei
អរុណ	chat	arun
អរុណ	ungegn	'ârŭn
ហ្ឫទ័យ	chat	hruetey
ហ្ឫទ័យ	ungegn	hrœ̆toăy
ចក្រពត្តិ	chat	chakropotde
ចក្រពត្តិ	ungegn	châkrôpôtdĕ
អម្ឫត	chat	amruet
អម្ឫត	ungegn	'âmrœ̆t
ព្រហ្មញ្ញ	chat	prohmonhnh
ព្រហ្មញ្ញ	ungegn	prôhmônhnh
ធ្យូប	chat	thyub
ធ្យូប	ungegn	thyub
តៅ	chat	tau
តៅ	ungegn	tau
ពោធិ៍	chat	pou
ពោធិ៍	ungegn	poŭthĭ
ច័ក	chat	chak
ច័ក	ungegn	chăk
ពិះ	chat	pih
ពិះ	ungegn	pĭh
កន្ត្រាប់	chat	kantrab
កន្ត្រាប់	ungegn	kântrăb
ក្អែក	chat	kaek
ក្អែក	ungegn	k'êk
ចង្អៀត	chat	changiet
ចង្អៀត	ungegn	châng'iĕt
ខ្ពង	chat	khpong
ខ្ពង	ungegn	khpông
ប្លែង	chat	plaeng
ប្លែង	ungegn	plêng
ហ៊ាង	chat	heang
ហ៊ាង	ungegn	héang
ញ៉ង	chat	nhang
ញ៉ង	ungegn	nhâng
ប៉ង	chat	pang
ប៉ង	ungegn	pâng
វ័ង្គ	chat	veangk
វ័ង្គ	ungegn	veăngk
ភ័ព្វ	chat	phoapv
ភ័ព្វ	ungegn	phoăpv
សុហ្ឫទ	chat	sohruet
សុហ្ឫទ	ungegn	sŏhrœ̆t
៍	chat	
៍	ungegn	â
	chat	
	ungegn	
បន្ទាយ	chat	banteay
បន្ទាយ	ungegn	bântéay
កណ្ដាល	chat	kandal
កណ្ដាល	ungegn	kândal
ឧត្តរ	chat	otdar
ឧត្តរ	ungegn	ŏtdâr
អក្សរខ្មែរ	chat	aksarkhmaer
អក្សរខ្មែរ	ungegn	'âksârkhmêr
កក	chat	kak
កក	ungegn	kâk
ក្ដី	chat	kdei
ក្ដី	ungegn	kdei
រអិល	chat	roel
រអិល	ungegn	rô'ĕl
រពាក់	chat	ropeak
រពាក់	ungegn	rôpeăk
ក្ឫ	chat	krue
ក្ឫ	ungegn	krœ̆
ហ្ឬ	chat	hrueu
ហ្ឬ	ungegn	hrœ
សួគ៌	chat	suork
សួគ៌	ungegn	suŏrk
កម៌	chat	karm
កម៌	ungegn	kârm
ធម៌ម	chat	thomorm
ធម៌ម	ungegn	thômôrm
អារ៌ក	chat	arork
អារ៌ក	ungegn	arôrk
ក់ក	chat	kak
ក់ក	ungegn	kâk
ក់	chat	ka
ក់	ungegn	kâ
ចាក់ក	chat	chakka
ចាក់ក	ungegn	chăkkâ
ប៉ាតៅ	chat	patau
ប៉ាតៅ	ungegn	patau
ប៊ិច	chat	bich
ប៊ិច	ungegn	bĭch
អ៊ុំ	chat	um
អ៊ុំ	ungegn	ŭm
ព្រហ្ម៍	chat	pro
ព្រហ្ម៍	ungegn	prôhm
សម៑	chat	sam
សម៑	ungegn	sâm
នែ៎	chat	nae
នែ៎	ungegn	nê
សារៈ	chat	sareak
សារៈ	ungegn	sareă
លេខ១	chat	lekh
លេខ១	ungegn	lékh
យូធ្យូប	chat	yuthyub
យូធ្យូប	ungegn	yuthyub
ា	chat	a
ា	ungegn	a
្ក	chat	a
្ក	ungegn	â
ិក	chat	ek
ិក	ungegn	ĕk
ក‌ក	chat	kak
ក‌ក	ungegn	kâk
ក‍ក	chat	kak
ក‍ក	ungegn	kâk
កយ	chat	kay
កយ	ungegn	kây
កន	chat	kan
កន	ungegn	kân
កាក	chat	kak
កាក	ungegn	kak
កាង	chat	kang
កាង	ungegn	kang
កាន	chat	kan
កាន	ungegn	kan
កិ	chat	ke
កិ	ungegn	kĕ
កិក	chat	kek
កិក	ungegn	kĕk
កិង	chat	keng
កិង	ungegn	kĕng
កិយ	chat	key
កិយ	ungegn	kĕy
កិក់	chat	kek
កិក់	ungegn	kĕk
កី	chat	kei
កី	ungegn	kei
កីក	chat	keik
កីក	ungegn	keik
កីង	chat	keing
កីង	ungegn	keing
កីយ	chat	keiy
កីយ	ungegn	keiy
កីន	chat	kein
កីន	ungegn	kein
កីក់	chat	keik
កីក់	ungegn	keik
កឹ	chat	koe
កឹ	ungegn	kœ̆
កឹក	chat	koek
កឹក	ungegn	kœ̆k
កឹង	chat	koeng
កឹង	ungegn	kœ̆ng
កឹយ	chat	koey
កឹយ	ungegn	kœ̆y
កឹន	chat	koen
កឹន	ungegn	kœ̆n
កឹក់	chat	koek
កឹក់	ungegn	kœ̆k
កឺ	chat	keu
កឺ	ungegn	kœ
កឺក	chat	keuk
កឺក	ungegn	kœk
កឺង	chat	keung
កឺង	ungegn	kœng
កឺយ	chat	keuy
កឺយ	ungegn	kœy
កឺន	chat	keun
កឺន	ungegn	kœn
កឺក់	chat	keuk
កឺក់	ungegn	kœk
កុ	chat	ko
កុ	ungegn	kŏ
កុក	chat	kok
កុក	ungegn	kŏk
កុង	chat	kong
កុង	ungegn	kŏng
កុយ	chat	koy
កុយ	ungegn	kŏy
កុក់	chat	kok
កុក់	ungegn	kŏk
កូក	chat	kouk
កូក	ungegn	kok
កូង	chat	koung
កូង	ungegn	kong
កូយ	chat	kouy
កូយ	ungegn	koy
កូក់	chat	kouk
កូក់	ungegn	kok
កួ	chat	kuo
កួ	ungegn	kuŏ
កួក	chat	kuok
កួក	ungegn	kuŏk
កួង	chat	kuong
កួង	ungegn	kuŏng
កួយ	chat	kuoy
កួយ	ungegn	kuŏy
កួន	chat	kuon
កួន	ungegn	kuŏn
កួក់	chat	kuok
កួក់	ungegn	kuŏk
កើ	chat	kaeu
កើ	ungegn	kaeu
កើក	chat	kaeuk
កើក	ungegn	kaeuk
កើង	chat	kaeung
កើង	ungegn	kaeung
កើយ	chat	kaeuy
កើយ	ungegn	kaeuy
កើក់	chat	kaeuk
កើក់	ungegn	kaeuk
កឿ	chat	koea
កឿ	ungegn	kœă
កឿក	chat	koeak
កឿក	ungegn	kœăk
កឿង	chat	koeang
កឿង	ungegn	kœăng
កឿយ	chat	koeay
កឿយ	ungegn	kœăy
កឿន	chat	koean
កឿន	ungegn	kœăn
កឿក់	chat	koeak
កឿក់	ungegn	kœăk
កៀ	chat	kie
កៀ	ungegn	kiĕ
កៀក	chat	kiek
កៀក	ungegn	kiĕk
កៀង	chat	kieng
កៀង	ungegn	kiĕng
កៀយ	chat	kiey
កៀយ	ungegn	kiĕy
កៀន	chat	kien
កៀន	ungegn	kiĕn
កៀក់	chat	kiek
កៀក់	ungegn	kiĕk
កេ	chat	ke
កេ	ungegn	ké
កេក	chat	kek
កេក	ungegn	kék
កេង	chat	keng
កេង	ungegn	kéng
កេយ	chat	key
កេយ	ungegn	kéy
កេន	chat	ken
កេន	ungegn	kén
កេក់	chat	kek
កេក់	ungegn	kék
កែក	chat	kaek
កែក	ungegn	kêk
កែយ	chat	kaey
កែយ	ungegn	kêy
កែន	chat	kaen
កែន	ungegn	kên
កែក់	chat	kaek
កែក់	ungegn	kêk
កៃ	chat	kai
កៃ	ungegn	kai
កៃក	chat	kaik
កៃក	ungegn	kaik
កៃង	chat	kaing
កៃង	ungegn	kaing
កៃយ	chat	kaiy
កៃយ	ungegn	kaiy
កៃន	chat	kain
កៃន	ungegn	kain
កៃក់	chat	kaik
កៃក់	ungegn	kaik
កោ	chat	kao
កោ	ungegn	kaô
កោក	chat	kaok
កោក	ungegn	kaôk
កោង	chat	kaong
កោង	ungegn	kaông
កោយ	chat	kaoy
កោយ	ungegn	kaôy
កោន	chat	kaon
កោន	ungegn	kaôn
កោក់	chat	kaok
កោក់	ungegn	kaôk
កៅ	chat	kau
កៅ	ungegn	kau
កៅក	chat	kauk
កៅក	ungegn	kauk
កៅង	chat	kaung
កៅង	ungegn	kaung
កៅយ	chat	kauy
កៅយ	ungegn	kauy
កៅន	chat	kaun
កៅន	ungegn	kaun
កៅក់	chat	kauk
កៅក់	ungegn	kauk
កំក	chat	kamka
កំក	ungegn	kâmkâ
កំង	chat	kamngo
កំង	ungegn	kâmngô
កំយ	chat	kamyo
កំយ	ungegn	kâmyô
កំន	chat	kamno
កំន	ungegn	kâmnô
កំក់	chat	kamka
កំក់	ungegn	kâmkâ
កុំក	chat	komka
កុំក	ungegn	komkâ
កុំង	chat	komngo
កុំង	ungegn	komngô
កុំយ	chat	komyo
កុំយ	ungegn	komyô
កុំន	chat	komno
កុំន	ungegn	komnô
កុំក់	chat	komka
កុំក់	ungegn	komkâ
កាំ	chat	kam
កាំ	ungegn	kăm
កាំក	chat	kamka
កាំក	ungegn	kămkâ
កាំង	chat	kang
កាំង	ungegn	kăng
កាំយ	chat	kamyo
កាំយ	ungegn	kămyô
កាំន	chat	kamno
កាំន	ungegn	kămnô
កាំក់	chat	kamka
កាំក់	ungegn	kămkâ
កះ	chat	kah
កះ	ungegn	kăh
កះក	chat	kahka
កះក	ungegn	kăhkâ
កះង	chat	kahngo
កះង	ungegn	kăhngô
កះយ	chat	kahyo
កះយ	ungegn	kăhyô
កះន	chat	kahno
កះន	ungegn	kăhnô
កះក់	chat	kahka
កះក់	ungegn	kăhkâ
កុះ	chat	koh
កុះ	ungegn	kŏh
កុះក	chat	kohka
កុះក	ungegn	kŏhkâ
កុះង	chat	kohngo
កុះង	ungegn	kŏhngô
កុះយ	chat	kohyo
កុះយ	ungegn	kŏhyô
កុះន	chat	kohno
កុះន	ungegn	kŏhnô
កុះក់	chat	kohka
កុះក់	ungegn	kŏhkâ
កេះ	chat	keh
កេះ	ungegn	kéh
កេះក	chat	kehka
កេះក	ungegn	kéhkâ
កេះង	chat	kehngo
កេះង	ungegn	kéhngô
កេះយ	chat	kehyo
កេះយ	ungegn	kéhyô
កេះន	chat	kehno
កេះន	ungegn	kéhnô
កេះក់	chat	kehka
កេះក់	ungegn	kéhkâ
កោះក	chat	kaohka
កោះក	ungegn	kaôhkâ
កោះង	chat	kaohngo
កោះង	ungegn	kaôhngô
កោះយ	chat	kaohyo
កោះយ	ungegn	kaôhyô
កោះន	chat	kaohno
កោះន	ungegn	kaôhnô
កោះក់	chat	kaohka
កោះក់	ungegn	kaôhkâ
កិះ	chat	keh
កិះ	ungegn	kĕh
កិះក	chat	kehka
កិះក	ungegn	kĕhkâ
កិះង	chat	kehngo
កិះង	ungegn	kĕhngô
កិះយ	chat	kehyo
កិះយ	ungegn	kĕhyô
កិះន	chat	kehno
កិះន	ungegn	kĕhnô
កិះក់	chat	kehka
កិះក់	ungegn	kĕhkâ
កើះ	chat	kaeuh
កើះ	ungegn	kaeuh
កើះក	chat	kaeuhka
កើះក	ungegn	kaeuhkâ
កើះង	chat	kaeuhngo
កើះង	ungegn	kaeuhngô
កើះយ	chat	kaeuhyo
កើះយ	ungegn	kaeuhyô
កើះន	chat	kaeuhno
កើះន	ungegn	kaeuhnô
កើះក់	chat	kaeuhka
កើះក់	ungegn	kaeuhkâ
កៈ	chat	kak
កៈ	ungegn	kă
កៈក	chat	kakka
កៈក	ungegn	kăkâ
កៈង	chat	kakngo
កៈង	ungegn	kăngô
កៈយ	chat	kakyo
កៈយ	ungegn	kăyô
កៈន	chat	kakno
កៈន	ungegn	kănô
កៈក់	chat	kakka
កៈក់	ungegn	kăkâ
ក័	chat	ka
ក័	ungegn	kă
ក័ក	chat	kak
ក័ក	ungegn	kăk
ក័ង	chat	kang
ក័ង	ungegn	kăng
ក័យ	chat	kai
ក័យ	ungegn	kăy
ក័ន	chat	kan
ក័ន	ungegn	kăn
ក័ក់	chat	kak
ក័ក់	ungegn	kăk
គក	chat	kok
គក	ungegn	kôk
គង	chat	kong
គង	ungegn	kông
គន	chat	kon
គន	ungegn	kôn
គក់	chat	kok
គក់	ungegn	kók
គា	chat	kea
គា	ungegn	kéa
គាក	chat	keak
គាក	ungegn	kéak
គាង	chat	keang
គាង	ungegn	kéang
គាយ	chat	keay
គាយ	ungegn	kéay
គាន	chat	kean
គាន	ungegn	kéan
គាក់	chat	keak
គាក់	ungegn	keăk
គិ	chat	ki
គិ	ungegn	kĭ
គិក	chat	kik
គិក	ungegn	kĭk
គិង	chat	king
គិង	ungegn	kĭng
គិយ	chat	kiy
គិយ	ungegn	kĭy
គិន	chat	kin
គិន	ungegn	kĭn
គិក់	chat	kik
គិក់	ungegn	kĭk
គីក	chat	kik
គីក	ungegn	kik
គីង	chat	king
គីង	ungegn	king
គីយ	chat	kiy
គីយ	ungegn	kiy
គីន	chat	kin
គីន	ungegn	kin
គីក់	chat	kik
គីក់	ungegn	kik
គឹ	chat	kue
គឹ	ungegn	kœ̆
គឹក	chat	kuek
គឹក	ungegn	kœ̆k
គឹង	chat	kueng
គឹង	ungegn	kœ̆ng
គឹយ	chat	kuey
គឹយ	ungegn	kœ̆y
គឹន	chat	kuen
គឹន	ungegn	kœ̆n
គឹក់	chat	kuek
គឹក់	ungegn	kœ̆k
គឺក	chat	kueuk
គឺក	ungegn	kœk
គឺង	chat	kueung
គឺង	ungegn	kœng
គឺយ	chat	kueuy
គឺយ	ungegn	kœy
គឺន	chat	kueun
គឺន	ungegn	kœn
គឺក់	chat	kueuk
គឺក់	ungegn	kœk
គុ	chat	ku
គុ	ungegn	kŭ
គុង	chat	kung
គុង	ungegn	kŭng
គុយ	chat	kuy
គុយ	ungegn	kŭy
គុក់	chat	kuk
គុក់	ungegn	kŭk
គូក	chat	kuk
គូក	ungegn	kuk
គូង	chat	kung
គូង	ungegn	kung
គូយ	chat	kuy
គូយ	ungegn	kuy
គូន	chat	kun
គូន	ungegn	kun
គូក់	chat	kuk
គូក់	ungegn	kuk
គួ	chat	kuo
គួ	ungegn	kuŏ
គួក	chat	kuok
គួក	ungegn	kuŏk
គួង	chat	kuong
គួង	ungegn	kuŏng
គួយ	chat	kuoy
គួយ	ungegn	kuŏy
គួន	chat	kuon
គួន	ungegn	kuŏn
គួក់	chat	kuok
គួក់	ungegn	kuŏk
គើ	chat	keu
គើ	ungegn	keu
គើក	chat	keuk
គើក	ungegn	keuk
គើង	chat	keung
គើង	ungegn	keung
គើយ	chat	keuy
គើយ	ungegn	keuy
គើន	chat	keun
គើន	ungegn	keun
គើក់	chat	keuk
គើក់	ungegn	keuk
គឿ	chat	koea
គឿ	ungegn	kœă
គឿក	chat	koeak
គឿក	ungegn	kœăk
គឿង	chat	koeang
គឿង	ungegn	kœăng
គឿយ	chat	koeay
គឿយ	ungegn	kœăy
គឿន	chat	koean
គឿន	ungegn	kœăn
គឿក់	chat	koeak
គឿក់	ungegn	kœăk
គៀ	chat	kie
គៀ	ungegn	kiĕ
គៀក	chat	kiek
គៀក	ungegn	kiĕk
គៀង	chat	kieng
គៀង	ungegn	kiĕng
គៀយ	chat	kiey
គៀយ	ungegn	kiĕy
គៀន	chat	kien
គៀន	ungegn	kiĕn
គៀក់	chat	kiek
គៀក់	ungegn	kiĕk
គេក	chat	kek
គេក	ungegn	kék
គេយ	chat	key
គេយ	ungegn	kéy
គេន	chat	ken
គេន	ungegn	kén
គេក់	chat	kek
គេក់	ungegn	kék
គែ	chat	kae
គែ	ungegn	kê
គែក	chat	kaek
គែក	ungegn	kêk
គែង	chat	kaeng
គែង	ungegn	kêng
គែយ	chat	kaey
គែយ	ungegn	kêy
គែន	chat	kaen
គែន	ungegn	kên
គែក់	chat	kaek
គែក់	ungegn	kêk
គៃ	chat	key
គៃ	ungegn	key
គៃក	chat	keyk
គៃក	ungegn	keyk
គៃង	chat	keyng
គៃង	ungegn	keyng
គៃយ	chat	keyy
គៃយ	ungegn	keyy
គៃន	chat	keyn
គៃន	ungegn	keyn
គៃក់	chat	keyk
គៃក់	ungegn	keyk
គោង	chat	koung
គោង	ungegn	koŭng
គោយ	chat	kouy
គោយ	ungegn	koŭy
គោន	chat	koun
គោន	ungegn	koŭn
គោក់	chat	kouk
គោក់	ungegn	koŭk
គៅ	chat	kov
គៅ	ungegn	kŏu
គៅក	chat	kovk
គៅក	ungegn	kŏuk
គៅង	chat	kovng
គៅង	ungegn	kŏung
គៅយ	chat	kovy
គៅយ	ungegn	kŏuy
គៅន	chat	kovn
គៅន	ungegn	kŏun
គៅក់	chat	kovk
គៅក់	ungegn	kŏuk
គំ	chat	kum
គំ	ungegn	kum
គំក	chat	kumka
គំក	ungegn	kumkâ
គំង	chat	kumngo
គំង	ungegn	kumngô
គំយ	chat	kumyo
គំយ	ungegn	kumyô
គំន	chat	kumno
គំន	ungegn	kumnô
គំក់	chat	kumka
គំក់	ungegn	kumkâ
គុំ	chat	kum
គុំ	ungegn	kŭm
គុំក	chat	kumka
គុំក	ungegn	kŭmkâ
គុំង	chat	kumngo
គុំង	ungegn	kŭmngô
គុំយ	chat	kumyo
គុំយ	ungegn	kŭmyô
គុំន	chat	kumno
គុំន	ungegn	kŭmnô
គុំក់	chat	kumka
គុំក់	ungegn	kŭmkâ
គាំ	chat	koam
គាំ	ungegn	kŏâm
គាំក	chat	koamka
គាំក	ungegn	kŏâmkâ
គាំង	chat	keang
គាំង	ungegn	keăng
គាំយ	chat	koamyo
គាំយ	ungegn	kŏâmyô
គាំន	chat	koamno
គាំន	ungegn	kŏâmnô
គាំក់	chat	koamka
គាំក់	ungegn	kŏâmkâ
គះ	chat	keah
គះ	ungegn	keăh
គះក	chat	keahka
គះក	ungegn	keăhkâ
គះង	chat	keahngo
គះង	ungegn	keăhngô
គះយ	chat	keahyo
គះយ	ungegn	keăhyô
គះន	chat	keahno
គះន	ungegn	keăhnô
គះក់	chat	keahka
គះក់	ungegn	keăhkâ
គុះ	chat	kuh
គុះ	ungegn	kŭh
គុះក	chat	kuhka
គុះក	ungegn	kŭhkâ
គុះង	chat	kuhngo
គុះង	ungegn	kŭhngô
គុះយ	chat	kuhyo
គុះយ	ungegn	kŭhyô
គុះន	chat	kuhno
គុះន	ungegn	kŭhnô
គុះក់	chat	kuhka
គុះក់	ungegn	kŭhkâ
គេះ	chat	keh
គេះ	ungegn	kéh
គេះក	chat	kehka
គេះក	ungegn	kéhkâ
គេះង	chat	kehngo
គេះង	ungegn	kéhngô
គេះយ	chat	kehyo
គេះយ	ungegn	kéhyô
គេះន	chat	kehno
គេះន	ungegn	kéhnô
គេះក់	chat	kehka
គេះក់	ungegn	kéhkâ
គោះ	chat	kuoh
គោះ	ungegn	kŏăh
គោះក	chat	kuohka
គោះក	ungegn	kŏăhkâ
គោះង	chat	kuohngo
គោះង	ungegn	kŏăhngô
គោះយ	chat	kuohyo
គោះយ	ungegn	kŏăhyô
គោះន	chat	kuohno
គោះន	ungegn	kŏăhnô
គោះក់	chat	kuohka
គោះក់	ungegn	kŏăhkâ
គិះ	chat	kih
គិះ	ungegn	kĭh
គិះក	chat	kihka
គិះក	ungegn	kĭhkâ
គិះង	chat	kihngo
គិះង	ungegn	kĭhngô
គិះយ	chat	kihyo
គិះយ	ungegn	kĭhyô
គិះន	chat	kihno
គិះន	ungegn	kĭhnô
គិះក់	chat	kihka
គិះក់	ungegn	kĭhkâ
គើះ	chat	keuh
គើះ	ungegn	keuh
គើះក	chat	keuhka
គើះក	ungegn	keuhkâ
គើះង	chat	keuhngo
គើះង	ungegn	keuhngô
គើះយ	chat	keuhyo
គើះយ	ungegn	keuhyô
គើះន	chat	keuhno
គើះន	ungegn	keuhnô
គើះក់	chat	keuhka
គើះក់	ungegn	keuhkâ
គៈ	chat	keak
គៈ	ungegn	keă
គៈក	chat	keakka
គៈក	ungegn	keăkâ
គៈង	chat	keakngo
គៈង	ungegn	keăngô
គៈយ	chat	keakyo
គៈយ	ungegn	keăyô
គៈន	chat	keakno
គៈន	ungegn	keănô
គៈក់	chat	keakka
គៈក់	ungegn	keăkâ
គ័	chat	koa
គ័	ungegn	koă
គ័ក	chat	keak
គ័ក	ungegn	keăk
គ័ង	chat	keang
គ័ង	ungegn	keăng
គ័យ	chat	key
គ័យ	ungegn	koăy
គ័ន	chat	koan
គ័ន	ungegn	koăn
គ័ក់	chat	keak
គ័ក់	ungegn	keăk
